,price
2008-01-02,86.47132110595703
2008-01-03,86.58797454833984
2008-01-04,86.90470123291016
2008-01-07,86.92141723632812
2008-01-08,86.72968292236328
2008-01-09,87.07975006103516
2008-01-10,87.02974700927734
2008-01-11,87.06307220458984
2008-01-14,87.30477142333984
2008-01-15,87.49646759033203
2008-01-16,87.77152252197266
2008-01-17,87.81320190429688
2008-01-18,87.92152404785156
2008-01-21,88.26326751708984
2008-01-22,87.77152252197266
2008-01-23,88.4049301147461
2008-01-24,87.72981262207031
2008-01-25,87.87152862548828
2008-01-28,88.06322479248047
2008-01-29,87.821533203125
2008-01-30,87.75482177734375
2008-01-31,88.28825378417969
2008-02-01,88.37158966064453
2008-02-04,88.28825378417969
2008-02-05,88.85501861572266
2008-02-06,88.62162780761719
2008-02-07,88.92166900634766
2008-02-08,88.93000030517578
2008-02-11,89.07169342041016
2008-02-12,88.5132827758789
2008-02-13,88.63829803466797
2008-02-14,88.37993621826172
2008-02-15,87.45480346679688
2008-02-18,87.15474700927734
2008-02-19,87.32977294921875
2008-02-20,87.15474700927734
2008-02-21,87.07975006103516
2008-02-22,87.17144012451172
2008-02-25,86.92141723632812
2008-02-26,86.78799438476562
2008-02-27,86.76302337646484
2008-02-28,87.28811645507812
2008-02-29,87.88819885253906
2008-03-03,87.99652862548828
2008-03-04,88.06322479248047
2008-03-05,87.60485076904297
2008-03-06,87.7381820678711
2008-03-07,87.72151184082031
2008-03-10,88.20489501953125
2008-03-11,87.89646911621094
2008-03-12,88.03819274902344
2008-03-13,88.04654693603516
2008-03-14,88.1632308959961
2008-03-17,88.35494232177734
2008-03-18,87.96318054199219
2008-03-19,87.97154998779297
2008-03-20,87.9548568725586
2008-03-25,87.28811645507812
2008-03-26,87.24644470214844
2008-03-27,87.17974090576172
2008-03-28,87.13807678222656
2008-03-31,87.3547592163086
2008-04-01,87.05473327636719
2008-04-02,86.98805236816406
2008-04-03,87.06307220458984
2008-04-04,87.2547607421875
2008-04-07,86.97139739990234
2008-04-08,86.87969970703125
2008-04-09,86.92971801757812
2008-04-10,87.17144012451172
2008-04-11,87.49646759033203
2008-04-14,87.49646759033203
2008-04-15,87.17974090576172
2008-04-16,86.85470581054688
2008-04-17,86.5546646118164
2008-04-18,86.24626922607422
2008-04-21,86.41294860839844
2008-04-22,86.17961883544922
2008-04-23,86.31295776367188
2008-04-24,86.15460968017578
2008-04-25,86.22126770019531
2008-04-28,86.20459747314453
2008-04-29,86.51299285888672
2008-04-30,86.60466003417969
2008-05-02,86.25460052490234
2008-05-05,86.42964935302734
2008-05-06,86.63797760009766
2008-05-07,86.47966003417969
2008-05-08,86.95470428466797
2008-05-09,87.23809051513672
2008-05-12,87.1047134399414
2008-05-13,86.72968292236328
2008-05-14,86.42131805419922
2008-05-15,85.03775024414062
2008-05-16,85.28780364990234
2008-05-19,85.12110137939453
2008-05-20,85.26282501220703
2008-05-21,84.937744140625
2008-05-22,84.75438690185547
2008-05-23,84.9127197265625
2008-05-26,84.79606628417969
2008-05-27,84.7210464477539
2008-05-28,84.56270599365234
2008-05-29,84.12095642089844
2008-05-30,84.3126449584961
2008-06-02,84.51268005371094
2008-06-03,84.14596557617188
2008-06-04,84.43766784667969
2008-06-05,83.88760375976562
2008-06-06,83.96260070800781
2008-06-09,83.495849609375
2008-06-10,83.39586639404297
2008-06-11,83.3625259399414
2008-06-12,83.10411834716797
2008-06-13,82.77076721191406
2008-06-16,82.77076721191406
2008-06-17,82.89576721191406
2008-06-18,83.00411224365234
2008-06-19,82.72074890136719
2008-06-20,83.02079010009766
2008-06-23,83.15413665771484
2008-06-24,83.17915344238281
2008-06-25,83.13749694824219
2008-06-26,83.54588317871094
2008-06-27,83.61257934570312
2008-06-30,83.09583282470703
2008-07-01,83.11245727539062
2008-07-02,82.94576263427734
2008-07-03,83.39586639404297
2008-07-04,83.78754425048828
2008-07-07,84.12095642089844
2008-07-08,84.16264343261719
2008-07-09,84.212646484375
2008-07-10,84.29595947265625
2008-07-11,84.1876449584961
2008-07-14,84.29595947265625
2008-07-15,84.41268157958984
2008-07-16,84.3126449584961
2008-07-17,84.09595489501953
2008-07-18,83.48754119873047
2008-07-21,83.15413665771484
2008-07-22,83.21248626708984
2008-07-23,83.15413665771484
2008-07-24,83.67922973632812
2008-07-25,83.59588623046875
2008-07-28,83.95427703857422
2008-07-29,84.17095947265625
2008-07-30,84.45435333251953
2008-07-31,84.7043685913086
2008-08-01,84.76272583007812
2008-08-04,84.90440368652344
2008-08-05,85.00443267822266
2008-08-06,85.04609680175781
2008-08-07,85.48785400390625
2008-08-08,85.61283874511719
2008-08-11,85.537841796875
2008-08-12,85.71287536621094
2008-08-13,85.87957000732422
2008-08-14,85.83789825439453
2008-08-15,85.37947845458984
2008-08-18,85.537841796875
2008-08-19,85.52120208740234
2008-08-20,85.59618377685547
2008-08-21,85.38780212402344
2008-08-22,85.15444946289062
2008-08-25,85.62120056152344
2008-08-26,85.67955017089844
2008-08-27,85.33780670166016
2008-08-28,85.28780364990234
2008-08-29,85.3294677734375
2008-09-01,85.58785247802734
2008-09-02,85.4461669921875
2008-09-03,85.57950592041016
2008-09-04,85.896240234375
2008-09-05,86.28792572021484
2008-09-08,85.87123107910156
2008-09-09,86.021240234375
2008-09-10,86.0129165649414
2008-09-11,85.91291809082031
2008-09-12,85.49614715576172
2008-09-15,86.04625701904297
2008-09-16,86.22959899902344
2008-09-17,86.10459899902344
2008-09-18,85.92122650146484
2008-09-19,85.07108306884766
2008-09-22,84.88774871826172
2008-09-23,85.00443267822266
2008-09-24,85.43780517578125
2008-09-25,85.17112731933594
2008-09-26,85.49614715576172
2008-09-29,86.11292266845703
2008-09-30,85.87123107910156
2008-10-01,86.15460968017578
2008-10-02,86.4629898071289
2008-10-03,86.62966918945312
2008-10-06,87.53813171386719
2008-10-07,87.38811492919922
2008-10-08,87.32977294921875
2008-10-09,86.8963623046875
2008-10-10,86.4380111694336
2008-10-13,86.021240234375
2008-10-14,85.95455932617188
2008-10-15,86.17125701904297
2008-10-16,86.60466003417969
2008-10-17,86.77969360351562
2008-10-20,86.85470581054688
2008-10-21,87.07975006103516
2008-10-22,87.72151184082031
2008-10-23,87.57147979736328
2008-10-24,87.77983856201172
2008-10-27,87.7464828491211
2008-10-28,87.71316528320312
2008-10-29,87.3547592163086
2008-10-30,87.37977600097656
2008-10-31,86.62135314941406
2008-11-03,86.92141723632812
2008-11-04,87.11309051513672
2008-11-05,87.53813171386719
2008-11-06,88.03819274902344
2008-11-07,88.34660339355469
2008-11-10,88.49663543701172
2008-11-11,88.5716323852539
2008-11-12,88.72166442871094
2008-11-13,88.60497283935547
2008-11-14,88.93000030517578
2008-11-17,88.11322784423828
2008-11-18,88.17156219482422
2008-11-19,88.62997436523438
2008-11-20,89.23006439208984
2008-11-21,89.0884017944336
2008-11-24,88.80500030517578
2008-11-25,89.01337432861328
2008-11-26,89.34674835205078
2008-11-27,89.16339111328125
2008-11-28,89.18839263916016
2008-12-01,89.54676055908203
2008-12-02,90.00518798828125
2008-12-03,90.16353607177734
2008-12-04,89.6717758178711
2008-12-05,89.86348724365234
2008-12-08,89.0633544921875
2008-12-09,88.72166442871094
2008-12-10,89.07169342041016
2008-12-11,89.08003234863281
2008-12-12,88.47993469238281
2008-12-15,88.80500030517578
2008-12-16,89.1133804321289
2008-12-17,90.09685516357422
2008-12-18,90.02183532714844
2008-12-19,89.98018646240234
2008-12-22,90.33856201171875
2008-12-23,90.41355895996094
2008-12-29,90.63859558105469
2008-12-30,90.38023376464844
2009-01-02,90.60527801513672
2009-01-05,90.5719223022461
2009-01-06,90.43024444580078
2009-01-07,89.996826171875
2009-01-08,90.2635498046875
2009-01-09,90.55524444580078
2009-01-12,90.48857116699219
2009-01-13,90.4802474975586
2009-01-14,90.56356811523438
2009-01-15,90.66361236572266
2009-01-16,90.66361236572266
2009-01-19,90.34686279296875
2009-01-20,89.84681701660156
2009-01-21,89.74684143066406
2009-01-22,89.32171630859375
2009-01-23,89.45509338378906
2009-01-26,88.25491333007812
2009-01-27,88.57998657226562
2009-01-28,89.04670715332031
2009-01-29,89.04670715332031
2009-01-30,89.28008270263672
2009-02-02,89.66345977783203
2009-02-03,89.57177734375
2009-02-04,89.45509338378906
2009-02-05,89.45509338378906
2009-02-06,89.6717758178711
2009-02-09,89.6717758178711
2009-02-10,89.89683532714844
2009-02-11,90.43024444580078
2009-02-12,90.5719223022461
2009-02-13,90.28855895996094
2009-02-16,89.91350555419922
2009-02-17,90.00518798828125
2009-02-18,90.10517883300781
2009-02-19,89.78849029541016
2009-02-20,89.78849029541016
2009-02-23,90.33856201171875
2009-02-24,90.58025360107422
2009-02-25,90.52194213867188
2009-02-26,90.05519104003906
2009-02-27,90.04685974121094
2009-03-02,89.9384994506836
2009-03-03,90.05519104003906
2009-03-04,89.86348724365234
2009-03-05,90.51358032226562
2009-03-06,90.9052963256836
2009-03-09,90.6469497680664
2009-03-10,90.34686279296875
2009-03-11,89.98018646240234
2009-03-12,90.40523529052734
2009-03-13,90.40523529052734
2009-03-16,90.01349639892578
2009-03-17,89.79679870605469
2009-03-18,89.77180480957031
2009-03-19,90.28855895996094
2009-03-20,90.9052963256836
2009-03-23,90.98033905029297
2009-03-24,90.27189636230469
2009-03-25,90.27189636230469
2009-03-26,90.28021240234375
2009-03-27,90.28021240234375
2009-03-30,90.97196960449219
2009-03-31,91.09703826904297
2009-04-01,91.2303695678711
2009-04-02,90.84696960449219
2009-04-03,90.43024444580078
2009-04-06,90.43024444580078
2009-04-07,90.48857116699219
2009-04-08,90.43024444580078
2009-04-09,90.27189636230469
2009-04-14,90.60527801513672
2009-04-15,90.98033905029297
2009-04-16,90.98033905029297
2009-04-17,90.58860778808594
2009-04-20,90.58860778808594
2009-04-21,91.3136978149414
2009-04-22,91.06364440917969
2009-04-23,90.87196350097656
2009-04-24,90.87196350097656
2009-04-27,91.33037567138672
2009-04-28,91.48038482666016
2009-04-29,91.09703826904297
2009-04-30,91.24703216552734
2009-05-04,91.22200012207031
2009-05-05,91.58039855957031
2009-05-06,91.45538330078125
2009-05-07,90.96363830566406
2009-05-08,90.92196655273438
2009-05-11,91.17200469970703
2009-05-12,91.01363372802734
2009-05-13,91.33869171142578
2009-05-14,91.29705810546875
2009-05-15,90.31352233886719
2009-05-18,90.03851318359375
2009-05-19,89.85514831542969
2009-05-20,89.76348114013672
2009-05-21,89.996826171875
2009-05-22,89.996826171875
2009-05-25,89.16339111328125
2009-05-26,89.30506896972656
2009-05-27,88.98001098632812
2009-05-28,88.93832397460938
2009-05-29,89.08003234863281
2009-06-01,88.82166290283203
2009-06-02,89.1300277709961
2009-06-03,89.13837432861328
2009-06-04,88.56331634521484
2009-06-05,88.65496826171875
2009-06-08,88.30490112304688
2009-06-09,88.47993469238281
2009-06-10,88.47993469238281
2009-06-11,88.53828430175781
2009-06-12,88.77165222167969
2009-06-15,88.77165222167969
2009-06-16,89.18839263916016
2009-06-17,89.25507354736328
2009-06-18,89.19671630859375
2009-06-19,89.2467269897461
2009-06-22,89.72180938720703
2009-06-23,89.62177276611328
2009-06-24,89.6717758178711
2009-06-25,89.88016510009766
2009-06-26,90.24686431884766
2009-06-29,90.30523681640625
2009-06-30,90.13020324707031
2009-07-01,90.39688110351562
2009-07-02,90.29689025878906
2009-07-03,90.721923828125
2009-07-06,90.92196655273438
2009-07-07,90.81363677978516
2009-07-08,90.9052963256836
2009-07-09,90.66361236572266
2009-07-10,90.78861999511719
2009-07-13,90.84696960449219
2009-07-14,90.63859558105469
2009-07-15,90.61360168457031
2009-07-16,90.52194213867188
2009-07-17,90.58025360107422
2009-07-20,90.73028564453125
2009-07-21,90.6802978515625
2009-07-22,90.92196655273438
2009-07-23,90.81363677978516
2009-07-24,90.81363677978516
2009-07-27,90.63859558105469
2009-07-28,90.97196960449219
2009-07-29,90.99700927734375
2009-07-30,90.96363830566406
2009-07-31,91.13033294677734
2009-08-03,91.322021484375
2009-08-04,91.3136978149414
2009-08-05,91.14703369140625
2009-08-06,91.20536041259766
2009-08-07,90.81363677978516
2009-08-10,90.97196960449219
2009-08-11,91.15536499023438
2009-08-12,90.93864440917969
2009-08-13,90.91362762451172
2009-08-14,91.24703216552734
2009-08-17,90.95530700683594
2009-08-18,90.7636489868164
2009-08-19,90.96363830566406
2009-08-20,90.88028717041016
2009-08-21,91.13867950439453
2009-08-24,90.98866271972656
2009-08-25,91.27203369140625
2009-08-26,91.27203369140625
2009-08-27,91.42203521728516
2009-08-28,91.38040161132812
2009-08-31,91.34705352783203
2009-09-01,91.04700469970703
2009-09-02,91.2553482055664
2009-09-03,91.12203216552734
2009-09-04,91.07199096679688
2009-09-07,91.07199096679688
2009-09-08,91.02201080322266
2009-09-09,90.97196960449219
2009-09-10,91.18036651611328
2009-09-11,91.71376037597656
2009-09-14,91.48038482666016
2009-09-15,91.38040161132812
2009-09-16,91.28038787841797
2009-09-17,91.28038787841797
2009-09-18,91.1053466796875
2009-09-21,91.14703369140625
2009-09-22,90.8969955444336
2009-09-23,91.16368865966797
2009-09-24,91.35535430908203
2009-09-25,91.64708709716797
2009-09-28,91.88880157470703
2009-09-29,91.88880157470703
2009-09-30,91.61373901367188
2009-10-01,91.5053939819336
2009-10-02,91.90543365478516
2009-10-05,92.18047332763672
2009-10-06,91.922119140625
2009-10-07,92.13883972167969
2009-10-08,92.19717407226562
2009-10-09,92.20550537109375
2009-10-12,92.01383209228516
2009-10-13,92.01383209228516
2009-10-14,91.91380310058594
2009-10-15,91.61373901367188
2009-10-16,91.54708099365234
2009-10-19,91.45538330078125
2009-10-20,91.87210845947266
2009-10-21,91.58039855957031
2009-10-22,91.69709014892578
2009-10-23,91.47203826904297
2009-10-26,91.54708099365234
2009-10-27,91.91380310058594
2009-10-28,92.03882598876953
2009-10-29,91.60540771484375
2009-10-30,92.04715728759766
2009-11-02,92.05550384521484
2009-11-03,91.922119140625
2009-11-04,91.7721176147461
2009-11-05,91.65541076660156
2009-11-06,91.65541076660156
2009-11-09,91.88880157470703
2009-11-10,92.08048248291016
2009-11-11,92.10549926757812
2009-11-12,92.03882598876953
2009-11-13,91.85546112060547
2009-11-16,91.17200469970703
2009-11-17,91.44705200195312
2009-11-18,91.38870239257812
2009-11-19,91.29705810546875
2009-11-20,91.23871612548828
2009-11-23,91.17200469970703
2009-11-24,91.33037567138672
2009-11-25,91.26370239257812
2009-11-26,91.48873901367188
2009-11-27,91.52205657958984
2009-11-30,91.64708709716797
2009-12-01,91.78045654296875
2009-12-02,91.73873901367188
2009-12-03,91.6720962524414
2009-12-04,91.40538787841797
2009-12-07,91.58875274658203
2009-12-08,91.53875732421875
2009-12-09,91.29705810546875
2009-12-10,91.16368865966797
2009-12-11,91.30533599853516
2009-12-14,91.322021484375
2009-12-15,90.99700927734375
2009-12-16,91.40538787841797
2009-12-17,91.51372528076172
2009-12-18,91.38870239257812
2009-12-21,90.99700927734375
2009-12-22,91.04700469970703
2009-12-23,90.86365509033203
2009-12-28,90.7636489868164
2009-12-29,90.75531005859375
2009-12-30,90.71360778808594
2010-01-04,90.6802978515625
2010-01-05,90.79698181152344
2010-01-06,90.69694519042969
2010-01-07,90.86365509033203
2010-01-08,90.93864440917969
2010-01-11,91.1053466796875
2010-01-12,91.11366271972656
2010-01-13,90.99700927734375
2010-01-14,90.86365509033203
2010-01-15,91.01363372802734
2010-01-18,91.04700469970703
2010-01-19,90.93031311035156
2010-01-20,90.87196350097656
2010-01-21,90.97196960449219
2010-01-22,90.78031158447266
2010-01-25,90.99700927734375
2010-01-26,91.05534362792969
2010-01-27,90.73860931396484
2010-01-28,90.36357116699219
2010-01-29,90.48857116699219
2010-02-01,90.75531005859375
2010-02-02,90.6802978515625
2010-02-03,90.60527801513672
2010-02-04,90.69694519042969
2010-02-05,90.86365509033203
2010-02-08,90.66361236572266
2010-02-09,90.9052963256836
2010-02-10,91.2303695678711
2010-02-11,91.28038787841797
2010-02-12,91.37206268310547
2010-02-15,90.63859558105469
2010-02-16,90.54691314697266
2010-02-17,90.69694519042969
2010-02-18,90.43024444580078
2010-02-19,90.41355895996094
2010-02-22,90.5302734375
2010-02-23,90.87196350097656
2010-02-24,90.92196655273438
2010-02-25,90.85529327392578
2010-02-26,90.95530700683594
2010-03-01,91.14703369140625
2010-03-02,91.12203216552734
2010-03-03,91.14703369140625
2010-03-04,91.2886962890625
2010-03-05,91.27203369140625
2010-03-08,91.21368408203125
2010-03-09,91.2553482055664
2010-03-10,91.27203369140625
2010-03-11,91.12203216552734
2010-03-12,91.21368408203125
2010-03-15,91.24703216552734
2010-03-16,91.38870239257812
2010-03-17,91.55540466308594
2010-03-18,91.37206268310547
2010-03-19,91.35535430908203
2010-03-22,91.45538330078125
2010-03-23,91.58875274658203
2010-03-24,91.52205657958984
2010-03-25,91.42203521728516
2010-03-26,91.43875885009766
2010-03-29,91.48038482666016
2010-03-30,91.51372528076172
2010-03-31,91.54708099365234
2010-04-01,91.61373901367188
2010-04-06,91.08866119384766
2010-04-07,91.18868255615234
2010-04-08,91.18036651611328
2010-04-09,91.09703826904297
2010-04-12,91.28038787841797
2010-04-13,91.2886962890625
2010-04-14,91.21368408203125
2010-04-15,91.30533599853516
2010-04-16,91.40538787841797
2010-04-19,91.27203369140625
2010-04-20,91.18036651611328
2010-04-21,91.18036651611328
2010-04-22,90.75531005859375
2010-04-23,90.721923828125
2010-04-26,90.30523681640625
2010-04-27,90.34686279296875
2010-04-28,89.18006134033203
2010-04-29,90.32188415527344
2010-04-30,90.5302734375
2010-05-03,90.70528411865234
2010-05-04,90.68862915039062
2010-05-05,90.35525512695312
2010-05-06,89.92181396484375
2010-05-07,89.43010711669922
2010-05-10,91.38040161132812
2010-05-11,91.44705200195312
2010-05-12,91.65541076660156
2010-05-13,91.85546112060547
2010-05-14,91.93045806884766
2010-05-17,90.5052719116211
2010-05-18,90.67192840576172
2010-05-19,90.96363830566406
2010-05-20,90.87196350097656
2010-05-21,90.88028717041016
2010-05-24,90.96363830566406
2010-05-25,91.09703826904297
2010-05-26,90.74695587158203
2010-05-27,90.4385757446289
2010-05-28,90.60527801513672
2010-05-31,90.56356811523438
2010-06-01,90.23853302001953
2010-06-02,90.09685516357422
2010-06-03,90.05519104003906
2010-06-04,90.13853454589844
2010-06-07,89.871826171875
2010-06-08,89.871826171875
2010-06-09,90.113525390625
2010-06-10,90.25521087646484
2010-06-11,90.45523834228516
2010-06-14,90.01349639892578
2010-06-15,89.75513458251953
2010-06-16,89.49677276611328
2010-06-17,89.73015594482422
2010-06-18,89.78849029541016
2010-06-21,89.85514831542969
2010-06-22,89.83013916015625
2010-06-23,89.69681549072266
2010-06-24,89.89683532714844
2010-06-25,89.78013610839844
2010-06-28,89.63011932373047
2010-06-29,89.72180938720703
2010-06-30,89.74684143066406
2010-07-01,89.8384780883789
2010-07-02,89.93016052246094
2010-07-05,90.04685974121094
2010-07-06,89.88016510009766
2010-07-07,89.71343994140625
2010-07-08,89.8384780883789
2010-07-09,89.92181396484375
2010-07-12,90.1468505859375
2010-07-13,89.98018646240234
2010-07-14,89.75513458251953
2010-07-15,89.84681701660156
2010-07-16,90.23853302001953
2010-07-19,90.18022155761719
2010-07-20,90.33856201171875
2010-07-21,90.43024444580078
2010-07-22,90.2635498046875
2010-07-23,90.23853302001953
2010-07-26,90.19686126708984
2010-07-27,90.30523681640625
2010-07-28,90.42191314697266
2010-07-29,90.51358032226562
2010-07-30,90.61360168457031
2010-08-02,90.58860778808594
2010-08-03,90.91362762451172
2010-08-04,91.04700469970703
2010-08-05,91.27203369140625
2010-08-06,91.5053939819336
2010-08-09,91.49705505371094
2010-08-10,91.29705810546875
2010-08-11,91.65541076660156
2010-08-12,91.62206268310547
2010-08-13,91.55540466308594
2010-08-16,91.3136978149414
2010-08-17,91.3136978149414
2010-08-18,91.65541076660156
2010-08-19,91.72212219238281
2010-08-20,91.84711456298828
2010-08-23,91.7721176147461
2010-08-24,92.01383209228516
2010-08-25,92.09716033935547
2010-08-26,92.06382751464844
2010-08-27,91.80545043945312
2010-08-30,92.05550384521484
2010-08-31,92.07215881347656
2010-09-01,91.83879089355469
2010-09-02,91.71376037597656
2010-09-03,91.4637222290039
2010-09-06,91.36370849609375
2010-09-07,91.6720962524414
2010-09-08,91.58875274658203
2010-09-09,91.38870239257812
2010-09-10,91.06364440917969
2010-09-13,90.91362762451172
2010-09-14,91.08035278320312
2010-09-15,90.94699096679688
2010-09-16,90.55524444580078
2010-09-17,90.7636489868164
2010-09-20,90.4969253540039
2010-09-21,90.6802978515625
2010-09-22,90.6802978515625
2010-09-23,91.322021484375
2010-09-24,91.05534362792969
2010-09-27,91.39704132080078
2010-09-28,91.36370849609375
2010-09-29,91.3136978149414
2010-09-30,91.33869171142578
2010-10-01,91.36370849609375
2010-10-04,91.54708099365234
2010-10-05,91.43038177490234
2010-10-06,91.84711456298828
2010-10-07,91.62206268310547
2010-10-08,91.86376953125
2010-10-11,91.85546112060547
2010-10-12,91.94712829589844
2010-10-13,91.7721176147461
2010-10-14,91.78874969482422
2010-10-15,91.54708099365234
2010-10-18,91.51372528076172
2010-10-19,91.33037567138672
2010-10-20,91.19705200195312
2010-10-21,90.87196350097656
2010-10-22,90.92196655273438
2010-10-25,91.17200469970703
2010-10-26,90.98866271972656
2010-10-27,90.6302719116211
2010-10-28,90.62194061279297
2010-10-29,90.78031158447266
2010-11-01,90.80530548095703
2010-11-02,90.721923828125
2010-11-03,90.96363830566406
2010-11-04,91.09703826904297
2010-11-05,90.838623046875
2010-11-08,90.78861999511719
2010-11-09,90.73028564453125
2010-11-10,90.4385757446289
2010-11-11,90.32188415527344
2010-11-12,90.22187042236328
2010-11-15,89.2967300415039
2010-11-16,88.88832092285156
2010-11-17,89.01337432861328
2010-11-18,88.44660949707031
2010-11-19,88.5549545288086
2010-11-22,88.77165222167969
2010-11-23,88.84666442871094
2010-11-24,88.27159118652344
2010-11-25,87.94654846191406
2010-11-26,87.99652862548828
2010-11-29,87.29641723632812
2010-11-30,87.4381332397461
2010-12-01,87.55480194091797
2010-12-02,87.821533203125
2010-12-03,87.81320190429688
2010-12-06,87.76314544677734
2010-12-07,87.41310119628906
2010-12-08,87.11309051513672
2010-12-09,87.30477142333984
2010-12-10,87.1630859375
2010-12-13,87.05473327636719
2010-12-14,86.77134704589844
2010-12-15,86.9130630493164
2010-12-16,86.7380142211914
2010-12-17,86.87139129638672
2010-12-20,87.11309051513672
2010-12-21,87.00471496582031
2010-12-22,87.18807983398438
2010-12-23,87.13807678222656
2010-12-27,86.97139739990234
2010-12-28,87.07975006103516
2010-12-29,86.87139129638672
2010-12-30,87.08808135986328
2011-01-03,87.41310119628906
2011-01-04,87.64646911621094
2011-01-05,87.396484375
2011-01-06,87.2297592163086
2011-01-07,87.32977294921875
2011-01-10,87.1630859375
2011-01-11,87.14640045166016
2011-01-12,86.98805236816406
2011-01-13,87.22144317626953
2011-01-14,87.1630859375
2011-01-17,87.05473327636719
2011-01-18,86.74633026123047
2011-01-19,87.03807830810547
2011-01-20,86.90470123291016
2011-01-21,87.01304626464844
2011-01-24,87.19640350341797
2011-01-25,87.06307220458984
2011-01-26,86.7130126953125
2011-01-27,86.58797454833984
2011-01-28,86.7380142211914
2011-01-31,86.87139129638672
2011-02-01,87.00471496582031
2011-02-02,87.2131118774414
2011-02-03,87.27142333984375
2011-02-04,87.08808135986328
2011-02-07,86.99637603759766
2011-02-08,86.8297119140625
2011-02-09,86.68800354003906
2011-02-10,86.68800354003906
2011-02-11,86.72136688232422
2011-02-14,86.59635162353516
2011-02-15,85.896240234375
2011-02-16,86.22959899902344
2011-02-17,86.37128448486328
2011-02-18,86.18792724609375
2011-02-21,86.32128143310547
2011-02-22,86.40461730957031
2011-02-23,86.37963104248047
2011-02-24,86.37128448486328
2011-02-25,86.32128143310547
2011-02-28,86.27129364013672
2011-03-01,86.30462646484375
2011-03-02,86.30462646484375
2011-03-03,86.13792419433594
2011-03-04,85.83789825439453
2011-03-07,85.85455322265625
2011-03-08,85.67955017089844
2011-03-09,85.67118835449219
2011-03-10,85.82122039794922
2011-03-11,86.37128448486328
2011-03-14,86.47132110595703
2011-03-15,86.8963623046875
2011-03-16,87.12974548339844
2011-03-17,86.7380142211914
2011-03-18,86.81303405761719
2011-03-21,86.62966918945312
2011-03-22,86.51299285888672
2011-03-23,86.53800201416016
2011-03-24,86.51299285888672
2011-03-25,86.48796844482422
2011-03-28,86.35464477539062
2011-03-29,86.21294403076172
2011-03-30,86.24626922607422
2011-03-31,86.0129165649414
2011-04-01,85.96293640136719
2011-04-04,86.12127685546875
2011-04-05,86.04625701904297
2011-04-06,86.05457305908203
2011-04-07,86.15460968017578
2011-04-08,85.85455322265625
2011-04-11,85.93790435791016
2011-04-12,86.17961883544922
2011-04-13,86.11292266845703
2011-04-14,86.0129165649414
2011-04-15,86.02960205078125
2011-04-18,86.23793029785156
2011-04-19,86.30462646484375
2011-04-20,86.22959899902344
2011-04-21,86.26295471191406
2011-04-26,86.26295471191406
2011-04-27,86.11292266845703
2011-04-28,86.45463562011719
2011-04-29,86.56298065185547
2011-05-02,86.62966918945312
2011-05-03,86.5296630859375
2011-05-04,86.50464630126953
2011-05-05,86.22126770019531
2011-05-06,86.9130630493164
2011-05-09,87.04640197753906
2011-05-10,87.07975006103516
2011-05-11,87.06307220458984
2011-05-12,87.2297592163086
2011-05-13,87.29641723632812
2011-05-16,86.25460052490234
2011-05-17,86.27962493896484
2011-05-18,86.22126770019531
2011-05-19,86.07123565673828
2011-05-20,86.12127685546875
2011-05-23,86.22126770019531
2011-05-24,86.12127685546875
2011-05-25,86.42131805419922
2011-05-26,86.67967987060547
2011-05-27,86.58797454833984
2011-05-30,86.50464630126953
2011-05-31,86.47132110595703
2011-06-01,86.70465850830078
2011-06-02,86.7380142211914
2011-06-03,86.82135772705078
2011-06-06,86.76302337646484
2011-06-07,86.44630432128906
2011-06-08,86.47132110595703
2011-06-09,86.51299285888672
2011-06-10,86.72136688232422
2011-06-13,86.7380142211914
2011-06-14,86.63797760009766
2011-06-15,86.6463394165039
2011-06-16,86.62966918945312
2011-06-17,86.60466003417969
2011-06-20,86.57965850830078
2011-06-21,86.63797760009766
2011-06-22,86.70465850830078
2011-06-23,86.82135772705078
2011-06-24,86.70465850830078
2011-06-27,86.49630737304688
2011-06-28,86.49630737304688
2011-06-29,86.45463562011719
2011-06-30,86.60466003417969
2011-07-01,86.62966918945312
2011-07-04,86.60466003417969
2011-07-05,86.52131652832031
2011-07-06,86.4380111694336
2011-07-07,86.35464477539062
2011-07-08,86.49630737304688
2011-07-11,85.97956848144531
2011-07-12,86.09624481201172
2011-07-13,86.07123565673828
2011-07-14,86.04625701904297
2011-07-15,85.95455932617188
2011-07-18,85.56285858154297
2011-07-19,85.94625091552734
2011-07-20,86.03791046142578
2011-07-21,86.29629516601562
2011-07-22,86.42131805419922
2011-07-25,85.97122192382812
2011-07-26,86.12959289550781
2011-07-27,86.28792572021484
2011-07-28,86.15460968017578
2011-07-29,86.27962493896484
2011-08-01,86.32128143310547
2011-08-02,86.17125701904297
2011-08-03,86.20459747314453
2011-08-04,86.37963104248047
2011-08-05,86.5546646118164
2011-08-08,87.42977905273438
2011-08-09,88.38829803466797
2011-08-10,88.38829803466797
2011-08-11,89.0300064086914
2011-08-12,89.00503540039062
2011-08-15,88.5466079711914
2011-08-16,88.60497283935547
2011-08-17,89.01337432861328
2011-08-18,89.31343841552734
2011-08-19,89.33840942382812
2011-08-22,89.2967300415039
2011-08-23,89.15503692626953
2011-08-24,88.9967041015625
2011-08-25,89.04670715332031
2011-08-26,89.1300277709961
2011-08-29,88.90501403808594
2011-08-30,89.13837432861328
2011-08-31,88.85501861572266
2011-09-01,89.03836822509766
2011-09-02,89.26339721679688
2011-09-05,89.20504760742188
2011-09-06,89.2383804321289
2011-09-07,89.69681549072266
2011-09-08,89.65514373779297
2011-09-09,89.86348724365234
2011-09-12,89.43841552734375
2011-09-13,89.04670715332031
2011-09-14,88.85501861572266
2011-09-15,88.70500946044922
2011-09-16,89.2383804321289
2011-09-19,89.18006134033203
2011-09-20,89.08003234863281
2011-09-21,88.9967041015625
2011-09-22,88.97166442871094
2011-09-23,89.4467544555664
2011-09-26,89.31343841552734
2011-09-27,89.10503387451172
2011-09-28,88.89665222167969
2011-09-29,89.0300064086914
2011-09-30,89.35509490966797
2011-10-04,89.81349182128906
2011-10-05,89.38842010498047
2011-10-06,89.2717056274414
2011-10-07,89.16339111328125
2011-10-10,88.76329803466797
2011-10-11,88.62162780761719
2011-10-12,88.14655303955078
2011-10-13,88.15489196777344
2011-10-14,87.71316528320312
2011-10-17,87.93821716308594
2011-10-18,87.9131851196289
2011-10-19,87.59648895263672
2011-10-20,87.6131362915039
2011-10-21,87.49646759033203
2011-10-24,87.27973937988281
2011-10-25,87.1630859375
2011-10-26,87.96318054199219
2011-10-27,88.31326293945312
2011-10-28,87.3547592163086
2011-10-31,87.67981719970703
2011-11-01,88.1632308959961
2011-11-02,88.07987976074219
2011-11-03,87.94654846191406
2011-11-04,87.85482788085938
2011-11-07,87.52977752685547
2011-11-08,87.4381332397461
2011-11-09,86.45463562011719
2011-11-10,86.82135772705078
2011-11-11,87.06307220458984
2011-11-14,86.85470581054688
2011-11-15,85.06275939941406
2011-11-16,84.937744140625
2011-11-17,84.97940063476562
2011-11-18,85.38780212402344
2011-11-21,85.25447845458984
2011-11-22,84.92942810058594
2011-11-23,84.07927703857422
2011-11-24,83.72089385986328
2011-11-25,83.33750915527344
2011-11-28,83.729248046875
2011-11-29,83.9126205444336
2011-11-30,84.67107391357422
2011-12-01,85.9878921508789
2011-12-02,86.12959289550781
2011-12-05,87.50480651855469
2011-12-06,87.42144775390625
2011-12-07,87.17144012451172
2011-12-08,86.29629516601562
2011-12-09,86.36296844482422
2011-12-12,86.5296630859375
2011-12-13,86.54631805419922
2011-12-14,86.6463394165039
2011-12-15,87.3547592163086
2011-12-16,87.68815612792969
2011-12-19,87.85482788085938
2011-12-20,88.06322479248047
2011-12-21,87.70486450195312
2011-12-22,87.50480651855469
2011-12-23,87.64646911621094
2011-12-27,87.71316528320312
2011-12-28,88.00485229492188
2011-12-29,88.02156829833984
2011-12-30,88.04654693603516
2012-01-02,88.04654693603516
2012-01-03,87.8465347290039
2012-01-04,87.57147979736328
2012-01-05,87.2547607421875
2012-01-06,87.01304626464844
2012-01-09,87.28811645507812
2012-01-10,87.3547592163086
2012-01-11,87.87984466552734
2012-01-12,88.7300033569336
2012-01-13,88.6716537475586
2012-01-16,88.87165832519531
2012-01-17,88.90501403808594
2012-01-18,88.93000030517578
2012-01-19,88.86334228515625
2012-01-20,88.93000030517578
2012-01-23,89.12171936035156
2012-01-24,89.03836822509766
2012-01-25,89.18839263916016
2012-01-26,89.77180480957031
2012-01-27,90.23018646240234
2012-01-30,90.07180786132812
2012-01-31,90.28021240234375
2012-02-01,90.77195739746094
2012-02-02,90.92196655273438
2012-02-03,90.5969467163086
2012-02-06,90.78031158447266
2012-02-07,90.5969467163086
2012-02-08,90.5385971069336
2012-02-09,90.5969467163086
2012-02-10,90.4969253540039
2012-02-13,90.5302734375
2012-02-14,90.48857116699219
2012-02-15,89.48008728027344
2012-02-16,89.52177429199219
2012-02-17,89.63847351074219
2012-02-20,89.80513000488281
2012-02-21,89.91350555419922
2012-02-22,90.12183380126953
2012-02-23,90.08019256591797
2012-02-24,90.16353607177734
2012-02-27,90.35525512695312
2012-02-28,90.4969253540039
2012-02-29,90.87196350097656
2012-03-01,91.33037567138672
2012-03-02,91.51372528076172
2012-03-05,91.30533599853516
2012-03-06,90.98033905029297
2012-03-07,91.18036651611328
2012-03-08,91.43038177490234
2012-03-09,91.39704132080078
2012-03-12,91.322021484375
2012-03-13,91.19705200195312
2012-03-14,90.9052963256836
2012-03-15,90.8302993774414
2012-03-16,90.60527801513672
2012-03-19,90.73860931396484
2012-03-20,90.6302719116211
2012-03-21,90.46356964111328
2012-03-22,90.30523681640625
2012-03-23,90.5969467163086
2012-03-26,90.5719223022461
2012-03-27,90.5052719116211
2012-03-28,90.6802978515625
2012-03-29,90.38858032226562
2012-03-30,90.70528411865234
2012-04-02,90.77195739746094
2012-04-03,90.67192840576172
2012-04-04,90.1551742553711
2012-04-05,90.03851318359375
2012-04-10,89.68846893310547
2012-04-11,89.92181396484375
2012-04-12,90.16353607177734
2012-04-13,89.9384994506836
2012-04-16,89.69681549072266
2012-04-17,89.988525390625
2012-04-18,90.05519104003906
2012-04-19,89.78849029541016
2012-04-20,89.66345977783203
2012-04-23,89.47175598144531
2012-04-24,89.8218002319336
2012-04-25,89.94680786132812
2012-04-26,90.0885238647461
2012-04-27,89.9635009765625
2012-04-30,90.29689025878906
2012-05-02,90.29689025878906
2012-05-03,90.471923828125
2012-05-04,90.70528411865234
2012-05-07,90.77195739746094
2012-05-08,90.82198333740234
2012-05-09,90.31352233886719
2012-05-10,90.62194061279297
2012-05-11,90.62194061279297
2012-05-14,90.2635498046875
2012-05-15,88.94669342041016
2012-05-16,89.02168273925781
2012-05-17,89.0300064086914
2012-05-18,89.17170715332031
2012-05-21,89.16339111328125
2012-05-22,89.48847198486328
2012-05-23,89.48847198486328
2012-05-24,89.8384780883789
2012-05-25,89.65514373779297
2012-05-28,89.43010711669922
2012-05-29,89.39677429199219
2012-05-30,89.1133804321289
2012-05-31,89.48008728027344
2012-06-01,89.9635009765625
2012-06-04,90.16353607177734
2012-06-05,90.18851470947266
2012-06-06,89.996826171875
2012-06-07,89.98018646240234
2012-06-08,89.88016510009766
2012-06-11,89.2967300415039
2012-06-12,88.61331939697266
2012-06-13,88.30490112304688
2012-06-14,88.28825378417969
2012-06-15,88.89665222167969
2012-06-18,88.47993469238281
2012-06-19,88.45494079589844
2012-06-20,88.82166290283203
2012-06-21,89.23006439208984
2012-06-22,89.28839111328125
2012-06-25,89.01337432861328
2012-06-26,88.47162628173828
2012-06-27,88.28825378417969
2012-06-28,88.38829803466797
2012-06-29,89.48008728027344
2012-07-02,89.76348114013672
2012-07-03,90.09685516357422
2012-07-04,90.04685974121094
2012-07-05,89.63847351074219
2012-07-06,89.71343994140625
2012-07-09,89.47175598144531
2012-07-10,89.871826171875
2012-07-11,90.38858032226562
2012-07-12,90.34686279296875
2012-07-13,90.28855895996094
2012-07-16,90.19686126708984
2012-07-17,90.37190246582031
2012-07-18,90.23853302001953
2012-07-19,90.28021240234375
2012-07-20,89.90518188476562
2012-07-23,89.1133804321289
2012-07-24,88.38829803466797
2012-07-25,88.7300033569336
2012-07-26,89.65514373779297
2012-07-27,89.91350555419922
2012-07-30,90.10517883300781
2012-07-31,90.1551742553711
2012-08-01,90.35525512695312
2012-08-02,89.97183990478516
2012-08-03,90.40523529052734
2012-08-06,90.80530548095703
2012-08-07,90.51358032226562
2012-08-08,90.66361236572266
2012-08-09,90.67192840576172
2012-08-10,90.63859558105469
2012-08-13,90.62194061279297
2012-08-14,90.55524444580078
2012-08-15,89.86348724365234
2012-08-16,89.93016052246094
2012-08-17,90.12183380126953
2012-08-20,90.38858032226562
2012-08-21,90.46356964111328
2012-08-22,90.56356811523438
2012-08-23,90.58025360107422
2012-08-24,90.51358032226562
2012-08-27,90.5969467163086
2012-08-28,90.4969253540039
2012-08-29,90.4385757446289
2012-08-30,90.4385757446289
2012-08-31,90.25521087646484
2012-09-03,90.23853302001953
2012-09-04,90.71360778808594
2012-09-05,90.91362762451172
2012-09-06,91.21368408203125
2012-09-07,91.89713287353516
2012-09-10,91.59709167480469
2012-09-11,91.82211303710938
2012-09-12,91.91380310058594
2012-09-13,91.98880004882812
2012-09-14,91.51372528076172
2012-09-17,91.2886962890625
2012-09-18,91.5053939819336
2012-09-19,91.86376953125
2012-09-20,91.83043670654297
2012-09-21,91.7721176147461
2012-09-24,91.93881225585938
2012-09-25,91.74708557128906
2012-09-26,91.6887435913086
2012-09-27,91.89713287353516
2012-09-28,91.98046112060547
2012-10-01,92.00548553466797
2012-10-02,92.22216033935547
2012-10-04,92.1555404663086
2012-10-05,92.33887481689453
2012-10-08,92.35552215576172
2012-10-09,92.23049926757812
2012-10-10,92.23049926757812
2012-10-11,92.42218017578125
2012-10-12,92.73059844970703
2012-10-15,92.58055877685547
2012-10-16,92.4888916015625
2012-10-17,92.81393432617188
2012-10-18,92.8639144897461
2012-10-19,92.88894653320312
2012-10-22,92.7389144897461
2012-10-23,92.62224578857422
2012-10-24,92.68058013916016
2012-10-25,92.61390686035156
2012-10-26,92.67224884033203
2012-10-29,92.6389389038086
2012-10-30,92.65553283691406
2012-10-31,92.78059387207031
2012-11-01,92.91393280029297
2012-11-02,92.88060760498047
2012-11-05,92.80558013916016
2012-11-06,93.0306167602539
2012-11-07,93.13896942138672
2012-11-08,92.98894500732422
2012-11-09,93.13065338134766
2012-11-12,93.04730224609375
2012-11-13,93.20564270019531
2012-11-14,93.13065338134766
2012-11-15,92.4888916015625
2012-11-16,92.57225036621094
2012-11-19,92.45558166503906
2012-11-20,92.51383972167969
2012-11-21,92.41386413574219
2012-11-22,92.55558013916016
2012-11-23,92.66392517089844
2012-11-26,92.73059844970703
2012-11-27,92.83894348144531
2012-11-28,93.39739227294922
2012-11-29,93.37232971191406
2012-11-30,93.39739227294922
2012-12-03,93.4473876953125
2012-12-04,93.53902435302734
2012-12-05,93.64739990234375
2012-12-06,93.54739379882812
2012-12-07,93.68070220947266
2012-12-10,93.19731140136719
2012-12-11,93.37232971191406
2012-12-12,93.53070831298828
2012-12-13,93.49738311767578
2012-12-14,93.55571746826172
2012-12-17,93.54739379882812
2012-12-18,93.65572357177734
2012-12-19,93.83077239990234
2012-12-20,93.9057388305664
2012-12-21,93.91409301757812
2012-12-27,93.98077392578125
2012-12-28,93.97240447998047
2013-01-02,94.08910369873047
2013-01-03,93.98077392578125
2013-01-04,93.78907775878906
2013-01-07,93.73072052001953
2013-01-08,93.8224105834961
2013-01-09,93.91409301757812
2013-01-10,94.03911590576172
2013-01-11,94.04747009277344
2013-01-14,93.96411895751953
2013-01-15,94.0557632446289
2013-01-16,94.08910369873047
2013-01-17,93.88074493408203
2013-01-18,94.07246398925781
2013-01-21,93.8224105834961
2013-01-22,93.95575714111328
2013-01-23,94.1224594116211
2013-01-24,94.09744262695312
2013-01-25,93.9057388305664
2013-01-28,93.56402587890625
2013-01-29,93.71406555175781
2013-01-30,93.39739227294922
2013-01-31,93.56402587890625
2013-02-01,93.61402893066406
2013-02-04,93.38066101074219
2013-02-05,93.37232971191406
2013-02-06,93.28900909423828
2013-02-07,93.45568084716797
2013-02-08,93.53070831298828
2013-02-11,93.38904571533203
2013-02-12,93.45568084716797
2013-02-13,93.61402893066406
2013-02-14,93.7057113647461
2013-02-15,93.66886138916016
2013-02-18,93.6772689819336
2013-02-19,93.71925354003906
2013-02-20,93.64366149902344
2013-02-21,93.75284576416016
2013-02-22,93.9124984741211
2013-02-25,93.99644470214844
2013-02-26,93.57647705078125
2013-02-27,93.778076171875
2013-02-28,94.02167510986328
2013-03-01,94.15606689453125
2013-03-04,94.09724426269531
2013-03-05,94.1896743774414
2013-03-06,94.30726623535156
2013-03-07,94.33245849609375
2013-03-08,94.36605072021484
2013-03-11,94.34085083007812
2013-03-12,94.45843505859375
2013-03-13,94.3996353149414
2013-03-14,94.40804290771484
2013-03-15,94.50885772705078
2013-03-18,94.60124206542969
2013-03-19,94.61807250976562
2013-03-20,94.64323425292969
2013-03-21,94.81967163085938
2013-03-22,94.85323333740234
2013-03-25,94.77767181396484
2013-03-26,94.78605651855469
2013-03-27,94.6264419555664
2013-03-28,94.61807250976562
2013-04-02,94.97084045410156
2013-04-03,95.02127838134766
2013-04-04,95.44966125488281
2013-04-05,95.85285949707031
2013-04-08,95.85285949707031
2013-04-09,95.6680908203125
2013-04-10,95.58407592773438
2013-04-11,95.5756607055664
2013-04-12,95.71846771240234
2013-04-15,95.7520751953125
2013-04-16,95.85285949707031
2013-04-17,96.00405883789062
2013-04-18,96.00405883789062
2013-04-19,96.0124740600586
2013-04-22,96.34847259521484
2013-04-23,96.55007934570312
2013-04-24,96.4744644165039
2013-04-25,96.34847259521484
2013-04-26,96.44088745117188
2013-04-29,96.74324035644531
2013-04-30,96.85247039794922
2013-05-02,97.14646911621094
2013-05-03,96.97005462646484
2013-05-06,96.92806243896484
2013-05-07,96.80209350585938
2013-05-08,96.93649291992188
2013-05-09,96.80209350585938
2013-05-10,96.424072265625
2013-05-13,96.35687255859375
2013-05-14,96.2476806640625
2013-05-15,96.26338958740234
2013-05-16,96.50874328613281
2013-05-17,96.76256561279297
2013-05-20,96.63567352294922
2013-05-21,96.46644592285156
2013-05-22,96.60183715820312
2013-05-23,96.27188110351562
2013-05-24,96.04341888427734
2013-05-27,96.15342712402344
2013-05-28,96.0519027709961
2013-05-29,95.67119598388672
2013-05-30,95.76422882080078
2013-05-31,95.69654083251953
2013-06-03,95.7303695678711
2013-06-04,95.73884582519531
2013-06-05,95.78116607666016
2013-06-06,95.27352142333984
2013-06-07,95.44271850585938
2013-06-10,95.1719970703125
2013-06-11,94.91818237304688
2013-06-12,95.00279998779297
2013-06-13,95.11278533935547
2013-06-14,95.3919677734375
2013-06-17,95.41735076904297
2013-06-18,95.2481460571289
2013-06-19,95.3919677734375
2013-06-20,94.35979461669922
2013-06-21,94.03831481933594
2013-06-24,93.27682495117188
2013-06-25,93.27682495117188
2013-06-26,93.86907196044922
2013-06-27,94.2413330078125
2013-06-28,94.27518463134766
2013-07-01,94.55439758300781
2013-07-02,94.70668029785156
2013-07-03,94.61361694335938
2013-07-04,94.94356536865234
2013-07-05,94.85897064208984
2013-07-08,95.04508209228516
2013-07-09,95.12122344970703
2013-07-10,94.95201110839844
2013-07-11,94.94356536865234
2013-07-12,95.06201171875
2013-07-15,95.07893371582031
2013-07-16,95.18048858642578
2013-07-17,95.15508270263672
2013-07-18,95.2989273071289
2013-07-19,95.40888977050781
2013-07-22,95.52735137939453
2013-07-23,95.3919677734375
2013-07-24,95.22280883789062
2013-07-25,95.12122344970703
2013-07-26,95.12122344970703
2013-07-29,95.02816009521484
2013-07-30,95.07047271728516
2013-07-31,95.12969970703125
2013-08-01,95.1719970703125
2013-08-02,95.37503814697266
2013-08-05,95.22280883789062
2013-08-06,95.26506805419922
2013-08-07,95.307373046875
2013-08-08,95.45118713378906
2013-08-09,95.49351501464844
2013-08-12,95.49351501464844
2013-08-13,95.08738708496094
2013-08-14,95.2481460571289
2013-08-15,94.89966583251953
2013-08-16,95.05307006835938
2013-08-19,94.80590057373047
2013-08-20,94.84852600097656
2013-08-21,94.68659973144531
2013-08-22,94.62693786621094
2013-08-23,94.63542938232422
2013-08-26,94.65250396728516
2013-08-27,94.62693786621094
2013-08-28,94.618408203125
2013-08-29,94.72069549560547
2013-08-30,94.70362091064453
2013-09-02,94.67807006835938
2013-09-03,94.57581329345703
2013-09-04,94.49059295654297
2013-09-05,93.97920989990234
2013-09-06,94.36273193359375
2013-09-09,94.32864379882812
2013-09-10,94.14114379882812
2013-09-11,94.26900482177734
2013-09-12,94.43943786621094
2013-09-13,94.41386413574219
2013-09-16,94.7888412475586
2013-09-17,94.83147430419922
2013-09-18,94.77181243896484
2013-09-19,95.21500396728516
2013-09-20,95.16385650634766
2013-09-23,95.33430480957031
2013-09-24,95.555908203125
2013-09-25,95.60704803466797
2013-09-26,95.4024887084961
2013-09-27,95.44508361816406
2013-09-30,95.53031921386719
2013-10-01,95.69225311279297
2013-10-02,95.76044464111328
2013-10-04,95.743408203125
2013-10-07,95.8882827758789
2013-10-08,95.75189971923828
2013-10-09,95.743408203125
2013-10-10,95.70077514648438
2013-10-11,95.80304718017578
2013-10-14,95.8797378540039
2013-10-15,95.743408203125
2013-10-16,95.69225311279297
2013-10-17,95.99906921386719
2013-10-18,96.1610107421875
2013-10-21,96.10987091064453
2013-10-22,96.45075988769531
2013-10-23,96.56156921386719
2013-10-24,96.47637176513672
2013-10-25,96.3996353149414
2013-10-28,96.49337768554688
2013-10-29,96.62122344970703
2013-10-30,96.71499633789062
2013-10-31,96.96210479736328
2013-11-01,97.03882598876953
2013-11-04,97.06441497802734
2013-11-05,96.68939208984375
2013-11-06,96.68089294433594
2013-11-07,97.11557006835938
2013-11-08,96.81724548339844
2013-11-11,96.85987854003906
2013-11-12,96.72351837158203
2013-11-13,96.96210479736328
2013-11-14,97.15816497802734
2013-11-15,97.10569763183594
2013-11-18,97.19155883789062
2013-11-19,97.09713745117188
2013-11-20,97.10569763183594
2013-11-21,97.07138061523438
2013-11-22,97.11429595947266
2013-11-25,97.17440032958984
2013-11-26,97.32894134521484
2013-11-27,97.2774429321289
2013-11-28,97.26025390625
2013-11-29,97.26883697509766
2013-12-02,97.11429595947266
2013-12-03,97.26883697509766
2013-12-04,96.7708740234375
2013-12-05,96.5905532836914
2013-12-06,96.64207458496094
2013-12-09,96.7708740234375
2013-12-10,96.9511489868164
2013-12-11,97.01985931396484
2013-12-12,96.8309555053711
2013-12-13,96.899658203125
2013-12-16,96.899658203125
2013-12-17,96.94256591796875
2013-12-18,96.81380462646484
2013-12-19,96.75370025634766
2013-12-20,96.73653411865234
2013-12-23,96.58197784423828
2013-12-27,96.31584167480469
2013-12-30,96.41027069091797
2014-01-02,96.89107513427734
2014-01-03,97.03702545166016
2014-01-06,97.10569763183594
2014-01-07,97.32035064697266
2014-01-08,97.26883697509766
2014-01-09,97.17440032958984
2014-01-10,97.3547134399414
2014-01-13,97.52641296386719
2014-01-14,97.5607681274414
2014-01-15,97.57795715332031
2014-01-16,97.76683044433594
2014-01-17,97.91278076171875
2014-01-20,97.99006652832031
2014-01-21,97.89559936523438
2014-01-22,97.83551788330078
2014-01-23,97.85269927978516
2014-01-24,97.92998504638672
2014-01-27,97.93856048583984
2014-01-28,98.04158782958984
2014-01-29,98.1446304321289
2014-01-30,98.32489776611328
2014-01-31,98.68549346923828
2014-02-03,98.71987915039062
2014-02-04,98.6940689086914
2014-02-05,98.7885513305664
2014-02-06,98.58250427246094
2014-02-07,98.84004211425781
2014-02-10,98.76276397705078
2014-02-11,98.7026596069336
2014-02-12,98.53952026367188
2014-02-13,98.77134704589844
2014-02-14,98.76276397705078
2014-02-17,98.88115692138672
2014-02-18,99.02820587158203
2014-02-19,99.01953887939453
2014-02-20,98.77739715576172
2014-02-21,98.9676513671875
2014-02-24,98.9157943725586
2014-02-25,99.02820587158203
2014-02-26,99.26168823242188
2014-02-27,99.55577087402344
2014-02-28,99.28767395019531
2014-03-03,99.5125503540039
2014-03-04,99.55577087402344
2014-03-05,99.7200927734375
2014-03-06,99.3914566040039
2014-03-07,99.4346923828125
2014-03-10,99.6163101196289
2014-03-11,99.52980041503906
2014-03-12,99.62495422363281
2014-03-13,99.74602508544922
2014-03-14,99.82388305664062
2014-03-17,99.82388305664062
2014-03-18,99.86711883544922
2014-03-19,99.70281219482422
2014-03-20,99.46929931640625
2014-03-21,99.53849792480469
2014-03-24,99.70281219482422
2014-03-25,99.79792022705078
2014-03-26,100.02281188964844
2014-03-27,100.2303695678711
2014-03-28,100.20445251464844
2014-03-31,100.18714904785156
2014-04-01,100.12657165527344
2014-04-02,100.01417541503906
2014-04-03,100.1957778930664
2014-04-04,100.61093139648438
2014-04-07,100.58496856689453
2014-04-08,100.41200256347656
2014-04-09,100.37740325927734
2014-04-10,100.64551544189453
2014-04-11,100.58496856689453
2014-04-14,100.61957550048828
2014-04-15,100.991455078125
2014-04-16,101.00011444091797
2014-04-17,100.87036895751953
2014-04-22,100.81852722167969
2014-04-23,100.97418975830078
2014-04-24,100.81852722167969
2014-04-25,100.92228698730469
2014-04-28,100.88768768310547
2014-04-29,100.86175537109375
2014-04-30,101.15579986572266
2014-05-02,101.21633911132812
2014-05-05,101.31147003173828
2014-05-06,101.31147003173828
2014-05-07,101.3374252319336
2014-05-08,101.5277099609375
2014-05-09,101.46713256835938
2014-05-12,101.38932800292969
2014-05-13,101.59689331054688
2014-05-14,101.87361907958984
2014-05-15,101.7467269897461
2014-05-16,101.72928619384766
2014-05-19,101.55513763427734
2014-05-20,101.32870483398438
2014-05-21,101.39837646484375
2014-05-22,101.40705871582031
2014-05-23,101.59867858886719
2014-05-26,101.86863708496094
2014-05-27,101.98186492919922
2014-05-28,102.26053619384766
2014-05-29,102.13858795166016
2014-05-30,102.06021881103516
2014-06-02,102.07765197753906
2014-06-03,101.947021484375
2014-06-04,101.78155517578125
2014-06-05,102.14732360839844
2014-06-06,102.84404754638672
2014-06-09,102.89630889892578
2014-06-10,102.58275604248047
2014-06-11,102.63501739501953
2014-06-12,102.59146118164062
2014-06-13,102.67857360839844
2014-06-16,102.73082733154297
2014-06-17,102.39118194580078
2014-06-18,102.4608383178711
2014-06-19,102.71341705322266
2014-06-20,102.60018920898438
2014-06-23,102.77437591552734
2014-06-24,102.86145782470703
2014-06-25,103.08788299560547
2014-06-26,103.25338745117188
2014-06-27,103.2185287475586
2014-06-30,103.14885711669922
2014-07-01,103.20110321044922
2014-07-02,102.93982696533203
2014-07-03,103.05307006835938
2014-07-04,103.20983123779297
2014-07-07,103.26206970214844
2014-07-08,103.2881851196289
2014-07-09,103.27079010009766
2014-07-10,103.25338745117188
2014-07-11,103.23594665527344
2014-07-14,103.3143310546875
2014-07-15,103.3143310546875
2014-07-16,103.4449691772461
2014-07-17,103.6278305053711
2014-07-18,103.6278305053711
2014-07-21,103.75847625732422
2014-07-22,103.68880462646484
2014-07-23,103.80205535888672
2014-07-24,103.72366333007812
2014-07-25,103.95878601074219
2014-07-28,104.019775390625
2014-07-29,104.13298034667969
2014-07-30,103.9065170288086
2014-07-31,103.9065170288086
2014-08-01,103.86298370361328
2014-08-04,104.03717803955078
2014-08-05,103.84556579589844
2014-08-06,103.84556579589844
2014-08-07,103.9065170288086
2014-08-08,104.019775390625
2014-08-11,104.08942413330078
2014-08-12,104.22003936767578
2014-08-13,104.42909240722656
2014-08-14,104.5597152709961
2014-08-15,104.77742767333984
2014-08-18,104.59648895263672
2014-08-19,104.78938293457031
2014-08-20,104.7806167602539
2014-08-21,104.76305389404297
2014-08-22,104.84200286865234
2014-08-25,105.28917694091797
2014-08-26,105.37686920166016
2014-08-27,105.52592468261719
2014-08-28,105.35930633544922
2014-08-29,105.36808013916016
2014-09-01,105.36808013916016
2014-09-02,105.1225814819336
2014-09-03,105.05244445800781
2014-09-04,105.43822479248047
2014-09-05,105.7977523803711
2014-09-08,105.63990020751953
2014-09-09,105.26287078857422
2014-09-10,105.13134765625
2014-09-11,104.95597839355469
2014-09-12,104.76305389404297
2014-09-15,104.85076141357422
2014-09-16,104.82447814941406
2014-09-17,105.11377716064453
2014-09-18,104.93841552734375
2014-09-19,105.27165222167969
2014-09-22,105.32421112060547
2014-09-23,105.29795837402344
2014-09-24,105.3856430053711
2014-09-25,105.50838470458984
2014-09-26,105.49081420898438
2014-09-29,105.42072296142578
2014-09-30,105.62239074707031
2014-10-01,105.9029541015625
2014-10-02,105.77141571044922
2014-10-06,105.68374633789062
2014-10-07,105.65744018554688
2014-10-08,105.71003723144531
2014-10-09,105.7977523803711
2014-10-10,105.81526947021484
2014-10-13,105.77141571044922
2014-10-14,105.99063110351562
2014-10-15,106.03448486328125
2014-10-16,105.40316009521484
2014-10-17,105.3856430053711
2014-10-20,105.18395233154297
2014-10-21,105.31546783447266
2014-10-22,105.3856430053711
2014-10-23,105.34178161621094
2014-10-24,105.31546783447266
2014-10-27,105.36808013916016
2014-10-28,105.3856430053711
2014-10-29,105.34178161621094
2014-10-30,105.52592468261719
2014-10-31,105.84158325195312
2014-11-03,105.63990020751953
2014-11-04,105.7977523803711
2014-11-05,105.67498016357422
2014-11-06,105.7977523803711
2014-11-07,105.84158325195312
2014-11-10,105.87665557861328
2014-11-11,105.98188018798828
2014-11-12,105.92929077148438
2014-11-13,105.92929077148438
2014-11-14,106.01692962646484
2014-11-17,106.09091186523438
2014-11-18,106.04676055908203
2014-11-19,105.87027740478516
2014-11-20,106.0997314453125
2014-11-21,106.3821792602539
2014-11-24,106.48808288574219
2014-11-25,106.7352294921875
2014-11-26,106.62930297851562
2014-11-27,106.90291595458984
2014-11-28,106.89410400390625
2014-12-01,106.86763000488281
2014-12-02,106.77935028076172
2014-12-03,106.8764419555664
2014-12-04,106.72640228271484
2014-12-05,106.76168823242188
2014-12-08,107.11475372314453
2014-12-09,106.90291595458984
2014-12-10,106.82347869873047
2014-12-11,106.8499526977539
2014-12-12,106.90291595458984
2014-12-15,107.05296325683594
2014-12-16,107.0882568359375
2014-12-17,107.176513671875
2014-12-18,107.21180725097656
2014-12-19,107.32656860351562
2014-12-22,107.47660827636719
2014-12-23,107.45011901855469
2014-12-29,107.55606079101562
2014-12-30,107.67964172363281
2015-01-02,108.20038604736328
2015-01-05,107.94441223144531
2015-01-06,108.04147338867188
2015-01-07,107.85615539550781
2015-01-08,107.87380981445312
2015-01-09,107.85615539550781
2015-01-12,108.0326919555664
2015-01-13,108.09446716308594
2015-01-14,108.41218566894531
2015-01-15,108.42103576660156
2015-01-16,108.63286590576172
2015-01-19,108.63286590576172
2015-01-20,108.56224060058594
2015-01-21,108.2621841430664
2015-01-22,108.80054473876953
2015-01-23,109.06535339355469
2015-01-26,108.92413330078125
2015-01-27,108.8270492553711
2015-01-28,108.77407836914062
2015-01-29,108.76525115966797
2015-01-30,108.97708892822266
2015-02-02,108.91529846191406
2015-02-03,108.88882446289062
2015-02-04,108.89765930175781
2015-02-05,108.89765930175781
2015-02-06,108.80938720703125
2015-02-09,108.64167785644531
2015-02-10,108.50930786132812
2015-02-11,108.54457092285156
2015-02-12,108.77407836914062
2015-02-13,108.83584594726562
2015-02-16,108.81033325195312
2015-02-17,108.71261596679688
2015-02-18,108.70374298095703
2015-02-19,108.7925796508789
2015-02-20,108.9080581665039
2015-02-23,109.14786529541016
2015-02-24,109.22785186767578
2015-02-25,109.37885284423828
2015-02-26,109.71643829345703
2015-02-27,109.61871337890625
2015-03-02,109.45883178710938
2015-03-03,109.35221099853516
2015-03-04,109.26337432861328
2015-03-05,109.52986907958984
2015-03-06,109.3877182006836
2015-03-09,109.80525207519531
2015-03-10,110.18726348876953
2015-03-11,110.50701141357422
2015-03-12,110.38265991210938
2015-03-13,110.26717376708984
2015-03-16,110.2227554321289
2015-03-17,109.88520812988281
2015-03-18,110.03619384765625
2015-03-19,110.20499420166016
2015-03-20,110.34715270996094
2015-03-23,109.9918212890625
2015-03-24,109.83190155029297
2015-03-25,109.83190155029297
2015-03-26,109.85855102539062
2015-03-27,109.86744689941406
2015-03-30,109.90296936035156
2015-03-31,110.18726348876953
2015-04-01,110.25830841064453
2015-04-02,110.13392639160156
2015-04-07,110.26717376708984
2015-04-08,110.32937622070312
2015-04-09,110.27609252929688
2015-04-10,110.38265991210938
2015-04-13,110.31159210205078
2015-04-14,110.29383850097656
2015-04-15,110.53367614746094
2015-04-16,110.34715270996094
2015-04-17,110.0984115600586
2015-04-20,110.04509735107422
2015-04-21,110.03619384765625
2015-04-22,110.00956726074219
2015-04-23,110.00956726074219
2015-04-24,110.00066375732422
2015-04-27,110.11614227294922
2015-04-28,110.12504577636719
2015-04-29,109.3877182006836
2015-04-30,109.09461212158203
2015-05-04,108.7392578125
2015-05-05,107.81539916992188
2015-05-06,107.32685089111328
2015-05-07,107.72659301757812
2015-05-08,108.0374984741211
2015-05-11,107.69993591308594
2015-05-12,107.26468658447266
2015-05-13,107.17582702636719
2015-05-14,107.2557601928711
2015-05-15,107.70980072021484
2015-05-18,107.40576934814453
2015-05-19,107.73660278320312
2015-05-20,107.57565307617188
2015-05-21,107.5845947265625
2015-05-22,107.69189453125
2015-05-26,107.65612030029297
2015-05-27,107.82598876953125
2015-05-28,107.81706237792969
2015-05-29,108.00481414794922
2015-06-01,107.6471939086914
2015-06-02,106.76204681396484
2015-06-03,106.05571746826172
2015-06-04,106.27925872802734
2015-06-05,105.92160034179688
2015-06-08,105.61759185791016
2015-06-09,105.42985534667969
2015-06-10,105.38514709472656
2015-06-11,105.85008239746094
2015-06-12,105.6623306274414
2015-06-15,105.29574584960938
2015-06-16,105.43882751464844
2015-06-17,105.49246215820312
2015-06-18,105.72490692138672
2015-06-19,105.85008239746094
2015-06-22,105.85903930664062
2015-06-23,106.08252716064453
2015-06-24,106.1183090209961
2015-06-25,106.15406799316406
2015-06-26,105.90373992919922
2015-06-29,105.71598815917969
2015-06-30,105.95736694335938
2015-07-01,105.83219909667969
2015-07-02,105.59973907470703
2015-07-03,105.93950653076172
2015-07-06,105.67127227783203
2015-07-07,106.26133728027344
2015-07-08,106.2702865600586
2015-07-09,106.28819274902344
2015-07-10,105.92160034179688
2015-07-13,106.20773315429688
2015-07-14,106.31502532958984
2015-07-15,106.73519897460938
2015-07-16,106.75310516357422
2015-07-17,107.15544128417969
2015-07-20,107.25379180908203
2015-07-21,107.04815673828125
2015-07-22,107.25379180908203
2015-07-23,107.36106872558594
2015-07-24,107.6114273071289
2015-07-27,107.56671905517578
2015-07-28,107.62033081054688
2015-07-29,107.49518585205078
2015-07-30,107.8528060913086
2015-07-31,107.96012878417969
2015-08-03,107.92434692382812
2015-08-04,107.9780044555664
2015-08-05,107.30745697021484
2015-08-06,107.60248565673828
2015-08-07,107.83494567871094
2015-08-10,107.7276611328125
2015-08-11,108.07636260986328
2015-08-12,108.07636260986328
2015-08-13,107.9780044555664
2015-08-14,107.86174011230469
2015-08-17,108.03910827636719
2015-08-18,107.86823272705078
2015-08-19,107.8862075805664
2015-08-20,107.97616577148438
2015-08-21,107.94915771484375
2015-08-24,107.76929473876953
2015-08-25,107.10376739501953
2015-08-26,107.20269012451172
2015-08-27,107.2656478881836
2015-08-28,107.29263305664062
2015-08-31,107.04981231689453
2015-09-01,106.93289947509766
2015-09-02,106.96886444091797
2015-09-03,107.4185562133789
2015-09-04,107.72433471679688
2015-09-07,107.56245422363281
2015-09-08,107.74230194091797
2015-09-09,107.69735717773438
2015-09-10,107.71533203125
2015-09-11,107.85923767089844
2015-09-14,107.8052749633789
2015-09-15,107.48149871826172
2015-09-16,107.30164337158203
2015-09-17,107.30164337158203
2015-09-18,108.08409118652344
2015-09-21,107.9132080078125
2015-09-22,108.30887603759766
2015-09-23,108.25492095947266
2015-09-24,108.30887603759766
2015-09-25,108.01211547851562
2015-09-28,108.26394653320312
2015-09-29,108.47977447509766
2015-09-30,108.37187957763672
2015-10-01,108.72257995605469
2015-10-02,108.92048645019531
2015-10-05,108.71363067626953
2015-10-06,108.50675964355469
2015-10-07,108.56073760986328
2015-10-08,108.59671020507812
2015-10-09,108.4617919921875
2015-10-12,108.65065002441406
2015-10-13,108.62368774414062
2015-10-14,108.83953094482422
2015-10-15,108.78555297851562
2015-10-16,108.87550354003906
2015-10-19,108.8575210571289
2015-10-20,108.48876190185547
2015-10-21,108.83953094482422
2015-10-22,109.48703002929688
2015-10-23,109.46906280517578
2015-10-26,109.47808074951172
2015-10-27,109.80184173583984
2015-10-28,109.86477661132812
2015-10-29,109.37012481689453
2015-10-30,109.39713287353516
2015-11-02,109.09135437011719
2015-11-03,109.100341796875
2015-11-04,109.0103988647461
2015-11-05,108.92048645019531
2015-11-06,108.44380187988281
2015-11-09,108.59671020507812
2015-11-10,108.97442626953125
2015-11-11,109.09135437011719
2015-11-12,109.16327667236328
2015-11-13,109.38811492919922
2015-11-16,109.46648406982422
2015-11-17,109.49360656738281
2015-11-18,109.6563949584961
2015-11-19,109.79204559326172
2015-11-20,109.83727264404297
2015-11-23,109.60216522216797
2015-11-24,109.71968078613281
2015-11-25,110.07240295410156
2015-11-26,110.07240295410156
2015-11-27,110.3437271118164
2015-11-30,110.09954833984375
2015-12-01,110.18093872070312
2015-12-02,110.30753326416016
2015-12-03,108.87861633300781
2015-12-04,108.73392486572266
2015-12-07,109.37605285644531
2015-12-08,109.46648406982422
2015-12-09,109.28559112548828
2015-12-10,109.43933868408203
2015-12-11,109.58402252197266
2015-12-14,109.24944305419922
2015-12-15,108.77913665771484
2015-12-16,108.52593231201172
2015-12-17,109.06855010986328
2015-12-18,109.38506317138672
2015-12-21,109.26750183105469
2015-12-22,108.97811126708984
2015-12-23,108.78817749023438
2015-12-28,109.2222900390625
2015-12-29,108.85150146484375
2015-12-30,108.95097351074219
2016-01-04,109.2946548461914
2016-01-05,109.45742797851562
2016-01-06,109.67449188232422
2016-01-07,109.35796356201172
2016-01-08,109.60216522216797
2016-01-11,109.2946548461914
2016-01-12,109.34890747070312
2016-01-13,109.4122314453125
2016-01-14,109.36698913574219
2016-01-15,109.5569076538086
2016-01-18,109.59307861328125
2016-01-19,109.68353271484375
2016-01-20,109.62928009033203
2016-01-21,110.0271987915039
2016-01-22,109.90961456298828
2016-01-25,109.97294616699219
2016-01-26,110.29852294921875
2016-01-27,110.43416595458984
2016-01-28,110.4613037109375
2016-01-29,110.9677505493164
2016-02-01,110.72357940673828
2016-02-02,110.84115600585938
2016-02-03,111.08531188964844
2016-02-04,110.78684997558594
2016-02-05,110.73258972167969
2016-02-08,110.62406921386719
2016-02-09,110.61503601074219
2016-02-10,110.6512222290039
2016-02-11,110.6874008178711
2016-02-12,110.47032165527344
2016-02-15,110.72308349609375
2016-02-16,110.51397705078125
2016-02-17,110.5594711303711
2016-02-18,110.93218231201172
2016-02-19,110.94123840332031
2016-02-22,111.1776123046875
2016-02-23,111.16851806640625
2016-02-24,111.27760314941406
2016-02-25,111.40487670898438
2016-02-26,111.47760009765625
2016-02-29,111.73212432861328
2016-03-01,111.66849517822266
2016-03-02,111.37760925292969
2016-03-03,111.58666229248047
2016-03-04,111.2503433227539
2016-03-07,111.40487670898438
2016-03-08,111.59575653076172
2016-03-09,111.41398620605469
2016-03-10,111.10486602783203
2016-03-11,111.45033264160156
2016-03-14,111.50485229492188
2016-03-15,111.20486450195312
2016-03-16,111.25943756103516
2016-03-17,111.68667602539062
2016-03-18,111.73212432861328
2016-03-21,111.70484161376953
2016-03-22,111.80486297607422
2016-03-23,111.75940704345703
2016-03-24,111.79576873779297
2016-03-29,112.14119720458984
2016-03-30,112.11394500732422
2016-03-31,112.15941619873047
2016-04-01,112.17757415771484
2016-04-04,112.2230453491211
2016-04-05,112.1866455078125
2016-04-06,112.11394500732422
2016-04-07,111.96849060058594
2016-04-08,112.15031433105469
2016-04-11,112.08666229248047
2016-04-12,111.86848449707031
2016-04-13,112.11394500732422
2016-04-14,111.9139175415039
2016-04-15,112.06846618652344
2016-04-18,111.96849060058594
2016-04-19,111.85030364990234
2016-04-20,111.95938873291016
2016-04-21,111.58666229248047
2016-04-22,111.5684814453125
2016-04-25,111.35032653808594
2016-04-26,111.25943756103516
2016-04-27,111.28669738769531
2016-04-28,111.50485229492188
2016-04-29,111.35032653808594
2016-05-02,111.42304229736328
2016-05-03,111.73212432861328
2016-05-04,111.66849517822266
2016-05-05,111.82304382324219
2016-05-06,111.85940551757812
2016-05-09,111.95030975341797
2016-05-10,111.95030975341797
2016-05-11,112.00486755371094
2016-05-12,111.83211517333984
2016-05-13,111.98665618896484
2016-05-17,112.05611419677734
2016-05-18,111.882568359375
2016-05-19,111.82777404785156
2016-05-20,111.89170837402344
2016-05-23,111.89170837402344
2016-05-24,112.01043701171875
2016-05-25,112.21135711669922
2016-05-26,112.2296142578125
2016-05-27,112.2296142578125
2016-05-30,112.13827514648438
2016-05-31,112.1656723022461
2016-06-01,112.2296142578125
2016-06-02,112.31179809570312
2016-06-03,112.5127182006836
2016-06-06,112.29354095458984
2016-06-07,112.53099060058594
2016-06-08,112.58578491210938
2016-06-09,112.67710876464844
2016-06-10,112.66796875
2016-06-13,112.47620391845703
2016-06-14,112.37574005126953
2016-06-15,112.49445343017578
2016-06-16,112.35745239257812
2016-06-17,112.42141723632812
2016-06-20,112.53099060058594
2016-06-21,112.57666015625
2016-06-22,112.49445343017578
2016-06-23,112.3848648071289
2016-06-24,112.54013061523438
2016-06-27,113.0241470336914
2016-06-28,113.41686248779297
2016-06-29,113.60860443115234
2016-06-30,113.73645782470703
2016-07-01,114.00133514404297
2016-07-04,114.00133514404297
2016-07-05,114.1291732788086
2016-07-06,114.16571807861328
2016-07-07,114.06524658203125
2016-07-08,114.23876953125
2016-07-11,114.15656280517578
2016-07-12,113.94652557373047
2016-07-13,114.12004089355469
2016-07-14,113.89173889160156
2016-07-15,113.67256164550781
2016-07-18,113.72735595703125
2016-07-19,113.80040740966797
2016-07-20,113.74562072753906
2016-07-21,113.77299499511719
2016-07-22,113.80040740966797
2016-07-25,113.9100112915039
2016-07-26,113.83694458007812
2016-07-27,114.1291732788086
2016-07-28,114.1291732788086
2016-07-29,114.40315246582031
2016-08-01,114.30269622802734
2016-08-02,113.94652557373047
2016-08-03,113.97393798828125
2016-08-04,114.3483657836914
2016-08-05,114.21135711669922
2016-08-08,114.284423828125
2016-08-09,114.37577056884766
2016-08-10,114.5675277709961
2016-08-11,114.55840301513672
2016-08-12,114.62232208251953
2016-08-15,114.43057250976562
2016-08-16,114.18693542480469
2016-08-17,114.33370208740234
2016-08-18,114.50798034667969
2016-08-19,114.22360229492188
2016-08-22,114.50798034667969
2016-08-23,114.46210479736328
2016-08-24,114.47129821777344
2016-08-25,114.38873291015625
2016-08-26,114.45295715332031
2016-08-29,114.43458557128906
2016-08-30,114.43458557128906
2016-08-31,114.23279571533203
2016-09-01,114.13186645507812
2016-09-02,114.07685089111328
2016-09-05,114.18693542480469
2016-09-06,114.61802673339844
2016-09-07,114.68224334716797
2016-09-08,114.26031494140625
2016-09-09,113.8567123413086
2016-09-12,113.65495300292969
2016-09-13,113.66410827636719
2016-09-14,113.76497650146484
2016-09-15,113.73749542236328
2016-09-16,113.82003021240234
2016-09-19,113.8567123413086
2016-09-20,114.04017639160156
2016-09-21,113.91178131103516
2016-09-22,114.48046875
2016-09-23,114.3612060546875
2016-09-26,114.53548431396484
2016-09-27,114.66389465332031
2016-09-28,114.72810363769531
2016-09-29,114.53548431396484
2016-09-30,114.56299591064453
2016-10-04,114.41624450683594
2016-10-05,113.82003021240234
2016-10-06,113.82920837402344
2016-10-07,113.72831726074219
2016-10-10,113.60907745361328
2016-10-11,113.74666595458984
2016-10-12,113.49900817871094
2016-10-13,113.6365737915039
2016-10-14,113.62739562988281
2016-10-17,113.60907745361328
2016-10-18,113.72831726074219
2016-10-19,113.78335571289062
2016-10-20,113.9209213256836
2016-10-21,113.84754943847656
2016-10-24,113.77417755126953
2016-10-25,113.77417755126953
2016-10-26,113.38894653320312
2016-10-27,112.91200256347656
2016-10-28,112.84776306152344
2016-10-31,112.81107330322266
2016-11-01,112.56340026855469
2016-11-02,112.93949127197266
2016-11-03,112.80188751220703
2016-11-04,112.82941436767578
2016-11-07,112.84776306152344
2016-11-08,112.71017456054688
2016-11-09,112.63681030273438
2016-11-10,111.85714721679688
2016-11-11,111.31597900390625
2016-11-14,111.06830596923828
2016-11-15,111.44438171386719
2016-11-16,111.2601318359375
2016-11-17,111.2232437133789
2016-11-18,111.20481872558594
2016-11-21,111.1864013671875
2016-11-22,111.57337188720703
2016-11-23,111.1495361328125
2016-11-24,111.20481872558594
2016-11-25,111.2232437133789
2016-11-28,111.44438171386719
2016-11-29,111.6102294921875
2016-11-30,111.46285247802734
2016-12-01,111.08504486083984
2016-12-02,111.53655242919922
2016-12-05,111.2232437133789
2016-12-06,111.26933288574219
2016-12-07,111.49966430664062
2016-12-08,111.3154067993164
2016-12-09,111.4351806640625
2016-12-12,111.2601318359375
2016-12-13,111.74844360351562
2016-12-14,112.09859466552734
2016-12-15,111.83136749267578
2016-12-16,111.8682632446289
2016-12-19,112.25526428222656
2016-12-20,112.19074249267578
2016-12-21,112.3012924194336
2016-12-22,112.17230224609375
2016-12-23,112.39346313476562
2016-12-27,112.45791625976562
2016-12-28,112.52244567871094
2016-12-29,112.66985321044922
2016-12-30,112.47637939453125
2017-01-02,112.65143585205078
2017-01-03,112.06172943115234
2017-01-04,111.94194793701172
2017-01-05,111.8682632446289
2017-01-06,111.58258056640625
2017-01-09,111.87745666503906
2017-01-10,111.8682632446289
2017-01-11,112.06172943115234
2017-01-12,112.07093048095703
2017-01-13,111.92354583740234
2017-01-16,112.07093048095703
2017-01-17,112.14466094970703
2017-01-18,111.88668823242188
2017-01-19,111.69316864013672
2017-01-20,111.416748046875
2017-01-23,111.71160125732422
2017-01-24,111.44438171386719
2017-01-25,111.08504486083984
2017-01-26,110.7441177368164
2017-01-27,110.73490905761719
2017-01-30,110.55064392089844
2017-01-31,110.7441177368164
2017-02-01,110.52297973632812
2017-02-02,110.83626556396484
2017-02-03,110.7994155883789
2017-02-06,110.52297973632812
2017-02-07,110.66119384765625
2017-02-08,111.02976989746094
2017-02-09,111.21401977539062
2017-02-10,110.97445678710938
2017-02-13,110.97445678710938
2017-02-14,110.9007568359375
2017-02-15,110.85920715332031
2017-02-16,111.1645736694336
2017-02-17,111.1645736694336
2017-02-20,111.15532684326172
2017-02-21,110.9425048828125
2017-02-22,111.15532684326172
2017-02-23,111.32189178466797
2017-02-24,111.64579010009766
2017-02-27,111.69205474853516
2017-02-28,111.84007263183594
2017-03-01,111.46996307373047
2017-03-02,111.36815643310547
2017-03-03,111.30339050292969
2017-03-06,111.19232940673828
2017-03-07,111.29412841796875
2017-03-08,110.85920715332031
2017-03-09,110.67415618896484
2017-03-10,110.12815856933594
2017-03-13,110.31327056884766
2017-03-14,110.35952758789062
2017-03-15,110.63713836669922
2017-03-16,110.3224868774414
2017-03-17,110.25772857666016
2017-03-20,110.33175659179688
2017-03-21,110.39652252197266
2017-03-22,110.72966003417969
2017-03-23,110.68341064453125
2017-03-24,110.91471862792969
2017-03-27,110.92398834228516
2017-03-28,111.0998306274414
2017-03-29,111.31263732910156
2017-03-30,111.33116149902344
2017-03-31,111.29412841796875
2017-04-03,111.48845672607422
2017-04-04,111.64579010009766
2017-04-05,111.69205474853516
2017-04-06,111.7013168334961
2017-04-07,111.90489196777344
2017-04-10,111.84007263183594
2017-04-11,111.7198257446289
2017-04-12,111.78458404541016
2017-04-13,111.73832702636719
2017-04-18,111.86788940429688
2017-04-19,111.72906494140625
2017-04-20,111.67354583740234
2017-04-21,111.59026336669922
2017-04-24,111.76606750488281
2017-04-25,111.49774169921875
2017-04-26,111.46996307373047
2017-04-27,111.83087158203125
2017-04-28,111.8031005859375
2017-05-02,111.72906494140625
2017-05-03,111.7938461303711
2017-05-04,111.67354583740234
2017-05-05,111.69205474853516
2017-05-08,111.59026336669922
2017-05-09,111.46996307373047
2017-05-10,111.6087646484375
2017-05-11,111.46996307373047
2017-05-12,111.7198257446289
2017-05-15,111.57908630371094
2017-05-16,111.64413452148438
2017-05-17,111.97859954833984
2017-05-18,112.15516662597656
2017-05-19,112.11798095703125
2017-05-22,111.95075225830078
2017-05-23,111.97859954833984
2017-05-24,111.96002197265625
2017-05-25,112.17374420166016
2017-05-26,112.30381774902344
2017-05-29,112.35957336425781
2017-05-30,112.36884307861328
2017-05-31,112.37815856933594
2017-06-01,112.2852554321289
2017-06-02,112.36884307861328
2017-06-06,112.61042022705078
2017-06-07,112.48035430908203
2017-06-08,112.71261596679688
2017-06-09,112.74981689453125
2017-06-12,112.95420837402344
2017-06-13,112.95420837402344
2017-06-14,113.15860748291016
2017-06-15,112.83341979980469
2017-06-16,112.81483459472656
2017-06-19,112.81483459472656
2017-06-20,113.00067901611328
2017-06-21,113.0378189086914
2017-06-22,113.0378189086914
2017-06-23,113.02852630615234
2017-06-26,113.01922607421875
2017-06-27,112.32240295410156
2017-06-28,112.3874282836914
2017-06-29,111.77420806884766
2017-06-30,111.72773742675781
2017-07-03,111.62554931640625
2017-07-04,111.78350067138672
2017-07-05,111.74629974365234
2017-07-06,111.18885803222656
2017-07-07,110.93797302246094
2017-07-10,111.16098022460938
2017-07-11,111.02161407470703
2017-07-12,111.32823944091797
2017-07-13,111.10523223876953
2017-07-14,111.19818115234375
2017-07-17,111.36539459228516
2017-07-18,111.56053161621094
2017-07-19,111.6719970703125
2017-07-20,111.82997131347656
2017-07-21,112.04365539550781
2017-07-24,112.04365539550781
2017-07-25,111.72773742675781
2017-07-26,111.74629974365234
2017-07-27,111.89501190185547
2017-07-28,111.8485336303711
2017-07-31,111.94145202636719
2017-08-01,112.2480697631836
2017-08-02,112.25736236572266
2017-08-03,112.34098052978516
2017-08-04,112.22947692871094
2017-08-07,112.3131103515625
2017-08-08,112.25736236572266
2017-08-09,112.47106170654297
2017-08-10,112.44317626953125
2017-08-11,112.58253479003906
2017-08-14,112.5453872680664
2017-08-15,112.30381774902344
2017-08-16,112.3499755859375
2017-08-17,112.4711685180664
2017-08-18,112.5457763671875
2017-08-21,112.56441497802734
2017-08-22,112.4991455078125
2017-08-23,112.51779174804688
2017-08-24,112.56441497802734
2017-08-25,112.46185302734375
2017-08-28,112.5737533569336
2017-08-29,112.72294616699219
2017-08-30,112.61104583740234
2017-08-31,112.76024627685547
2017-09-01,112.62036895751953
2017-09-04,112.69493103027344
2017-09-05,112.99333953857422
2017-09-06,112.78820037841797
2017-09-07,113.17982482910156
2017-09-08,113.0586166381836
2017-09-11,112.92806243896484
2017-09-12,112.5923843383789
2017-09-13,112.53643798828125
2017-09-14,112.51779174804688
2017-09-15,112.42457580566406
2017-09-18,112.3499755859375
2017-09-19,112.41521453857422
2017-09-20,112.4525375366211
2017-09-21,112.29402923583984
2017-09-22,112.29402923583984
2017-09-25,112.50846862792969
2017-09-26,112.5457763671875
2017-09-27,112.29402923583984
2017-09-28,112.23808288574219
2017-09-29,112.34063720703125
2017-10-02,112.28467559814453
2017-10-03,112.28467559814453
2017-10-04,112.17279815673828
2017-10-05,112.23808288574219
2017-10-06,112.21939849853516
2017-10-09,112.30333709716797
2017-10-10,112.29402923583984
2017-10-11,112.25669860839844
2017-10-12,112.41521453857422
2017-10-13,112.67633056640625
2017-10-16,112.83483123779297
2017-10-17,112.95604705810547
2017-10-18,112.69493103027344
2017-10-19,112.70429229736328
2017-10-20,112.4711685180664
2017-10-23,112.62036895751953
2017-10-24,112.34063720703125
2017-10-25,112.39659881591797
2017-10-26,112.70429229736328
2017-10-27,112.96537017822266
2017-10-30,113.17052459716797
2017-10-31,113.17052459716797
2017-11-01,113.21712493896484
2017-11-02,113.24510955810547
2017-11-03,113.26376342773438
2017-11-06,113.40363311767578
2017-11-07,113.6087646484375
2017-11-08,113.48755645751953
2017-11-09,113.12389373779297
2017-11-10,113.00267791748047
2017-11-13,113.03064727783203
2017-11-14,113.12389373779297
2017-11-15,113.2822036743164
2017-11-16,113.18869018554688
2017-11-17,113.2354507446289
2017-11-20,113.36640930175781
2017-11-21,113.43186950683594
2017-11-22,113.41316223144531
2017-11-23,113.36640930175781
2017-11-24,113.2354507446289
2017-11-27,113.36640930175781
2017-11-28,113.39446258544922
2017-11-29,113.18869018554688
2017-11-30,113.34770202636719
2017-12-01,113.731201171875
2017-12-04,113.6002426147461
2017-12-05,113.69378662109375
2017-12-06,113.74990844726562
2017-12-07,113.88085174560547
2017-12-08,113.87619018554688
2017-12-11,113.85747528076172
2017-12-12,113.65168762207031
2017-12-13,113.50200653076172
2017-12-14,113.53008270263672
2017-12-15,113.55345153808594
2017-12-18,113.60960388183594
2017-12-19,113.11384582519531
2017-12-20,112.92678833007812
2017-12-21,112.94546508789062
2017-12-22,112.83324432373047
2017-12-27,113.14190673828125
2017-12-28,112.6274642944336
2017-12-29,112.54328155517578
2018-01-02,112.27079010009766
2018-01-03,112.40184783935547
2018-01-04,112.59376525878906
2018-01-05,112.6031265258789
2018-01-08,112.66395568847656
2018-01-09,112.53289794921875
2018-01-10,112.3878173828125
2018-01-11,112.0648422241211
2018-01-12,112.27546691894531
2018-01-15,112.20525360107422
2018-01-16,112.31289672851562
2018-01-17,112.25672912597656
2018-01-18,112.29420471191406
2018-01-19,112.38312530517578
2018-01-22,112.50016021728516
2018-01-23,112.50951385498047
2018-01-24,112.46737670898438
2018-01-25,112.12567138671875
2018-01-26,111.99459838867188
2018-01-29,111.638916015625
2018-01-30,111.6529312133789
2018-01-31,111.57804870605469
2018-02-01,111.64826965332031
2018-02-02,111.33930969238281
2018-02-05,111.50315856933594
2018-02-06,111.72313690185547
2018-02-07,111.6810302734375
2018-02-08,111.45635223388672
2018-02-09,111.44229888916016
2018-02-12,111.41891479492188
2018-02-13,111.38614654541016
2018-02-14,111.34869384765625
2018-02-15,111.28784942626953
2018-02-16,111.638916015625
2018-02-19,111.39551544189453
2018-02-20,111.36273956298828
2018-02-21,111.4376449584961
2018-02-22,111.4656982421875
2018-02-23,111.6575927734375
2018-02-26,111.77931213378906
2018-02-27,111.70912170410156
2018-02-28,111.84017944335938
2018-03-01,111.98059844970703
2018-03-02,111.91506958007812
2018-03-05,112.01805114746094
2018-03-06,111.84017944335938
2018-03-07,111.9571762084961
2018-03-08,112.2099609375
2018-03-09,112.05550384521484
2018-03-12,112.23336029052734
2018-03-13,112.22396087646484
2018-03-14,112.3363265991211
2018-03-15,112.45335388183594
2018-03-16,112.51416778564453
2018-03-19,112.59842681884766
2018-03-20,112.67333221435547
2018-03-21,112.6031265258789
2018-03-22,112.92607879638672
2018-03-23,112.95418548583984
2018-03-26,112.93077850341797
2018-03-27,113.13204193115234
2018-03-28,113.28181457519531
2018-03-29,113.39881896972656
2018-04-03,113.37073516845703
2018-04-04,113.51116943359375
2018-04-05,113.26310729980469
2018-04-06,113.33331298828125
2018-04-09,113.33331298828125
2018-04-10,113.18819427490234
2018-04-11,113.2584228515625
2018-04-12,113.2022476196289
2018-04-13,113.2303237915039
2018-04-16,113.19756317138672
2018-04-17,113.32862091064453
2018-04-18,113.29584503173828
2018-04-19,112.91206359863281
2018-04-20,112.94949340820312
2018-04-23,112.72948455810547
2018-04-24,112.76225280761719
2018-04-25,112.73886108398438
2018-04-26,113.01969909667969
2018-04-27,113.12734985351562
2018-04-30,113.08988189697266
2018-05-02,112.98226165771484
2018-05-03,113.3145751953125
2018-05-04,113.16010284423828
2018-05-07,113.25374603271484
2018-05-08,112.96351623535156
2018-05-09,112.94480895996094
2018-05-10,112.92141723632812
2018-05-11,112.96820068359375
2018-05-14,112.66864013671875
2018-05-15,112.51649475097656
2018-05-16,112.27250671386719
2018-05-17,112.20680236816406
2018-05-18,112.30535888671875
2018-05-21,112.30535888671875
2018-05-22,112.1364517211914
2018-05-23,112.26311492919922
2018-05-24,112.46485137939453
2018-05-25,112.49302673339844
2018-05-28,112.2255859375
2018-05-29,111.44203186035156
2018-05-30,111.26374053955078
2018-05-31,111.96752166748047
2018-06-01,112.07544708251953
2018-06-04,112.22087860107422
2018-06-05,112.18804168701172
2018-06-06,111.18395233154297
2018-06-07,110.98221588134766
2018-06-08,110.95409393310547
2018-06-11,111.25904846191406
2018-06-12,111.37635803222656
2018-06-13,111.62032318115234
2018-06-14,112.06608581542969
2018-06-15,112.46485137939453
2018-06-18,112.67599487304688
2018-06-19,112.80973052978516
2018-06-20,112.81206512451172
2018-06-21,112.48831939697266
2018-06-22,112.46955871582031
2018-06-25,112.27015686035156
2018-06-26,112.05197143554688
2018-06-27,112.34520721435547
2018-06-28,112.4320297241211
2018-06-29,112.68304443359375
2018-07-02,112.84255981445312
2018-07-03,112.88713073730469
2018-07-04,112.82146453857422
2018-07-05,112.70179748535156
2018-07-06,112.699462890625
2018-07-09,112.78157043457031
2018-07-10,112.71588897705078
2018-07-11,112.7252426147461
2018-07-12,112.8378677368164
2018-07-13,113.03260040283203
2018-07-16,112.8918228149414
2018-07-17,113.14518737792969
2018-07-18,113.03260040283203
2018-07-19,113.2061767578125
2018-07-20,112.8918228149414
2018-07-23,112.66664123535156
2018-07-24,112.63848114013672
2018-07-25,112.68070983886719
2018-07-26,112.60562896728516
2018-07-27,112.49771881103516
2018-07-30,112.16458892822266
2018-07-31,112.31004333496094
2018-08-01,112.03787231445312
2018-08-02,111.83146667480469
2018-08-03,112.04728698730469
2018-08-06,112.23966979980469
2018-08-07,112.15519714355469
2018-08-08,112.18338012695312
2018-08-09,112.30535888671875
2018-08-10,112.35226440429688
2018-08-13,112.08482360839844
2018-08-14,112.18338012695312
2018-08-15,112.06137084960938
2018-08-16,112.14656829833984
2018-08-17,112.13716888427734
2018-08-20,112.36758422851562
2018-08-21,112.409912109375
2018-08-22,112.23120880126953
2018-08-23,112.18888854980469
2018-08-24,112.0666275024414
2018-08-27,111.84559631347656
2018-08-28,111.80328369140625
2018-08-29,111.7374496459961
2018-08-30,111.81268310546875
2018-08-31,111.7609634399414
2018-09-03,111.8409194946289
2018-09-04,112.01488494873047
2018-09-05,112.02899169921875
2018-09-06,112.27822875976562
2018-09-07,112.17008209228516
2018-09-10,112.3628921508789
2018-09-11,112.20770263671875
2018-09-12,112.20770263671875
2018-09-13,112.20299530029297
2018-09-14,111.977294921875
2018-09-17,112.15127563476562
2018-09-18,112.20299530029297
2018-09-19,111.96316528320312
2018-09-20,111.97256469726562
2018-09-21,112.15596771240234
2018-09-24,111.69981384277344
2018-09-25,111.62928009033203
2018-09-26,111.81268310546875
2018-09-27,111.68571472167969
2018-09-28,111.45059204101562
2018-10-01,111.14021301269531
2018-10-02,111.16373443603516
2018-10-04,110.88156127929688
2018-10-05,110.54767608642578
2018-10-08,110.47714233398438
2018-10-09,110.46305084228516
2018-10-10,110.39251708984375
2018-10-11,110.38310241699219
2018-10-12,110.42070770263672
2018-10-15,110.47245025634766
2018-10-16,110.72639465332031
2018-10-17,110.76402282714844
2018-10-18,110.76402282714844
2018-10-19,110.70757293701172
2018-10-22,110.9097900390625
2018-10-23,110.94271850585938
2018-10-24,111.06497192382812
2018-10-25,111.22955322265625
2018-10-26,111.54463195800781
2018-10-29,111.67630767822266
2018-10-30,111.49760437011719
2018-10-31,111.54463195800781
2018-11-01,111.53053283691406
2018-11-02,111.53053283691406
2018-11-05,111.53053283691406
2018-11-06,111.33773040771484
2018-11-07,111.39886474609375
2018-11-08,111.29540252685547
2018-11-09,111.4129638671875
2018-11-12,111.38473510742188
2018-11-13,111.3518295288086
2018-11-14,111.26248931884766
2018-11-15,111.44345092773438
2018-11-16,111.37276458740234
2018-11-19,111.19367980957031
2018-11-20,111.24083709716797
2018-11-21,111.49999237060547
2018-11-22,111.58951568603516
2018-11-23,111.73561096191406
2018-11-26,111.96649932861328
2018-11-27,111.9853515625
2018-11-28,112.05132293701172
2018-11-29,112.34821319580078
2018-11-30,112.43302154541016
2018-12-03,112.56024169921875
2018-12-04,112.720458984375
2018-12-05,112.78642272949219
2018-12-06,112.81939697265625
2018-12-07,112.74872589111328
2018-12-10,112.80526733398438
2018-12-11,112.77699279785156
2018-12-12,112.88536834716797
2018-12-13,112.90422821044922
2018-12-14,113.07857513427734
2018-12-17,113.04558563232422
2018-12-18,113.18695068359375
2018-12-19,113.42257690429688
2018-12-20,113.55451965332031
2018-12-21,113.32363891601562
2018-12-27,113.58277130126953
2018-12-28,113.47439575195312
2019-01-02,113.75242614746094
2019-01-03,113.62519073486328
2019-01-04,113.34246826171875
2019-01-07,113.22935485839844
2019-01-08,113.11627960205078
2019-01-09,113.2152328491211
2019-01-10,113.44139862060547
2019-01-11,113.5120849609375
2019-01-14,113.64403533935547
2019-01-15,113.81840515136719
2019-01-16,113.91264343261719
2019-01-17,113.86079406738281
2019-01-18,113.86550903320312
2019-01-21,113.83724212646484
2019-01-22,113.9267578125
2019-01-23,114.00690460205078
2019-01-24,114.41683197021484
2019-01-25,114.37914276123047
2019-01-28,114.33201599121094
2019-01-29,114.37443542480469
2019-01-30,114.36502838134766
2019-01-31,114.60533142089844
2019-02-01,114.3226089477539
2019-02-04,114.24720764160156
2019-02-05,114.176513671875
2019-02-06,114.14824676513672
2019-02-07,114.19537353515625
2019-02-08,114.16238403320312
2019-02-11,114.23777770996094
2019-02-12,114.24250030517578
2019-02-13,114.38388061523438
2019-02-14,114.41213989257812
2019-02-15,114.46353149414062
2019-02-18,114.55322265625
2019-02-19,114.54852294921875
2019-02-20,114.41631317138672
2019-02-21,114.34549713134766
2019-02-22,114.5060043334961
2019-02-25,114.6004409790039
2019-02-26,114.6760025024414
2019-02-27,114.41631317138672
2019-02-28,114.28414154052734
2019-03-01,114.35020446777344
2019-03-04,114.43047332763672
2019-03-05,114.53433227539062
2019-03-06,114.94981384277344
2019-03-07,115.6060791015625
2019-03-08,115.56359100341797
2019-03-11,115.48804473876953
2019-03-12,115.44556427001953
2019-03-13,115.40777587890625
2019-03-14,115.43611907958984
2019-03-15,115.45027160644531
2019-03-18,115.65800476074219
2019-03-19,115.42668151855469
2019-03-20,115.45027160644531
2019-03-21,115.84687042236328
2019-03-22,116.16319274902344
2019-03-25,116.02154541015625
2019-03-26,115.99796295166016
2019-03-27,116.4417724609375
2019-03-28,116.22929382324219
2019-03-29,116.27177429199219
2019-04-01,115.92713928222656
2019-04-02,116.05934143066406
2019-04-03,115.82797241210938
2019-04-04,115.90352630615234
2019-04-05,116.01212310791016
2019-04-08,116.0262680053711
2019-04-09,116.17736053466797
2019-04-10,116.40869903564453
2019-04-11,116.44647979736328
2019-04-12,116.08292388916016
2019-04-15,115.90825653076172
2019-04-16,115.85161590576172
2019-04-17,115.79022216796875
2019-04-18,116.073486328125
2019-04-23,115.77130889892578
2019-04-24,116.14433288574219
2019-04-25,115.9554672241211
2019-04-26,116.30482482910156
2019-04-29,116.23400115966797
2019-04-30,116.2623519897461
2019-05-02,116.25288391113281
2019-05-03,116.31427001953125
2019-05-06,116.34262084960938
2019-05-07,116.49369049072266
2019-05-08,116.48423767089844
2019-05-09,116.29066467285156
2019-05-10,116.30010986328125
2019-05-13,116.35205078125
2019-05-14,116.28596496582031
2019-05-15,116.37287139892578
2019-05-16,116.5667953491211
2019-05-17,116.66140747070312
2019-05-20,116.5289535522461
2019-05-21,116.51950073242188
2019-05-22,116.647216796875
2019-05-23,116.82221984863281
2019-05-24,117.03034210205078
2019-05-27,116.94993591308594
2019-05-28,116.95939636230469
2019-05-29,117.15806579589844
2019-05-30,117.07763671875
2019-05-31,117.27630615234375
2019-06-03,117.44181823730469
2019-06-04,117.59322357177734
2019-06-05,117.79190063476562
2019-06-06,117.91485595703125
2019-06-07,118.32637023925781
2019-06-11,118.18922424316406
2019-06-12,118.09931182861328
2019-06-13,118.1466293334961
2019-06-14,118.34529876708984
2019-06-17,118.3216323852539
2019-06-18,119.25345611572266
2019-06-19,118.97440338134766
2019-06-20,119.12100219726562
2019-06-21,118.79937744140625
2019-06-24,118.960205078125
2019-06-25,119.11155700683594
2019-06-26,118.98857116699219
2019-06-27,119.0879135131836
2019-06-28,119.18251037597656
2019-07-01,119.71700286865234
2019-07-02,119.91092681884766
2019-07-03,120.51164245605469
2019-07-04,120.39338684082031
2019-07-05,119.99606323242188
2019-07-08,119.90621185302734
2019-07-09,119.8967514038086
2019-07-10,119.70281219482422
2019-07-11,119.52782440185547
2019-07-12,119.25819396972656
2019-07-15,119.66497802734375
2019-07-16,119.78323364257812
2019-07-17,120.00080871582031
2019-07-18,120.25623321533203
2019-07-19,120.2704086303711
2019-07-22,120.22784423828125
2019-07-23,120.36029815673828
2019-07-24,120.70557403564453
2019-07-25,120.56370544433594
2019-07-26,120.502197265625
2019-07-29,120.58260345458984
2019-07-30,120.56370544433594
2019-07-31,120.89949035644531
2019-08-01,120.87110900878906
2019-08-02,121.07450866699219
2019-08-05,121.12183380126953
2019-08-06,121.33940124511719
2019-08-07,121.80767822265625
2019-08-08,121.44817352294922
2019-08-09,120.90896606445312
2019-08-12,121.14546203613281
2019-08-13,121.44347381591797
2019-08-14,121.87389373779297
2019-08-15,122.51717376708984
2019-08-16,122.20125579833984
2019-08-19,121.9548568725586
2019-08-20,122.33871459960938
2019-08-21,122.2486572265625
2019-08-22,122.04487609863281
2019-08-23,122.16333770751953
2019-08-26,122.17756652832031
2019-08-27,122.67987823486328
2019-08-28,122.94998168945312
2019-08-29,122.88365936279297
2019-08-30,122.88365936279297
2019-09-02,122.94052124023438
2019-09-03,123.18220520019531
2019-09-04,123.0353012084961
2019-09-05,122.3670883178711
2019-09-06,122.71778869628906
2019-09-09,122.30551147460938
2019-09-10,121.97380828857422
2019-09-11,122.1728286743164
2019-09-12,122.09701538085938
2019-09-13,121.62784576416016
2019-09-16,121.83638000488281
2019-09-17,121.60889434814453
2019-09-18,121.9453353881836
2019-09-19,121.83638000488281
2019-09-20,121.81266021728516
2019-09-23,122.38607025146484
2019-09-24,122.48084259033203
2019-09-25,122.3670883178711
2019-09-26,122.36238861083984
2019-09-27,122.36238861083984
2019-09-30,122.38607025146484
2019-10-01,122.33871459960938
2019-10-02,122.1396484375
2019-10-04,122.43819427490234
2019-10-07,122.33871459960938
2019-10-08,122.48558044433594
2019-10-09,122.21546173095703
2019-10-10,121.64208984375
2019-10-11,121.46672821044922
2019-10-14,121.62310028076172
2019-10-15,121.46672821044922
2019-10-16,121.28666687011719
2019-10-17,121.40512084960938
2019-10-18,121.26769256591797
2019-10-21,120.91229248046875
2019-10-22,121.135009765625
2019-10-23,121.24871063232422
2019-10-24,121.36249542236328
2019-10-25,121.1445083618164
2019-10-28,120.75588989257812
2019-10-29,120.93124389648438
2019-10-30,120.9170150756836
2019-10-31,121.29613494873047
2019-11-01,121.0544662475586
2019-11-04,120.86013793945312
2019-11-05,120.70851135253906
2019-11-06,120.74642944335938
2019-11-07,120.03084564208984
2019-11-08,120.0782470703125
2019-11-11,119.80812072753906
2019-11-12,119.8602523803711
2019-11-13,119.97399139404297
2019-11-14,119.94556427001953
2019-11-15,120.1312484741211
2019-11-18,120.21668243408203
2019-11-19,120.1312484741211
2019-11-20,120.28791809082031
2019-11-21,120.1407241821289
2019-11-22,120.35442352294922
2019-11-25,120.3591537475586
2019-11-26,120.47308349609375
2019-11-27,120.31640625
2019-11-28,120.24996185302734
2019-11-29,120.1834945678711
2019-12-02,119.61845397949219
2019-12-03,120.12174224853516
2019-12-04,119.96981811523438
2019-12-05,119.64694213867188
2019-12-06,119.66593170166016
2019-12-09,119.92234802246094
2019-12-10,119.91283416748047
2019-12-11,120.188232421875
2019-12-12,119.87960815429688
2019-12-13,120.17871856689453
2019-12-16,120.02680206298828
2019-12-17,120.15972137451172
2019-12-18,119.84635925292969
2019-12-19,119.68968963623047
2019-12-20,119.67544555664062
2019-12-23,119.68494415283203
2019-12-27,119.82737731933594
2019-12-30,119.49978637695312
2020-01-02,119.60423278808594
2020-01-03,120.03154754638672
2020-01-06,119.97932434082031
2020-01-07,119.93657684326172
2020-01-08,119.8226318359375
2020-01-09,119.63272094726562
2020-01-10,119.78937530517578
2020-01-13,119.47603607177734
2020-01-14,119.49028015136719
2020-01-15,119.67544555664062
2020-01-16,119.57097625732422
2020-01-17,119.69444274902344
2020-01-20,119.7323989868164
2020-01-21,119.86536407470703
2020-01-22,119.91759490966797
2020-01-23,120.33541107177734
2020-01-24,120.48258209228516
2020-01-27,121.0950698852539
2020-01-28,120.97637176513672
2020-01-29,121.21376037597656
2020-01-30,121.42265319824219
2020-01-31,121.64582061767578
2020-02-03,121.51764678955078
2020-02-04,121.41790771484375
2020-02-05,121.20426177978516
2020-02-06,121.18053436279297
2020-02-07,121.28498840332031
2020-02-10,121.37519836425781
2020-02-11,121.30398559570312
2020-02-12,121.3609390258789
2020-02-13,121.46539306640625
2020-02-14,121.46063995361328
2020-02-17,121.49829864501953
2020-02-18,121.5125732421875
2020-02-19,121.5125732421875
2020-02-20,121.71232604980469
2020-02-21,121.63622283935547
2020-02-24,121.71708679199219
2020-02-25,121.74088287353516
2020-02-26,121.6457290649414
2020-02-27,121.57440948486328
2020-02-28,121.68377685546875
2020-03-02,121.68377685546875
2020-03-03,122.32120513916016
2020-03-04,122.26885223388672
2020-03-05,122.22602844238281
2020-03-06,122.3497314453125
2020-03-09,121.84076690673828
2020-03-10,121.47927856445312
2020-03-11,121.85501861572266
2020-03-12,120.14740753173828
2020-03-13,118.53491973876953
2020-03-16,116.77496337890625
2020-03-17,116.30883026123047
2020-03-18,115.78558349609375
2020-03-19,117.1317138671875
2020-03-20,118.58247375488281
2020-03-23,118.53968048095703
2020-03-24,118.01167297363281
2020-03-25,118.15438079833984
2020-03-26,119.62892150878906
2020-03-27,120.23302459716797
2020-03-30,119.46721649169922
2020-03-31,119.18659210205078
2020-04-01,119.37210845947266
2020-04-02,119.02008819580078
2020-04-03,118.8250503540039
2020-04-06,118.91544342041016
2020-04-07,118.17340087890625
2020-04-08,117.98314666748047
2020-04-09,118.38269805908203
2020-04-14,118.04023742675781
2020-04-15,118.0877914428711
2020-04-16,118.24951171875
2020-04-17,118.43977355957031
2020-04-20,117.8404541015625
2020-04-21,117.34574890136719
2020-04-22,116.99378204345703
2020-04-23,117.48845672607422
2020-04-24,118.04023742675781
2020-04-27,118.278076171875
2020-04-28,118.57296752929688
2020-04-29,118.74420166015625
2020-04-30,119.32450103759766
2020-05-04,119.18659210205078
2020-05-05,118.9820327758789
2020-05-06,118.38269805908203
2020-05-07,118.74420166015625
2020-05-08,118.95349884033203
2020-05-11,118.71092987060547
2020-05-12,118.76798248291016
2020-05-13,119.03435516357422
2020-05-14,118.97727966308594
2020-05-15,118.81572723388672
2020-05-18,118.96820831298828
2020-05-19,119.18739318847656
2020-05-20,119.27315521240234
2020-05-21,119.34940338134766
2020-05-22,119.40658569335938
2020-05-25,119.50189208984375
2020-05-26,119.311279296875
2020-05-27,119.49235534667969
2020-05-28,119.84495544433594
2020-05-29,119.84495544433594
2020-06-02,119.73057556152344
2020-06-03,119.33032989501953
2020-06-04,119.67816925048828
2020-06-05,119.50189208984375
2020-06-08,119.76870727539062
2020-06-09,119.57811737060547
2020-06-10,119.28267669677734
2020-06-11,119.82588958740234
2020-06-12,120.05458068847656
2020-06-15,120.14036560058594
2020-06-16,120.22612762451172
2020-06-17,120.15465545654297
2020-06-18,120.35002899169922
2020-06-19,120.45484161376953
2020-06-22,120.77884674072266
2020-06-23,120.6263656616211
2020-06-24,120.75979614257812
2020-06-25,120.83602142333984
2020-06-26,120.88367462158203
2020-06-29,120.8550796508789
2020-06-30,120.8932113647461
2020-07-01,120.51678466796875
2020-07-02,120.87413024902344
2020-07-03,120.79789733886719
2020-07-06,120.87890625
2020-07-07,120.91226959228516
2020-07-08,121.00755310058594
2020-07-09,121.05998992919922
2020-07-10,121.02661895751953
2020-07-13,120.68355560302734
2020-07-14,121.05998992919922
2020-07-15,121.05521392822266
2020-07-16,121.1314468383789
2020-07-17,121.04568481445312
2020-07-20,121.3315658569336
2020-07-21,121.35062408447266
2020-07-22,121.59839630126953
2020-07-23,121.7080078125
2020-07-24,121.38874053955078
2020-07-27,121.66511535644531
2020-07-28,121.66511535644531
2020-07-29,121.62696838378906
2020-07-30,121.874755859375
2020-07-31,121.72228240966797
2020-08-03,121.67464447021484
2020-08-04,121.97957611083984
2020-08-05,121.78898620605469
2020-08-06,122.04629516601562
2020-08-07,121.9128646850586
2020-08-10,122.03675842285156
2020-08-11,121.76993560791016
2020-08-12,121.66511535644531
2020-08-13,121.24578857421875
2020-08-14,121.3315658569336
2020-08-17,121.60616302490234
2020-08-18,121.68252563476562
2020-08-19,121.83523559570312
2020-08-20,121.8638916015625
2020-08-21,121.85435485839844
2020-08-24,121.79707336425781
2020-08-25,121.30071258544922
2020-08-26,121.35324096679688
2020-08-27,121.29594421386719
2020-08-28,121.22434997558594
2020-08-31,121.12890625
2020-09-01,121.35800170898438
2020-09-02,121.89253234863281
2020-09-03,121.94979858398438
2020-09-04,121.76365661621094
2020-09-07,121.63003540039062
2020-09-08,121.64436340332031
2020-09-09,121.63479614257812
2020-09-10,121.47251892089844
2020-09-11,121.8734359741211
2020-09-14,121.95933532714844
2020-09-15,122.04524230957031
2020-09-16,122.14070129394531
2020-09-17,122.23616027832031
2020-09-18,122.13113403320312
2020-09-21,122.44615173339844
2020-09-22,122.50340270996094
2020-09-23,122.55113983154297
2020-09-24,122.43183898925781
2020-09-25,122.4699935913086
2020-09-28,122.57979583740234
2020-09-29,122.69910430908203
2020-09-30,122.50340270996094
2020-10-01,122.61795806884766
2020-10-02,122.78022766113281
2020-10-05,122.598876953125
2020-10-06,122.6561279296875
2020-10-07,122.57979583740234
2020-10-08,122.84703826904297
2020-10-09,123.04747772216797
2020-10-12,123.21453094482422
2020-10-13,123.27655792236328
2020-10-14,123.36249542236328
2020-10-15,123.38157653808594
2020-10-16,123.59156799316406
2020-10-19,123.40067291259766
2020-10-20,123.23838806152344
2020-10-21,123.05704498291016
2020-10-22,122.87088775634766
2020-10-23,123.02840423583984
2020-10-26,123.13339233398438
2020-10-27,123.3958740234375
2020-10-28,123.23838806152344
2020-10-29,123.54383850097656
2020-10-30,123.46749114990234
2020-11-02,123.55340576171875
2020-11-03,123.52474212646484
2020-11-04,123.72518920898438
2020-11-05,123.75384521484375
2020-11-06,123.71564483642578
2020-11-09,122.88045501708984
2020-11-10,122.77545928955078
2020-11-11,122.9520492553711
2020-11-12,123.20018768310547
2020-11-13,123.39112854003906
2020-11-16,123.47700500488281
2020-11-17,123.57740783691406
2020-11-18,123.52481079101562
2020-11-19,123.55828094482422
2020-11-20,123.67298889160156
2020-11-23,123.66343688964844
2020-11-24,123.69210815429688
2020-11-25,123.69210815429688
2020-11-26,123.759033203125
2020-11-27,123.76858520507812
2020-11-30,123.57740783691406
2020-12-01,123.2093505859375
2020-12-02,123.30970764160156
2020-12-03,123.54872131347656
2020-12-04,123.47700500488281
2020-12-07,123.73991394042969
2020-12-08,123.95499420166016
2020-12-09,123.96453094482422
2020-12-10,123.94541931152344
2020-12-11,124.19876098632812
2020-12-14,124.0888442993164
2020-12-15,124.14620971679688
2020-12-16,123.8211669921875
2020-12-17,123.86897277832031
2020-12-18,123.79727935791016
2020-12-21,123.79727935791016
2020-12-22,123.86419677734375
2020-12-23,123.50569152832031
2020-12-28,123.77815246582031
2020-12-29,123.78292083740234
2020-12-30,123.73512268066406
2021-01-04,123.89288330078125
2021-01-05,123.74466705322266
2021-01-06,123.59652709960938
2021-01-07,123.59652709960938
2021-01-08,123.7255630493164
2021-01-11,123.44355773925781
2021-01-12,123.04681396484375
2021-01-13,123.46265411376953
2021-01-14,123.50569152832031
2021-01-15,123.486572265625
2021-01-18,123.34796905517578
2021-01-19,123.50091552734375
2021-01-20,123.42922973632812
2021-01-21,123.0611572265625
2021-01-22,122.98948669433594
2021-01-25,123.36710357666016
2021-01-26,123.40530395507812
2021-01-27,123.44355773925781
2021-01-28,123.43876647949219
2021-01-29,123.304931640625
2021-02-01,123.30970764160156
2021-02-02,123.11849975585938
2021-02-03,123.147216796875
2021-02-04,123.1854476928711
2021-02-05,123.147216796875
2021-02-08,123.1854476928711
2021-02-09,123.20458221435547
2021-02-10,123.16156768798828
2021-02-11,123.37664794921875
2021-02-12,123.12810516357422
2021-02-15,122.79564666748047
2021-02-16,122.5371322631836
2021-02-17,122.55628967285156
2021-02-18,122.18286895751953
2021-02-19,122.15415954589844
2021-02-22,122.3743667602539
2021-02-23,122.11585998535156
2021-02-24,121.91958618164062
2021-02-25,121.22541809082031
2021-02-26,121.47911834716797
2021-03-01,122.24032592773438
2021-03-02,122.27863311767578
2021-03-03,121.86690521240234
2021-03-04,121.94351959228516
2021-03-05,121.8477554321289
2021-03-08,121.78073120117188
2021-03-09,122.0105209350586
2021-03-10,122.06317901611328
2021-03-11,122.43182373046875
2021-03-12,122.11585998535156
2021-03-15,122.44137573242188
2021-03-16,122.38395690917969
2021-03-17,121.95308685302734
2021-03-18,121.92435455322266
2021-03-19,122.11106872558594
2021-03-22,122.19245910644531
2021-03-23,122.50840759277344
2021-03-24,122.62810516357422
2021-03-25,122.79086303710938
2021-03-26,122.57064819335938
2021-03-29,122.34086608886719
2021-03-30,122.00572967529297
2021-03-31,122.12542724609375
2021-04-01,122.36001586914062
2021-04-06,122.14457702636719
2021-04-07,122.158935546875
2021-04-08,122.31212615966797
2021-04-09,121.90523529052734
2021-04-12,121.87647247314453
2021-04-13,121.83818817138672
2021-04-14,121.63233184814453
2021-04-15,121.91000366210938
2021-04-16,121.73285675048828
2021-04-19,121.49827575683594
2021-04-20,121.63233184814453
2021-04-21,121.7232894897461
2021-04-22,121.68978881835938
2021-04-23,121.63710021972656
2021-04-26,121.57968139648438
2021-04-27,121.51266479492188
2021-04-28,121.3738021850586
2021-04-29,121.09613037109375
2021-04-30,121.12965393066406
2021-05-03,121.22541809082031
2021-05-04,121.44562530517578
2021-05-05,121.33550262451172
2021-05-06,121.29242706298828
2021-05-07,121.07221221923828
2021-05-10,121.12007141113281
2021-05-11,120.74666595458984
2021-05-12,120.47379302978516
2021-05-13,120.29188537597656
2021-05-14,120.30143737792969
2021-05-17,120.12791442871094
2021-05-18,120.1614761352539
2021-05-19,120.14708709716797
2021-05-20,120.3293228149414
2021-05-21,120.48271942138672
2021-05-25,120.89028930664062
2021-05-26,121.19715118408203
2021-05-27,121.00536346435547
2021-05-28,121.12042236328125
2021-05-31,121.11563873291016
2021-06-01,121.11563873291016
2021-06-02,121.23069763183594
2021-06-03,121.19235229492188
2021-06-04,121.33619689941406
2021-06-07,121.16358947753906
2021-06-08,121.4368896484375
2021-06-09,121.66222381591797
2021-06-10,121.73416900634766
2021-06-11,121.96910858154297
2021-06-14,121.7581558227539
2021-06-15,121.6238784790039
2021-06-16,121.71977996826172
2021-06-17,121.47046661376953
2021-06-18,121.34577941894531
2021-06-21,121.19235229492188
2021-06-22,121.1252212524414
2021-06-23,121.2259292602539
2021-06-24,121.31220245361328
2021-06-25,120.99097442626953
2021-06-28,121.27386474609375
2021-06-29,121.21630859375
2021-06-30,121.54715728759766
2021-07-01,121.5903091430664
2021-07-02,121.8300552368164
2021-07-05,121.6238784790039
2021-07-06,122.06499481201172
2021-07-07,122.13693237304688
2021-07-08,122.18965148925781
2021-07-09,122.08415985107422
2021-07-12,122.18965148925781
2021-07-13,122.2951431274414
2021-07-14,122.35267639160156
2021-07-15,122.40542602539062
2021-07-16,122.58763122558594
2021-07-19,122.69790649414062
2021-07-20,122.88011169433594
2021-07-21,122.77461242675781
2021-07-22,123.06230163574219
2021-07-23,123.15819549560547
2021-07-26,123.1390151977539
2021-07-27,123.27330017089844
2021-07-28,123.29246520996094
2021-07-29,123.330810546875
2021-07-30,123.3499984741211
2021-08-02,123.58495330810547
2021-08-03,123.59932708740234
2021-08-04,123.6904067993164
2021-08-05,123.76714324951172
2021-08-06,123.47945404052734
2021-08-09,123.48905181884766
2021-08-10,123.52261352539062
2021-08-11,123.45068359375
2021-08-12,123.55138397216797
2021-08-13,123.52261352539062
2021-08-16,123.48623657226562
2021-08-17,123.47183990478516
2021-08-18,123.6014633178711
2021-08-19,123.62068176269531
2021-08-20,123.69751739501953
2021-08-23,123.52464294433594
2021-08-24,123.53424072265625
2021-08-25,123.01087951660156
2021-08-26,122.96765899658203
2021-08-27,123.05889892578125
2021-08-30,123.23653411865234
2021-08-31,122.73719024658203
2021-09-01,122.75160217285156
2021-09-02,122.92444610595703
2021-09-03,122.72278594970703
2021-09-06,122.76599884033203
2021-09-07,122.27625274658203
2021-09-08,122.31946563720703
2021-09-09,122.82362365722656
2021-09-10,122.51632690429688
2021-09-13,122.57393646240234
2021-09-14,122.69876861572266
2021-09-15,122.4490966796875
2021-09-16,122.43470001220703
2021-09-17,122.30026245117188
2021-09-20,122.42029571533203
2021-09-21,122.58353424072266
2021-09-22,122.63154602050781
2021-09-23,122.1322021484375
2021-09-24,121.84410095214844
2021-09-27,121.8009033203125
2021-09-28,121.51759338378906
2021-09-29,121.6472396850586
2021-09-30,121.4887924194336
2021-10-01,121.71446228027344
2021-10-04,121.69047546386719
2021-10-05,121.47917938232422
2021-10-06,121.38314819335938
2021-10-07,121.51280975341797
2021-10-08,121.24871063232422
2021-10-11,121.03743743896484
2021-10-12,120.89339447021484
2021-10-13,121.05184936523438
2021-10-14,121.4887924194336
2021-10-15,121.3255386352539
2021-10-18,121.02783966064453
2021-10-19,120.77334594726562
2021-10-20,120.94142150878906
2021-10-21,120.68212127685547
2021-10-22,120.59569549560547
2021-10-25,120.85018920898438
2021-10-26,120.78775024414062
2021-10-27,121.10465240478516
2021-10-28,120.725341796875
2021-10-29,120.0051040649414
2021-11-01,119.95228576660156
2021-11-02,120.71575164794922
2021-11-03,120.840576171875
2021-11-04,121.5320053100586
2021-11-05,121.9209213256836
2021-11-08,121.70966339111328
2021-11-09,122.05059051513672
2021-11-10,121.51759338378906
2021-11-11,121.39275360107422
2021-11-12,121.55602264404297
2021-11-15,121.4474868774414
2021-11-16,121.5244369506836
2021-11-17,121.46192932128906
2021-11-18,121.7985610961914
2021-11-19,122.2361831665039
2021-11-22,121.84664154052734
2021-11-23,121.28401184082031
2021-11-24,121.18299865722656
2021-11-25,121.30803680419922
2021-11-26,121.94766235351562
2021-11-29,121.85147857666016
2021-11-30,121.9380111694336
2021-12-01,121.6639175415039
2021-12-02,122.0822982788086
2021-12-03,122.22657012939453
2021-12-06,122.35160064697266
2021-12-07,122.22177124023438
2021-12-08,121.55329132080078
2021-12-09,121.86107635498047
2021-12-10,121.94283294677734
2021-12-13,122.26504516601562
2021-12-14,122.11595153808594
2021-12-15,122.13519287109375
2021-12-16,121.88512420654297
2021-12-17,122.25061798095703
2021-12-20,122.13519287109375
2021-12-21,121.57735443115234
2021-12-22,121.4138412475586
2021-12-23,121.00990295410156
2021-12-27,120.89928436279297
2021-12-28,120.93293762207031
2021-12-29,120.50491333007812
2021-12-30,120.60111236572266
2022-01-03,120.12020111083984
2022-01-04,120.13943481445312
2022-01-05,120.07691955566406
2022-01-06,119.8701400756836
2022-01-07,119.55754852294922
2022-01-10,119.6393051147461
2022-01-11,119.50465393066406
2022-01-12,119.75472259521484
2022-01-13,119.97113800048828
2022-01-14,119.6393051147461
2022-01-17,119.42769622802734
2022-01-18,119.31710052490234
2022-01-19,119.24976348876953
2022-01-20,119.38923645019531
2022-01-21,119.61526489257812
2022-01-24,119.81723022460938
2022-01-25,119.73548126220703
2022-01-26,119.57197570800781
2022-01-27,119.54792785644531
2022-01-28,119.37962341308594
2022-01-31,118.9227523803711
2022-02-01,118.70633697509766
2022-02-02,118.63421630859375
2022-02-03,117.22516632080078
2022-02-04,116.5038070678711
2022-02-07,116.23931884765625
2022-02-08,115.91230010986328
2022-02-09,116.34029388427734
2022-02-10,115.52757263183594
2022-02-11,115.4458236694336
2022-02-14,115.4939193725586
2022-02-15,115.39643096923828
2022-02-16,115.74800109863281
2022-02-17,116.15253448486328
2022-02-18,116.34517669677734
2022-02-21,116.10437774658203
2022-02-22,115.87319946289062
2022-02-23,115.8395004272461
2022-02-24,116.48966217041016
2022-02-25,116.17662048339844
2022-02-28,116.92791748046875
2022-03-01,119.28775787353516
2022-03-02,118.2763900756836
2022-03-03,118.17528533935547
2022-03-04,118.9313735961914
2022-03-07,118.30049896240234
2022-03-08,117.78516387939453
2022-03-09,117.09648132324219
2022-03-10,115.87319946289062
2022-03-11,115.95508575439453
2022-03-14,115.13156127929688
2022-03-15,115.5938720703125
2022-03-16,115.22784423828125
2022-03-17,115.23748779296875
2022-03-18,115.45421600341797
2022-03-21,114.7510986328125
2022-03-22,114.36579895019531
2022-03-23,114.60179901123047
2022-03-24,114.25504302978516
2022-03-25,113.83605194091797
2022-03-28,113.69155883789062
2022-03-29,113.17625427246094
2022-03-30,112.84394073486328
2022-03-31,113.8167724609375
2022-04-01,113.44593048095703
2022-04-04,113.72045135498047
2022-04-05,112.72352600097656
2022-04-06,112.44903564453125
2022-04-07,112.21786499023438
2022-04-08,111.86149597167969
2022-04-11,111.24983215332031
2022-04-12,111.55807495117188
2022-04-13,111.68810272216797
2022-04-14,111.21612548828125
2022-04-19,110.80195617675781
2022-04-20,111.17279052734375
2022-04-21,110.53224182128906
2022-04-22,110.0313949584961
2022-04-25,111.03312683105469
2022-04-26,111.15352630615234
2022-04-27,111.2450180053711
2022-04-28,110.46000671386719
2022-04-29,109.97360229492188
2022-05-02,109.75206756591797
2022-05-03,109.74241638183594
2022-05-04,109.36676788330078
2022-05-05,108.94297790527344
2022-05-06,108.14833068847656
2022-05-09,108.51915740966797
2022-05-10,109.23674774169922
2022-05-11,109.61723327636719
2022-05-12,110.80195617675781
2022-05-13,110.13735961914062
2022-05-16,110.15550994873047
2022-05-17,109.18119049072266
2022-05-18,109.35964965820312
2022-05-19,109.87576293945312
2022-05-20,109.62976837158203
2022-05-23,109.06060791015625
2022-05-24,109.53327941894531
2022-05-25,109.7406997680664
2022-05-26,109.6780014038086
2022-05-27,109.87091827392578
2022-05-30,109.16190338134766
2022-05-31,108.42391967773438
2022-06-01,108.0042953491211
2022-06-02,107.37244415283203
2022-06-03,107.02033996582031
2022-06-06,106.7164535522461
2022-06-07,107.12644958496094
2022-06-08,106.63446807861328
2022-06-09,105.55404663085938
2022-06-10,104.64724731445312
2022-06-13,103.18095397949219
2022-06-14,102.25968933105469
2022-06-15,103.71150207519531
2022-06-16,103.5330581665039
2022-06-17,104.36750030517578
2022-06-20,103.7163314819336
2022-06-21,103.65364837646484
2022-06-22,104.71479034423828
2022-06-23,106.1666030883789
2022-06-24,106.1328353881836
2022-06-27,105.26946258544922
2022-06-28,104.69548797607422
2022-06-29,105.75662231445312
2022-06-30,106.68751525878906
2022-07-01,108.08629608154297
2022-07-04,107.10232543945312
2022-07-05,107.96089172363281
2022-07-06,108.30817413330078
2022-07-07,107.45442199707031
2022-07-08,107.25186920166016
2022-07-11,107.9946517944336
2022-07-12,108.85319519042969
2022-07-13,108.65545654296875
2022-07-14,108.03805541992188
2022-07-15,108.39981079101562
2022-07-18,107.88372039794922
2022-07-19,107.4206771850586
2022-07-20,107.38691711425781
2022-07-21,107.21810150146484
2022-07-22,108.89178466796875
2022-07-25,108.96896362304688
2022-07-26,109.71659088134766
2022-07-27,109.4706039428711
2022-07-28,110.8163070678711
2022-07-29,110.98512268066406
2022-08-01,111.63627624511719
2022-08-02,111.31311798095703
2022-08-03,110.74395751953125
2022-08-04,111.32756042480469
2022-08-05,110.2664566040039
2022-08-08,110.59925842285156
2022-08-09,110.41596984863281
2022-08-10,110.6812515258789
2022-08-11,110.22785949707031
2022-08-12,109.96255493164062
2022-08-15,110.64266967773438
2022-08-16,109.93722534179688
2022-08-17,108.88433074951172
2022-08-18,108.70079040527344
2022-08-19,107.72998809814453
2022-08-22,107.0972671508789
2022-08-23,106.995849609375
2022-08-24,106.70121765136719
2022-08-25,107.1310806274414
2022-08-26,106.45972442626953
2022-08-29,105.62899017333984
2022-08-30,105.54689025878906
2022-08-31,105.2232894897461
2022-09-01,105.00111389160156
2022-09-02,105.46961212158203
2022-09-05,105.08322143554688
2022-09-06,104.85139465332031
2022-09-07,105.28607940673828
2022-09-08,104.30078887939453
2022-09-09,104.22350311279297
2022-09-12,104.64372253417969
2022-09-13,104.14623260498047
2022-09-14,104.2476577758789
2022-09-15,103.76467895507812
2022-09-16,103.72602844238281
2022-09-19,103.52317810058594
2022-09-20,102.51856994628906
2022-09-21,102.78905487060547
2022-09-22,102.13700103759766
2022-09-23,101.57674407958984
2022-09-26,100.98268127441406
2022-09-27,99.8041763305664
2022-09-28,100.7170181274414
2022-09-29,100.39826965332031
2022-09-30,101.14689636230469
2022-10-03,102.72624206542969
2022-10-04,102.97740173339844
2022-10-05,101.78443908691406
2022-10-06,101.22416687011719
2022-10-07,100.36927795410156
2022-10-10,100.10363006591797
2022-10-11,100.09880065917969
2022-10-12,99.67861938476562
2022-10-13,100.09880065917969
2022-10-14,99.5578842163086
2022-10-17,100.18574523925781
2022-10-18,100.10848236083984
2022-10-19,99.50955200195312
2022-10-20,99.52886962890625
2022-10-21,99.38400268554688
2022-10-24,100.14227294921875
2022-10-25,101.38838195800781
2022-10-26,101.58158111572266
2022-10-27,103.10781860351562
2022-10-28,102.13700103759766
2022-10-31,101.58158111572266
2022-11-01,101.75545501708984
2022-11-02,101.64436340332031
2022-11-03,100.84260559082031
2022-11-04,100.57696533203125
2022-11-07,100.40792846679688
2022-11-08,100.77499389648438
2022-11-09,101.40287017822266
2022-11-10,102.88079833984375
2022-11-11,101.66368103027344
2022-11-14,101.69266510009766
2022-11-15,102.2261962890625
2022-11-16,102.87909698486328
2022-11-17,102.73401641845703
2022-11-18,102.97584533691406
2022-11-21,103.0677261352539
2022-11-22,103.0677261352539
2022-11-23,103.49815368652344
2022-11-24,104.10271453857422
2022-11-25,103.1064224243164
2022-11-28,102.8839340209961
2022-11-29,103.51750183105469
2022-11-30,103.280517578125
2022-12-01,104.26712799072266
2022-12-02,103.97212219238281
2022-12-05,103.76899719238281
2022-12-06,104.35901641845703
2022-12-07,104.62503814697266
2022-12-08,104.27681732177734
2022-12-09,103.48847961425781
2022-12-12,103.34822845458984
2022-12-13,103.6142349243164
2022-12-14,103.38692474365234
2022-12-15,101.86829376220703
2022-12-16,101.30728912353516
2022-12-19,101.0316162109375
2022-12-20,100.3448486328125
2022-12-21,100.40772247314453
2022-12-22,100.1562271118164
2022-12-23,99.89022827148438
2022-12-27,99.1792984008789
2022-12-28,99.21797943115234
2022-12-29,99.6242446899414
2022-12-30,99.24700164794922
2023-01-02,99.68228149414062
2023-01-03,100.11270904541016
2023-01-04,101.05096435546875
2023-01-05,100.73175811767578
2023-01-06,101.3604965209961
2023-01-09,101.37983703613281
2023-01-10,100.95423126220703
2023-01-11,101.78125762939453
2023-01-12,102.20684814453125
2023-01-13,102.22136688232422
2023-01-16,102.17300415039062
2023-01-17,102.92262268066406
2023-01-18,103.49815368652344
2023-01-19,103.27568817138672
2023-01-20,102.35678100585938
2023-01-23,102.07626342773438
2023-01-24,102.47769927978516
2023-01-25,102.2987289428711
2023-01-26,101.95536041259766
2023-01-27,101.74740600585938
2023-01-30,101.094482421875
2023-01-31,101.43302154541016
2023-02-01,101.3218002319336
2023-02-02,103.32405090332031
2023-02-03,102.4535140991211
2023-02-06,101.78125762939453
2023-02-07,101.57329559326172
2023-02-08,101.22991180419922
2023-02-09,101.62165832519531
2023-02-10,101.171875
2023-02-13,101.13318634033203
2023-02-14,100.66887664794922
2023-02-15,100.32970428466797
2023-02-16,100.30549621582031
2023-02-17,100.44107055664062
2023-02-20,100.36358642578125
2023-02-21,99.77285766601562
2023-02-22,99.83097839355469
2023-02-23,100.28128051757812
2023-02-24,99.77771759033203
2023-02-27,99.53077697753906
2023-02-28,99.1724853515625
2023-03-01,98.5962905883789
2023-03-02,98.42198181152344
2023-03-03,98.6931381225586
2023-03-06,98.5188217163086
2023-03-07,98.69796752929688
2023-03-08,99.0562744140625
2023-03-09,99.24510192871094
2023-03-10,99.95687866210938
2023-03-13,101.3803939819336
2023-03-14,100.42169189453125
2023-03-15,102.5569839477539
2023-03-16,101.78711700439453
2023-03-17,102.75550079345703
2023-03-20,102.97821807861328
2023-03-21,101.874267578125
2023-03-22,101.41912841796875
2023-03-23,102.47467041015625
2023-03-24,102.96855926513672
2023-03-27,102.43109893798828
2023-03-28,101.96626281738281
2023-03-29,101.81616973876953
2023-03-30,101.27871704101562
2023-03-31,101.85975646972656
2023-04-03,102.18415832519531
2023-04-04,102.02921295166016
2023-04-05,102.65868377685547
2023-04-06,102.64414978027344
2023-04-11,101.79681396484375
2023-04-12,101.31744384765625
2023-04-13,101.31260681152344
2023-04-14,100.88652801513672
2023-04-17,100.68800354003906
2023-04-18,100.7025146484375
2023-04-19,100.40717315673828
2023-04-20,100.82841491699219
2023-04-21,100.5572738647461
2023-04-24,100.56211853027344
2023-04-25,101.29808044433594
2023-04-26,101.31744384765625
2023-04-27,100.82841491699219
2023-04-28,101.80647277832031
2023-05-02,102.14543151855469
2023-05-03,102.22773742675781
2023-05-04,102.6828842163086
2023-05-05,102.0340576171875
2023-05-08,101.82101440429688
2023-05-09,101.6418685913086
2023-05-10,102.0050048828125
2023-05-11,102.52308654785156
2023-05-12,102.23741912841797
2023-05-15,102.00096893310547
2023-05-16,101.6761703491211
2023-05-17,101.74404907226562
2023-05-18,101.06046295166016
2023-05-19,101.25924682617188
2023-05-22,100.99745178222656
2023-05-23,100.92957305908203
2023-05-24,101.01200103759766
2023-05-25,100.66779327392578
2023-05-26,100.49324798583984
2023-05-29,101.14774322509766
2023-05-30,101.86524200439453
2023-05-31,102.36457061767578
2023-06-01,102.65544891357422
2023-06-02,102.37911987304688
2023-06-05,101.89432525634766
2023-06-06,101.98158264160156
2023-06-07,101.3368148803711
2023-06-08,101.59374237060547
2023-06-09,101.96219635009766
2023-06-12,102.11248016357422
2023-06-13,101.763427734375
2023-06-14,101.62284088134766
2023-06-15,101.14774322509766
2023-06-16,101.56950378417969
2023-06-19,101.11380767822266
2023-06-20,101.80221557617188
2023-06-21,101.59374237060547
2023-06-22,101.12350463867188
2023-06-23,102.09793853759766
2023-06-26,102.47123718261719
2023-06-27,101.97188568115234
2023-06-28,102.25308227539062
2023-06-29,101.54041290283203
2023-06-30,101.69556427001953
2023-07-03,101.26409149169922
2023-07-04,101.152587890625
2023-07-05,101.16228485107422
2023-07-06,100.03755950927734
2023-07-07,100.202392578125
2023-07-10,100.05694580078125
2023-07-11,99.9114990234375
2023-07-12,100.71141815185547
2023-07-13,101.39983367919922
2023-07-14,101.23986053466797
2023-07-17,101.37560272216797
2023-07-18,102.20944213867188
2023-07-19,101.85555267333984
2023-07-20,101.559814453125
2023-07-21,101.75857543945312
2023-07-24,102.04945373535156
2023-07-25,102.0397720336914
2023-07-26,101.56950378417969
2023-07-27,101.78767395019531
2023-07-28,101.68585968017578
2023-07-31,101.70524597167969
2023-08-01,101.25924682617188
2023-08-02,101.36105346679688
2023-08-03,101.16228485107422
2023-08-04,101.25439453125
2023-08-07,101.06532287597656
2023-08-08,101.90402221679688
2023-08-09,101.72463989257812
2023-08-10,101.59374237060547
2023-08-11,100.99745178222656
2023-08-14,100.84230041503906
2023-08-15,100.51265716552734
2023-08-16,100.65762329101562
2023-08-17,100.3274917602539
2023-08-18,100.86637115478516
2023-08-21,100.29834747314453
2023-08-22,100.75469970703125
2023-08-23,101.67715454101562
2023-08-24,101.71114349365234
2023-08-25,101.47810363769531
2023-08-28,101.37129211425781
2023-08-29,101.80824279785156
2023-08-30,101.61404418945312
2023-08-31,102.1092529296875
2023-09-01,101.71599578857422
2023-09-04,101.38099670410156
2023-09-05,101.17224884033203
2023-09-06,100.74986267089844
2023-09-07,101.09455108642578
2023-09-08,101.2110824584961
2023-09-11,100.95377349853516
2023-09-12,100.86637115478516
2023-09-13,100.68675231933594
2023-09-14,101.18680572509766
2023-09-15,100.64791107177734
2023-09-18,100.34690856933594
2023-09-19,100.20610809326172
2023-09-20,100.51681518554688
2023-09-21,100.24980926513672
2023-09-22,100.25951385498047
2023-09-25,99.94393920898438
2023-09-26,99.8759765625
2023-09-27,99.57981872558594
2023-09-28,98.85643005371094
2023-09-29,99.6235122680664
2023-10-02,99.3856201171875
2023-10-03,98.9583969116211
2023-10-04,99.09917449951172
2023-10-05,99.38077545166016
2023-10-06,99.35649871826172
2023-10-09,100.03619384765625
2023-10-10,100.15756225585938
2023-10-11,100.52167510986328
2023-10-12,100.00706481933594
2023-10-13,100.2546615600586
2023-10-16,100.03133392333984
2023-10-17,99.36620330810547
2023-10-18,99.14288330078125
2023-10-19,99.19141387939453
2023-10-20,99.48756408691406
2023-10-23,99.61865234375
2023-10-24,99.86625671386719
2023-10-25,99.51184844970703
2023-10-26,99.85655975341797
2023-10-27,100.09444427490234
2023-10-30,100.29834747314453
2023-10-31,100.40515899658203
2023-11-01,100.80326843261719
2023-11-02,101.06057739257812
2023-11-03,101.59947967529297
2023-11-06,100.97803497314453
2023-11-07,101.3664321899414
2023-11-08,101.65287780761719
2023-11-09,101.50238037109375
2023-11-10,101.09941101074219
2023-11-13,101.08485412597656
2023-11-14,101.94902801513672
2023-11-15,101.72676849365234
2023-11-16,102.23731231689453
2023-11-17,102.12548065185547
2023-11-20,102.02825164794922
2023-11-21,102.39778900146484
2023-11-22,102.33457946777344
2023-11-23,101.91641998291016
2023-11-24,101.87751007080078
2023-11-27,102.4220962524414
2023-11-28,102.83540344238281
2023-11-29,103.38972473144531
2023-11-30,103.16118621826172
2023-12-01,104.04129028320312
2023-12-04,104.04129028320312
2023-12-05,104.04129028320312
2023-12-06,104.04129028320312
2023-12-07,105.01862335205078
2023-12-08,104.36221313476562
2023-12-11,104.34762573242188
2023-12-12,104.61991882324219
2023-12-13,105.02349853515625
2023-12-14,105.65560150146484
2023-12-15,106.26826477050781
2023-12-18,105.908447265625
2023-12-19,106.46764373779297
2023-12-20,106.73021697998047
2023-12-21,107.01708984375
2023-12-22,107.06084442138672
2023-12-27,107.39635467529297
2023-12-28,107.06570434570312
2023-12-29,106.69129943847656
2024-01-02,106.27313232421875
2024-01-03,106.55516052246094
2024-01-04,105.93276977539062
2024-01-05,105.72854614257812
2024-01-08,105.78203582763672
2024-01-09,105.3930435180664
2024-01-10,105.28121185302734
2024-01-11,105.38331604003906
2024-01-12,105.9959945678711
2024-01-15,105.55349731445312
2024-01-16,105.49028015136719
2024-01-17,104.91165161132812
2024-01-18,104.83386993408203
2024-01-19,104.8970718383789
2024-01-22,105.1596450805664
2024-01-23,104.79010772705078
2024-01-24,104.8678970336914
2024-01-25,105.3638687133789
2024-01-26,105.40763092041016
2024-01-29,105.791748046875
2024-01-30,105.50486755371094
2024-01-31,106.15157318115234
2024-02-01,106.30230712890625
2024-02-02,105.58753204345703
2024-02-05,105.14991760253906
2024-02-06,105.19855499267578
2024-02-07,105.07698822021484
2024-02-08,104.7998275756836
2024-02-09,104.55670166015625
2024-02-12,104.79496002197266
2024-02-13,104.55670166015625
2024-02-14,104.97972869873047
2024-02-15,104.95635223388672
2024-02-16,104.69326782226562
2024-02-19,104.63480377197266
2024-02-20,104.91251373291016
2024-02-21,104.3912124633789
2024-02-22,104.48377990722656
2024-02-23,105.0538101196289
2024-02-26,104.49352264404297
2024-02-27,104.3863296508789
2024-02-28,104.41558074951172
2024-02-29,104.78582763671875
2024-03-01,104.68840026855469
2024-03-04,104.81507110595703
2024-03-05,105.47765350341797
2024-03-06,105.5409927368164
2024-03-07,105.76509857177734
2024-03-08,106.09152221679688
2024-03-11,105.77484893798828
2024-03-12,105.68226623535156
2024-03-13,105.57508850097656
2024-03-14,105.15611267089844
2024-03-15,105.04405212402344
2024-03-18,104.985595703125
2024-03-19,105.07328033447266
2024-03-20,105.06352996826172
2024-03-21,105.34123992919922
2024-03-22,105.69689178466797
2024-03-25,105.33148956298828
2024-03-26,105.55072784423828
2024-03-27,105.89177703857422
2024-03-28,105.71637725830078
2024-04-02,105.1463623046875
2024-04-03,105.10739135742188
2024-04-04,105.55560302734375
2024-04-05,105.24867248535156
2024-04-08,105.01968383789062
2024-04-09,105.44842529296875
2024-04-10,105.0830307006836
2024-04-11,104.73710632324219
2024-04-12,105.51175689697266
2024-04-15,104.97584533691406
2024-04-16,104.60557556152344
2024-04-17,104.72250366210938
2024-04-18,104.7078857421875
2024-04-19,104.60070037841797
2024-04-22,104.83455657958984
2024-04-23,104.77608489990234
2024-04-24,104.19633483886719
2024-04-25,103.96734619140625
2024-04-26,104.34249877929688
2024-04-29,104.74685668945312
2024-04-30,104.35710144042969
2024-05-02,104.63480377197266
2024-05-03,104.9173812866211
2024-05-06,105.1366195678711
2024-05-07,105.38021087646484
2024-05-08,105.1463623046875
2024-05-09,104.9368667602539
2024-05-10,104.79558563232422
2024-05-13,104.84429168701172
2024-05-14,104.61044311523438
2024-05-15,105.50922393798828
2024-05-16,105.35779571533203
2024-05-17,104.89859008789062
2024-05-20,104.89859008789062
2024-05-21,105.03536987304688
2024-05-22,104.83020782470703
2024-05-23,104.41496276855469
2024-05-24,104.48336029052734
2024-05-27,104.7959976196289
2024-05-28,104.49800872802734
2024-05-29,103.95574951171875
2024-05-30,104.23910522460938
2024-05-31,104.18047332763672
2024-06-03,104.71295928955078
2024-06-04,104.86439514160156
2024-06-05,105.17215728759766
2024-06-06,104.84485626220703
2024-06-07,104.34168243408203
2024-06-10,103.8531723022461
2024-06-11,104.1023178100586
2024-06-12,104.68363952636719
2024-06-13,104.83997344970703
2024-06-14,105.29428100585938
2024-06-17,105.04515075683594
2024-06-18,105.29428100585938
2024-06-19,105.18681335449219
2024-06-20,105.10376739501953
2024-06-21,105.18192291259766
2024-06-24,105.21124267578125
2024-06-25,105.27474212646484
2024-06-26,104.97675323486328
2024-06-27,104.89859008789062
2024-06-28,104.7911148071289
2024-07-01,104.3563461303711
2024-07-02,104.41007232666016
2024-07-03,104.82042694091797
2024-07-04,104.6445541381836
2024-07-05,105.0597915649414
2024-07-08,105.22589111328125
2024-07-09,104.83997344970703
2024-07-10,105.24543762207031
2024-07-11,105.74372100830078
2024-07-12,105.60694122314453
2024-07-15,105.82677459716797
2024-07-16,106.0612564086914
2024-07-17,106.110107421875
2024-07-18,106.23712158203125
2024-07-19,105.8756103515625
2024-07-22,105.73883819580078
2024-07-23,105.99287414550781
2024-07-24,105.97821044921875
2024-07-25,106.17850494384766
2024-07-26,106.26153564453125
2024-07-29,106.53022003173828
2024-07-30,106.64258575439453
2024-07-31,106.9259262084961
2024-08-01,107.26788330078125
2024-08-02,107.55123138427734
2024-08-05,107.24834442138672
2024-08-06,107.45352172851562
2024-08-07,107.06271362304688
2024-08-08,107.15064239501953
2024-08-09,107.41932678222656
2024-08-12,107.33627319335938
2024-08-13,107.73196411132812
2024-08-14,107.77104949951172
2024-08-15,107.28253936767578
2024-08-16,107.29253387451172
2024-08-19,107.37092590332031
2024-08-20,107.5766830444336
2024-08-21,107.74324035644531
2024-08-22,107.51299285888672
2024-08-23,107.71385192871094
2024-08-26,107.56687927246094
2024-08-27,107.35133361816406
2024-08-28,107.43950653076172
2024-08-29,107.41500854492188
2024-08-30,107.29743957519531
2024-09-02,107.17005157470703
2024-09-03,107.42481231689453
2024-09-04,107.96370697021484
2024-09-05,108.06657409667969
2024-09-06,108.2282485961914
2024-09-09,108.27723693847656
2024-09-10,108.51728057861328
2024-09-11,108.83082580566406
2024-09-12,108.53688049316406
2024-09-13,108.65445709228516
2024-09-16,108.82102966308594
2024-09-17,108.65445709228516
2024-09-18,108.28703308105469
2024-09-19,108.40950775146484
2024-09-20,108.25763702392578
2024-09-23,108.54178619384766
2024-09-24,108.91410827636719
2024-09-25,108.51239013671875
2024-09-26,108.69856262207031
2024-09-27,108.89940643310547
2024-09-30,108.92389678955078
2024-10-01,109.55096435546875
2024-10-02,109.21294403076172
2024-10-03,108.9288101196289
2024-10-04,108.50259399414062
2024-10-07,108.2282485961914
2024-10-08,108.31643676757812
2024-10-09,108.14006042480469
2024-10-10,108.23805236816406
2024-10-11,108.1204605102539
2024-10-14,108.14496612548828
2024-10-15,108.58587646484375
2024-10-16,108.8945083618164
2024-10-17,108.91899871826172
2024-10-18,109.1590576171875
2024-10-21,108.3899154663086
2024-10-22,108.15966033935547
2024-10-23,108.29193115234375
2024-10-24,108.678955078125
2024-10-25,108.38501739501953
2024-10-28,108.47319793701172
2024-10-29,108.0910873413086
2024-10-30,107.74324035644531
2024-10-31,107.52769470214844
2024-11-01,107.51299285888672
2024-11-04,107.59138488769531
2024-11-05,107.36112213134766
2024-11-06,107.54238891601562
2024-11-07,107.32192993164062
2024-11-08,107.74815368652344
2024-11-11,108.0910873413086
2024-11-12,107.92940521240234
2024-11-13,107.83143615722656
2024-11-14,108.17436218261719
2024-11-15,108.17455291748047
2024-11-18,108.00257110595703
2024-11-19,108.22368621826172
2024-11-20,108.11067199707031
2024-11-21,108.26300811767578
2024-11-22,108.72489166259766
2024-11-25,108.95091247558594
2024-11-26,108.98530578613281
2024-11-27,109.1818618774414
2024-11-28,109.5405502319336
2024-11-29,109.86976623535156
2024-12-02,110.09580993652344
2024-12-03,110.0810546875
2024-12-04,110.14492797851562
2024-12-05,110.00244140625
2024-12-06,110.02700805664062
2024-12-09,110.03683471679688
2024-12-10,110.0810546875
2024-12-11,110.03192901611328
2024-12-12,109.51107025146484
2024-12-13,109.11798095703125
2024-12-16,109.09832763671875
2024-12-17,109.14746856689453
2024-12-18,109.07867431640625
2024-12-19,108.76910400390625
2024-12-20,108.88211822509766
2024-12-23,108.60203552246094
2024-12-27,108.30231475830078
2024-12-30,108.39075469970703
2025-01-02,108.4841079711914
2025-01-03,108.02714538574219
2025-01-06,108.04188537597656
2025-01-07,107.83059692382812
2025-01-08,107.58000183105469
2025-01-09,107.4030990600586
2025-01-10,107.13776397705078
2025-01-13,106.94612121582031
2025-01-14,106.78889465332031
2025-01-15,107.53085327148438
2025-01-16,107.67826843261719
2025-01-17,107.76180267333984
2025-01-20,107.91412353515625
2025-01-21,108.01731872558594
2025-01-22,107.9583511352539
2025-01-23,107.80602264404297
2025-01-24,107.64878845214844
2025-01-27,107.87973022460938
2025-01-28,107.74706268310547
2025-01-29,107.70775604248047
2025-01-30,108.08610534667969
2025-01-31,108.46937561035156
2025-02-03,109.04917907714844
2025-02-04,108.9754867553711
2025-02-05,109.23098754882812
2025-02-06,109.14746856689453
2025-02-07,109.10323333740234
2025-02-10,109.20642852783203
2025-02-11,108.76419830322266
2025-02-12,108.50868225097656
2025-02-13,108.8968505859375
2025-02-14,108.8575439453125
2025-02-17,108.63666534423828
2025-02-18,108.61200714111328
2025-02-19,108.16825103759766
2025-02-20,108.32109832763672
2025-02-21,108.64653015136719
2025-02-24,108.70075988769531
2025-02-25,108.88319396972656
2025-02-26,109.04096221923828
2025-02-27,109.18888092041016
2025-02-28,109.27764892578125
2025-03-03,108.88319396972656
2025-03-04,108.85853576660156
2025-03-05,107.10816192626953
2025-03-06,106.50662994384766
2025-03-07,106.79753875732422
2025-03-10,106.84190368652344
2025-03-11,106.60523986816406
2025-03-12,106.79753875732422
2025-03-13,106.85176849365234
2025-03-14,106.78274536132812
2025-03-17,107.24128723144531
2025-03-18,107.13774871826172
2025-03-19,107.2708740234375
2025-03-20,107.32510375976562
2025-03-21,107.50753784179688
2025-03-24,107.52726745605469
2025-03-25,107.42865753173828
2025-03-26,107.45824432373047
2025-03-27,107.65546417236328
2025-03-28,107.87240600585938
2025-03-31,107.84283447265625
2025-04-01,108.22740936279297
2025-04-02,108.0154037475586
2025-04-03,108.5774917602539
2025-04-04,108.93248748779297
2025-04-07,108.70075988769531
2025-04-08,108.45915222167969
2025-04-09,108.63666534423828
2025-04-10,108.73526763916016
2025-04-11,108.84867858886719
2025-04-14,109.23326110839844
2025-04-15,109.08535766601562
2025-04-16,109.37132263183594
2025-04-17,109.66716003417969
2025-04-22,109.86438751220703
2025-04-23,109.6277084350586
2025-04-24,110.14543151855469
2025-04-25,109.85945129394531
2025-04-28,109.70661163330078
2025-04-29,109.775634765625
2025-04-30,110.10105895996094
2025-05-02,109.74112701416016
2025-05-05,109.7657699584961
2025-05-06,109.65729522705078
2025-05-07,110.07640075683594
2025-05-08,109.81015014648438
2025-05-09,109.6474380493164
2025-05-12,109.02124786376953
2025-05-13,108.88812255859375
2025-05-14,108.77964782714844
2025-05-15,109.2793197631836
2025-05-16,109.50205993652344
2025-05-19,109.59115600585938
2025-05-20,109.56641387939453
2025-05-21,109.31396484375
2025-05-22,109.37831115722656
2025-05-23,109.7000503540039
2025-05-26,109.8386459350586
2025-05-27,110.03170013427734
2025-05-28,109.93270111083984
2025-05-29,110.2346420288086
2025-05-30,110.27424621582031
2025-06-02,110.22474670410156
2025-06-03,110.28414916992188
2025-06-04,110.21980285644531
2025-06-05,109.77925872802734
2025-06-06,109.88320922851562
2025-06-09,109.88815307617188
2025-06-10,110.17524719238281
2025-06-11,110.07130432128906
2025-06-12,110.412841796875
2025-06-13,109.94754791259766
2025-06-16,110.10594940185547
2025-06-17,109.95249938964844
2025-06-18,110.22474670410156
2025-06-19,109.93270111083984
2025-06-20,110.08614349365234
2025-06-23,110.160400390625
2025-06-24,110.10099029541016
2025-06-25,110.04655456542969
2025-06-26,110.16534423828125
2025-06-27,109.97229766845703
2025-06-30,109.94754791259766
2025-07-01,110.17524719238281
2025-07-02,109.80895233154297
2025-07-03,110.03665161132812
2025-07-04,110.15049743652344
2025-07-07,109.95249938964844
2025-07-08,109.69510650634766
2025-07-09,109.74461364746094
2025-07-10,109.54165649414062
2025-07-11,109.46246337890625
2025-07-14,109.45256042480469
2025-07-15,109.5466079711914
2025-07-16,109.74461364746094
2025-07-17,109.83370208740234
2025-07-18,109.75450897216797
2025-07-21,110.27919006347656
2025-07-22,110.43759155273438
2025-07-23,110.45244598388672
2025-07-24,109.764404296875
2025-07-25,109.64559936523438
2025-07-28,109.90795135498047
2025-07-29,109.86835479736328
2025-07-30,109.75946044921875
2025-07-31,109.8436050415039
2025-08-01,109.9970474243164
2025-08-04,110.28909301757812
2025-08-05,110.39798736572266
2025-08-06,110.25444793701172
2025-08-07,110.3386001586914
2025-08-08,110.00695037841797
2025-08-11,109.95745086669922
2025-08-12,109.73965454101562
2025-08-13,110.20000457763672
2025-08-14,110.02674865722656
2025-08-15,109.57630920410156
2025-08-18,109.6608657836914
2025-08-19,109.74044036865234
2025-08-20,109.90454864501953
2025-08-21,109.6807632446289
2025-08-22,109.97914123535156
2025-08-25,109.60616302490234
2025-08-26,109.83989715576172
2025-08-27,109.88465881347656
2025-08-28,110.02887725830078
2025-08-29,109.84487915039062
2025-09-01,109.77027893066406
2025-09-02,109.43211364746094
2025-09-03,109.80010986328125
2025-09-04,109.9443359375
2025-09-05,110.35710144042969
2025-09-08,110.48143005371094
2025-09-09,110.36206817626953
2025-09-10,110.42174530029297
2025-09-11,110.40682983398438
2025-09-12,110.0587158203125
2025-09-15,110.22282409667969
2025-09-16,110.22282409667969
2025-09-17,110.31731414794922
2025-09-18,110.13331604003906
2025-09-19,109.98412322998047
2025-09-22,109.9443359375
2025-09-23,109.95428466796875
2025-09-24,110.00898742675781
2025-09-25,109.7503890991211
2025-09-26,109.9592514038086
2025-09-29,110.18304443359375
2025-09-30,110.173095703125
2025-10-01,110.26758575439453
2025-10-02,110.2874755859375
2025-10-03,110.31234741210938
2025-10-06,110.22779846191406
2025-10-07,110.24769592285156
2025-10-08,110.47148132324219
2025-10-09,110.31731414794922
2025-10-10,110.69526672363281
2025-10-13,110.74002075195312
2025-10-14,111.01851654052734
2025-10-15,111.34176635742188
2025-10-16,111.3716049194336
2025-10-17,111.28208923339844
2025-10-20,111.2572250366211
2025-10-21,111.41138458251953
2025-10-22,111.39149475097656
2025-10-23,111.28706359863281
2025-10-27,111.05332946777344
2025-10-28,110.99861907958984
2025-10-29,111.11798095703125
2025-10-30,111.04835510253906
2025-10-31,111.1080322265625
2025-11-03,110.99365234375
2025-11-04,110.99861907958984
2025-11-05,110.94391632080078
2025-11-06,110.9588394165039
2025-11-07,110.91407775878906
2025-11-10,110.9588394165039
2025-11-11,111.03840637207031
2025-11-12,111.17268371582031
2025-11-13,110.92900085449219
2025-11-14,110.74500274658203
2025-11-17,110.79000091552734
2025-11-18,110.7699966430664
2025-11-19,110.82499694824219
2025-11-20,110.76499938964844
2025-11-21,110.84500122070312
2025-11-24,110.97000122070312
2025-11-25,111.11499786376953
2025-11-26,111.16000366210938
2025-11-27,111.13500213623047
2025-11-28,111.11499786376953
