,price
2008-01-02,29.178499221801758
2008-01-03,29.1385498046875
2008-01-04,28.719139099121094
2008-01-07,28.80569839477539
2008-01-08,28.88558006286621
2008-01-09,28.639259338378906
2008-01-10,28.506118774414062
2008-01-11,28.42621612548828
2008-01-14,28.49946403503418
2008-01-15,27.86702537536621
2008-01-16,27.647340774536133
2008-01-17,27.36774253845215
2008-01-18,26.89507293701172
2008-01-21,24.9511775970459
2008-01-22,25.290695190429688
2008-01-23,24.119022369384766
2008-01-24,25.656843185424805
2008-01-25,25.463777542114258
2008-01-28,25.383892059326172
2008-01-29,25.68346405029297
2008-01-30,25.543663024902344
2008-01-31,25.563640594482422
2008-02-01,26.069583892822266
2008-02-04,26.069583892822266
2008-02-05,25.071002960205078
2008-02-06,25.357263565063477
2008-02-07,24.9511775970459
2008-02-08,24.96449089050293
2008-02-11,24.811370849609375
2008-02-12,25.643522262573242
2008-02-13,25.643522262573242
2008-02-14,25.60356903076172
2008-02-15,25.084314346313477
2008-02-18,25.59026336669922
2008-02-19,25.656843185424805
2008-02-20,25.343942642211914
2008-02-21,25.47709846496582
2008-02-22,25.204151153564453
2008-02-25,25.6102352142334
2008-02-26,25.983036041259766
2008-02-27,25.99635124206543
2008-02-28,25.517024993896484
2008-02-29,25.11760711669922
2008-03-03,24.791406631469727
2008-03-04,24.358686447143555
2008-03-05,24.8513126373291
2008-03-06,24.4052791595459
2008-03-07,24.13233757019043
2008-03-10,23.93262481689453
2008-03-11,24.332054138183594
2008-03-12,24.60499382019043
2008-03-13,24.285451889038086
2008-03-14,24.065763473510742
2008-03-17,22.92738914489746
2008-03-18,23.772851943969727
2008-03-19,23.57979393005371
2008-03-20,23.42002296447754
2008-03-25,24.265470504760742
2008-03-26,24.12568473815918
2008-03-27,24.3919620513916
2008-03-28,24.332054138183594
2008-03-31,24.245508193969727
2008-04-01,25.077659606933594
2008-04-02,25.370574951171875
2008-04-03,25.217456817626953
2008-04-04,25.357263565063477
2008-04-07,25.576948165893555
2008-04-08,25.457120895385742
2008-04-09,25.224119186401367
2008-04-10,25.14423370361328
2008-04-11,24.75811195373535
2008-04-14,24.565061569213867
2008-04-15,24.691547393798828
2008-04-16,25.077659606933594
2008-04-17,24.924543380737305
2008-04-18,25.517024993896484
2008-04-21,25.27072525024414
2008-04-22,25.04438018798828
2008-04-23,25.224119186401367
2008-04-24,25.25740623474121
2008-04-25,25.52368927001953
2008-04-28,25.670156478881836
2008-04-29,25.530344009399414
2008-04-30,25.73672103881836
2008-05-02,26.1561279296875
2008-05-05,26.116180419921875
2008-05-06,25.936437606811523
2008-05-07,26.116180419921875
2008-05-08,26.00966453552246
2008-05-09,25.71674919128418
2008-05-12,25.803281784057617
2008-05-13,25.849889755249023
2008-05-14,26.122844696044922
2008-05-15,26.109519958496094
2008-05-16,26.209394454956055
2008-05-19,26.462358474731445
2008-05-20,26.089553833007812
2008-05-21,25.90315055847168
2008-05-22,25.936437606811523
2008-05-23,25.490406036376953
2008-05-26,25.51038360595703
2008-05-27,25.430492401123047
2008-05-28,25.643522262573242
2008-05-29,25.73672103881836
2008-05-30,25.936437606811523
2008-06-02,25.556983947753906
2008-06-03,25.676799774169922
2008-06-04,25.42383575439453
2008-06-05,25.317310333251953
2008-06-06,24.744800567626953
2008-06-09,24.751455307006836
2008-06-10,24.598339080810547
2008-06-11,24.16562843322754
2008-06-12,24.38531494140625
2008-06-13,24.518449783325195
2008-06-16,24.052446365356445
2008-06-17,24.2055606842041
2008-06-18,23.886024475097656
2008-06-19,23.746227264404297
2008-06-20,23.346786499023438
2008-06-23,23.3601016998291
2008-06-24,23.20699119567871
2008-06-25,23.57979393005371
2008-06-26,22.954008102416992
2008-06-27,22.78091812133789
2008-06-30,22.867469787597656
2008-07-01,22.47469711303711
2008-07-02,22.441402435302734
2008-07-03,22.727670669555664
2008-07-04,22.35486602783203
2008-07-07,22.740983963012695
2008-07-08,22.441402435302734
2008-07-09,22.80755043029785
2008-07-10,22.421445846557617
2008-07-11,21.855571746826172
2008-07-14,21.97541046142578
2008-07-15,21.482770919799805
2008-07-16,21.695804595947266
2008-07-17,22.241697311401367
2008-07-18,22.674409866333008
2008-07-21,22.760950088500977
2008-07-22,22.707704544067383
2008-07-23,23.113794326782227
2008-07-24,22.894100189208984
2008-07-25,22.874126434326172
2008-07-28,22.62115478515625
2008-07-29,22.694381713867188
2008-07-30,22.98063850402832
2008-07-31,22.98063850402832
2008-08-01,22.647783279418945
2008-08-04,22.46803855895996
2008-08-05,23.07383918762207
2008-08-06,23.266902923583984
2008-08-07,23.187026977539062
2008-08-08,23.266902923583984
2008-08-11,23.513219833374023
2008-08-12,23.459964752197266
2008-08-13,22.90741539001465
2008-08-14,22.940696716308594
2008-08-15,23.01392364501953
2008-08-18,23.000612258911133
2008-08-19,22.4280948638916
2008-08-20,22.52794647216797
2008-08-21,22.221721649169922
2008-08-22,22.647783279418945
2008-08-25,22.434749603271484
2008-08-26,22.541271209716797
2008-08-27,22.554582595825195
2008-08-28,22.954008102416992
2008-08-29,23.000612258911133
2008-09-01,22.987295150756836
2008-09-02,23.340129852294922
2008-09-03,23.027240753173828
2008-09-04,22.39481544494629
2008-09-05,21.802324295043945
2008-09-08,22.47469711303711
2008-09-09,22.321577072143555
2008-09-10,22.195093154907227
2008-09-11,22.061946868896484
2008-09-12,22.434749603271484
2008-09-15,21.163225173950195
2008-09-16,20.743824005126953
2008-09-17,20.27781867980957
2008-09-18,20.15799903869629
2008-09-19,21.84226417541504
2008-09-22,21.382917404174805
2008-09-23,21.103315353393555
2008-09-24,20.970169067382812
2008-09-25,21.549346923828125
2008-09-26,21.209827423095703
2008-09-29,20.22456169128418
2008-09-30,20.424278259277344
2008-10-01,20.61733627319336
2008-10-02,20.217906951904297
2008-10-03,20.93022918701172
2008-10-06,19.29920768737793
2008-10-07,19.36578369140625
2008-10-08,18.13420295715332
2008-10-09,17.701486587524414
2008-10-10,16.33010482788086
2008-10-13,18.10091781616211
2008-10-14,18.56026268005371
2008-10-15,17.368623733520508
2008-10-16,16.343420028686523
2008-10-17,17.062395095825195
2008-10-20,17.60162925720215
2008-10-21,17.508426666259766
2008-10-22,16.569765090942383
2008-10-23,16.52981948852539
2008-10-24,15.737615585327148
2008-10-27,15.471328735351562
2008-10-28,16.057157516479492
2008-10-29,16.949222564697266
2008-10-30,17.0357666015625
2008-10-31,17.455171585083008
2008-11-03,17.588314056396484
2008-11-04,18.553607940673828
2008-11-05,18.260690689086914
2008-11-06,17.14228057861328
2008-11-07,17.541719436645508
2008-11-10,17.701486587524414
2008-11-11,16.74950408935547
2008-11-12,16.22359275817871
2008-11-13,16.416643142700195
2008-11-14,16.61635971069336
2008-11-17,16.003902435302734
2008-11-18,16.170331954956055
2008-11-19,15.5445556640625
2008-11-20,15.078543663024902
2008-11-21,14.679119110107422
2008-11-24,16.130386352539062
2008-11-25,16.163673400878906
2008-11-26,16.083786010742188
2008-11-27,16.443275451660156
2008-11-28,16.463247299194336
2008-12-01,15.517922401428223
2008-12-02,15.957303047180176
2008-12-03,16.057157516479492
2008-12-04,16.057157516479492
2008-12-05,15.278264045715332
2008-12-08,16.589733123779297
2008-12-09,16.80276870727539
2008-12-10,16.895965576171875
2008-12-11,16.829395294189453
2008-12-12,16.39002227783203
2008-12-15,16.176990509033203
2008-12-16,16.463247299194336
2008-12-17,16.42330551147461
2008-12-18,16.476560592651367
2008-12-19,16.416643142700195
2008-12-22,16.11042022705078
2008-12-23,16.003902435302734
2008-12-29,16.043840408325195
2008-12-30,16.469907760620117
2009-01-02,17.01579475402832
2009-01-05,17.155595779418945
2009-01-06,17.322025299072266
2009-01-07,17.08237075805664
2009-01-08,16.91593360900879
2009-01-09,16.689592361450195
2009-01-12,16.503189086914062
2009-01-13,16.236902236938477
2009-01-14,15.451354026794434
2009-01-15,15.158438682556152
2009-01-16,15.324867248535156
2009-01-19,15.131803512573242
2009-01-20,14.81226634979248
2009-01-21,14.725720405578613
2009-01-22,14.51934814453125
2009-01-23,14.439457893371582
2009-01-26,14.945402145385742
2009-01-27,14.958724021911621
2009-01-28,15.637754440307617
2009-01-29,15.30489730834961
2009-01-30,15.051921844482422
2009-02-02,14.818921089172363
2009-02-03,15.118487358093262
2009-02-04,15.517922401428223
2009-02-05,15.491297721862793
2009-02-06,15.810845375061035
2009-02-09,15.844130516052246
2009-02-10,15.398106575012207
2009-02-11,15.284924507141113
2009-02-12,14.912113189697266
2009-02-13,15.031946182250977
2009-02-16,14.805609703063965
2009-02-17,14.273026466369629
2009-02-18,14.28634262084961
2009-02-19,14.273026466369629
2009-02-20,13.574020385742188
2009-02-23,13.440878868103027
2009-02-24,13.354334831237793
2009-02-25,13.281106948852539
2009-02-26,13.627280235290527
2009-02-27,13.32770824432373
2009-03-02,12.68195915222168
2009-03-03,12.575446128845215
2009-03-04,13.121332168579102
2009-03-05,12.528848648071289
2009-03-06,12.282530784606934
2009-03-09,12.229270935058594
2009-03-10,12.961564064025879
2009-03-11,13.088048934936523
2009-03-12,13.281106948852539
2009-03-13,13.321050643920898
2009-03-16,13.613967895507812
2009-03-17,13.460853576660156
2009-03-18,13.487479209899902
2009-03-19,13.620621681213379
2009-03-20,13.713821411132812
2009-03-23,14.166515350341797
2009-03-24,14.226434707641602
2009-03-25,14.366227149963379
2009-03-26,14.412826538085938
2009-03-27,14.139887809753418
2009-03-30,13.434222221374512
2009-03-31,13.813681602478027
2009-04-01,14.033369064331055
2009-04-02,14.832234382629395
2009-04-03,14.712406158447266
2009-04-06,14.55928897857666
2009-04-07,14.452774047851562
2009-04-08,14.632514953613281
2009-04-09,15.018632888793945
2009-04-14,15.218356132507324
2009-04-15,15.158438682556152
2009-04-16,15.378128051757812
2009-04-17,15.611130714416504
2009-04-20,15.071897506713867
2009-04-21,15.011977195739746
2009-04-22,15.324867248535156
2009-04-23,15.171749114990234
2009-04-24,15.617782592773438
2009-04-27,15.577837944030762
2009-04-28,15.331525802612305
2009-04-29,15.71764087677002
2009-04-30,16.010557174682617
2009-05-04,16.383359909057617
2009-05-05,16.276845932006836
2009-05-06,16.543140411376953
2009-05-07,16.370046615600586
2009-05-08,16.74950408935547
2009-05-11,16.52981948852539
2009-05-12,16.52981948852539
2009-05-13,16.05050277709961
2009-05-14,16.02387237548828
2009-05-15,16.103757858276367
2009-05-18,16.52981948852539
2009-05-19,16.84270668029785
2009-05-20,17.04907989501953
2009-05-21,16.58307647705078
2009-05-22,16.682931900024414
2009-05-25,16.7628173828125
2009-05-26,16.895965576171875
2009-05-27,16.989173889160156
2009-05-28,16.829395294189453
2009-05-29,16.76947593688965
2009-06-01,17.39525604248047
2009-06-02,17.38859748840332
2009-06-03,17.022449493408203
2009-06-04,17.04907989501953
2009-06-05,17.18222427368164
2009-06-08,16.875999450683594
2009-06-09,17.009132385253906
2009-06-10,17.162254333496094
2009-06-11,17.282081604003906
2009-06-12,17.208850860595703
2009-06-15,16.48987579345703
2009-06-16,16.443275451660156
2009-06-17,16.176990509033203
2009-06-18,16.370046615600586
2009-06-19,16.49653434753418
2009-06-22,16.037185668945312
2009-06-23,15.997243881225586
2009-06-24,16.449932098388672
2009-06-25,16.356731414794922
2009-06-26,16.283504486083984
2009-06-29,16.569765090942383
2009-06-30,16.283504486083984
2009-07-01,16.696252822875977
2009-07-02,16.13704490661621
2009-07-03,16.170331954956055
2009-07-06,15.983929634094238
2009-07-07,15.777559280395508
2009-07-08,15.604466438293457
2009-07-09,15.770903587341309
2009-07-10,15.5445556640625
2009-07-13,16.010557174682617
2009-07-14,16.19029998779297
2009-07-15,16.709564208984375
2009-07-16,16.729536056518555
2009-07-17,16.822742462158203
2009-07-20,17.002483367919922
2009-07-21,17.148942947387695
2009-07-22,17.188884735107422
2009-07-23,17.60162925720215
2009-07-24,17.581653594970703
2009-07-27,17.6948299407959
2009-07-28,17.468481063842773
2009-07-29,17.688173294067383
2009-07-30,18.01436996459961
2009-07-31,17.927824020385742
2009-08-03,18.200769424438477
2009-08-04,18.180797576904297
2009-08-05,17.99440574645996
2009-08-06,18.107580184936523
2009-08-07,18.400489807128906
2009-08-10,18.33391761779785
2009-08-11,18.04100227355957
2009-08-12,18.280658721923828
2009-08-13,18.407150268554688
2009-08-14,18.1541805267334
2009-08-17,17.688173294067383
2009-08-18,17.887887954711914
2009-08-19,17.83462905883789
2009-08-20,18.11423110961914
2009-08-21,18.600202560424805
2009-08-24,18.866497039794922
2009-08-25,19.04624366760254
2009-08-26,18.93306541442871
2009-08-27,18.879810333251953
2009-08-28,19.066213607788086
2009-08-31,18.84652328491211
2009-09-01,18.41380500793457
2009-09-02,18.35388946533203
2009-09-03,18.35388946533203
2009-09-04,18.63349723815918
2009-09-07,18.90643882751465
2009-09-08,18.93306541442871
2009-09-09,19.172731399536133
2009-09-10,19.146093368530273
2009-09-11,19.245954513549805
2009-09-14,19.245954513549805
2009-09-15,19.052902221679688
2009-09-16,19.29254913330078
2009-09-17,19.399072647094727
2009-09-18,19.345821380615234
2009-09-21,19.245954513549805
2009-09-22,19.312524795532227
2009-09-23,19.352468490600586
2009-09-24,19.006296157836914
2009-09-25,18.966346740722656
2009-09-28,19.419038772583008
2009-09-29,19.37909698486328
2009-09-30,19.206003189086914
2009-10-01,18.826549530029297
2009-10-02,18.473724365234375
2009-10-05,18.70672035217285
2009-10-06,19.199352264404297
2009-10-07,19.179380416870117
2009-10-08,19.3591251373291
2009-10-09,19.305870056152344
2009-10-12,19.525556564331055
2009-10-13,19.29254913330078
2009-10-14,19.73858642578125
2009-10-15,19.698650360107422
2009-10-16,19.392417907714844
2009-10-19,19.751901626586914
2009-10-20,19.612098693847656
2009-10-21,19.731929779052734
2009-10-22,19.439016342163086
2009-10-23,19.339157104492188
2009-10-26,18.99964714050293
2009-10-27,18.992982864379883
2009-10-28,18.613527297973633
2009-10-29,18.95303726196289
2009-10-30,18.41380500793457
2009-11-02,18.53363800048828
2009-11-03,18.12754249572754
2009-11-04,18.513656616210938
2009-11-05,18.746662139892578
2009-11-06,18.720041275024414
2009-11-09,19.172731399536133
2009-11-10,19.16607093811035
2009-11-11,19.345821380615234
2009-11-12,19.29254913330078
2009-11-13,19.392417907714844
2009-11-16,19.67867088317871
2009-11-17,19.53221321105957
2009-11-18,19.545530319213867
2009-11-19,19.23263931274414
2009-11-20,19.052902221679688
2009-11-23,19.478960037231445
2009-11-24,19.345821380615234
2009-11-25,19.47229766845703
2009-11-26,18.819896697998047
2009-11-27,19.052902221679688
2009-11-30,18.7999210357666
2009-12-01,19.312524795532227
2009-12-02,19.345821380615234
2009-12-03,19.332494735717773
2009-12-04,19.552186965942383
2009-12-07,19.492267608642578
2009-12-08,19.152755737304688
2009-12-09,18.913097381591797
2009-12-10,19.192697525024414
2009-12-11,19.25927734375
2009-12-14,19.41238784790039
2009-12-15,19.43236541748047
2009-12-16,19.67867088317871
2009-12-17,19.43236541748047
2009-12-18,19.312524795532227
2009-12-21,19.68533706665039
2009-12-22,19.79850196838379
2009-12-23,19.911672592163086
2009-12-28,20.118043899536133
2009-12-29,20.138017654418945
2009-12-30,19.998220443725586
2010-01-04,20.33773422241211
2010-01-05,20.25784683227539
2010-01-06,20.251192092895508
2010-01-07,20.237882614135742
2010-01-08,20.304452896118164
2010-01-11,20.26450538635254
2010-01-12,19.998220443725586
2010-01-13,20.058135986328125
2010-01-14,20.138017654418945
2010-01-15,19.77187728881836
2010-01-18,19.885051727294922
2010-01-19,20.071453094482422
2010-01-20,19.598787307739258
2010-01-21,19.245954513549805
2010-01-22,19.066213607788086
2010-01-25,18.826549530029297
2010-01-26,19.04624366760254
2010-01-27,18.753318786621094
2010-01-28,18.427122116088867
2010-01-29,18.70672035217285
2010-02-01,18.833208084106445
2010-02-02,19.09284210205078
2010-02-03,18.893131256103516
2010-02-04,18.26734733581543
2010-02-05,17.754743576049805
2010-02-08,17.941143035888672
2010-02-09,18.047658920288086
2010-02-10,18.220748901367188
2010-02-11,18.10091781616211
2010-02-12,18.04100227355957
2010-02-15,18.094257354736328
2010-02-16,18.36721420288086
2010-02-17,18.64015007019043
2010-02-18,18.726696014404297
2010-02-19,18.833208084106445
2010-02-22,18.726696014404297
2010-02-23,18.420469284057617
2010-02-24,18.440431594848633
2010-02-25,18.094257354736328
2010-02-26,18.400489807128906
2010-03-01,18.70006561279297
2010-03-02,18.866497039794922
2010-03-03,19.04624366760254
2010-03-04,18.966346740722656
2010-03-05,19.385757446289062
2010-03-08,19.419038772583008
2010-03-09,19.41238784790039
2010-03-10,19.618759155273438
2010-03-11,19.50558090209961
2010-03-12,19.538877487182617
2010-03-15,19.172731399536133
2010-03-16,19.425701141357422
2010-03-17,19.592130661010742
2010-03-18,19.485618591308594
2010-03-19,19.339157104492188
2010-03-22,19.332494735717773
2010-03-23,19.43236541748047
2010-03-24,19.405729293823242
2010-03-25,19.71861457824707
2010-03-26,19.618759155273438
2010-03-29,19.67867088317871
2010-03-30,19.605451583862305
2010-03-31,19.592130661010742
2010-04-01,19.911672592163086
2010-04-06,19.978242874145508
2010-04-07,19.858415603637695
2010-04-08,19.645389556884766
2010-04-09,19.984907150268555
2010-04-12,20.06478500366211
2010-04-13,19.96493148803711
2010-04-14,20.091415405273438
2010-04-15,20.138017654418945
2010-04-16,19.698650360107422
2010-04-19,19.652050018310547
2010-04-20,19.93164825439453
2010-04-21,19.665363311767578
2010-04-22,19.352468490600586
2010-04-23,19.545530319213867
2010-04-26,19.70530128479004
2010-04-27,18.973011016845703
2010-04-28,18.586896896362305
2010-04-29,18.93306541442871
2010-04-30,18.879810333251953
2010-05-03,18.90643882751465
2010-05-04,18.214088439941406
2010-05-05,18.054319381713867
2010-05-06,17.628253936767578
2010-05-07,16.875999450683594
2010-05-10,18.733352661132812
2010-05-11,18.540294647216797
2010-05-12,18.76663589477539
2010-05-13,18.746662139892578
2010-05-14,17.921178817749023
2010-05-17,17.894546508789062
2010-05-18,18.313949584960938
2010-05-19,17.801347732543945
2010-05-20,17.508426666259766
2010-05-21,17.561681747436523
2010-05-24,17.475143432617188
2010-05-25,16.975847244262695
2010-05-26,17.275421142578125
2010-05-27,17.894546508789062
2010-05-28,17.887887954711914
2010-05-31,17.827974319458008
2010-06-01,17.81466293334961
2010-06-02,17.81466293334961
2010-06-03,18.02103614807129
2010-06-04,17.46182632446289
2010-06-07,17.341999053955078
2010-06-08,17.18222427368164
2010-06-09,17.51508331298828
2010-06-10,17.841289520263672
2010-06-11,18.01436996459961
2010-06-14,18.36721420288086
2010-06-15,18.467063903808594
2010-06-16,18.487031936645508
2010-06-17,18.540294647216797
2010-06-18,18.586896896362305
2010-06-21,18.819896697998047
2010-06-22,18.66678237915039
2010-06-23,18.36721420288086
2010-06-24,17.9677734375
2010-06-25,17.854602813720703
2010-06-28,18.174150466918945
2010-06-29,17.38859748840332
2010-06-30,17.501768112182617
2010-07-01,17.148942947387695
2010-07-02,17.115646362304688
2010-07-05,17.042423248291016
2010-07-06,17.555030822753906
2010-07-07,17.927824020385742
2010-07-08,18.167495727539062
2010-07-09,18.240718841552734
2010-07-12,18.26734733581543
2010-07-13,18.62683868408203
2010-07-14,18.600202560424805
2010-07-15,18.36721420288086
2010-07-16,17.961118698120117
2010-07-19,17.90785789489746
2010-07-20,17.847944259643555
2010-07-21,17.961118698120117
2010-07-22,18.440431594848633
2010-07-23,18.480379104614258
2010-07-26,18.64681053161621
2010-07-27,18.833208084106445
2010-07-28,18.833208084106445
2010-07-29,18.70006561279297
2010-07-30,18.62683868408203
2010-08-02,19.206003189086914
2010-08-03,19.179380416870117
2010-08-04,19.219327926635742
2010-08-05,19.146093368530273
2010-08-06,18.93306541442871
2010-08-09,19.23263931274414
2010-08-10,19.052902221679688
2010-08-11,18.526979446411133
2010-08-12,18.526979446411133
2010-08-13,18.420469284057617
2010-08-16,18.35388946533203
2010-08-17,18.63349723815918
2010-08-18,18.566923141479492
2010-08-19,18.174150466918945
2010-08-20,17.941143035888672
2010-08-23,18.10091781616211
2010-08-24,17.801347732543945
2010-08-25,17.621599197387695
2010-08-26,17.761396408081055
2010-08-27,17.894546508789062
2010-08-30,17.81466293334961
2010-08-31,17.86791229248047
2010-09-01,18.480379104614258
2010-09-02,18.460407257080078
2010-09-03,18.66678237915039
2010-09-06,18.733352661132812
2010-09-07,18.566923141479492
2010-09-08,18.733352661132812
2010-09-09,18.919755935668945
2010-09-10,18.913097381591797
2010-09-13,19.066213607788086
2010-09-14,19.09284210205078
2010-09-15,18.726696014404297
2010-09-16,18.66012191772461
2010-09-17,18.427122116088867
2010-09-20,18.786603927612305
2010-09-21,18.70672035217285
2010-09-22,18.44708824157715
2010-09-23,18.387176513671875
2010-09-24,18.720041275024414
2010-09-27,18.606863021850586
2010-09-28,18.613527297973633
2010-09-29,18.467063903808594
2010-09-30,18.380523681640625
2010-10-01,18.34723472595215
2010-10-04,18.094257354736328
2010-10-05,18.50701141357422
2010-10-06,18.66678237915039
2010-10-07,18.686752319335938
2010-10-08,18.67344093322754
2010-10-11,18.70672035217285
2010-10-12,18.600202560424805
2010-10-13,19.086185455322266
2010-10-14,19.006296157836914
2010-10-15,19.07952880859375
2010-10-18,19.099498748779297
2010-10-19,19.019607543945312
2010-10-20,19.146093368530273
2010-10-21,19.325836181640625
2010-10-22,19.25927734375
2010-10-25,19.239307403564453
2010-10-26,19.152755737304688
2010-10-27,18.986328125
2010-10-28,19.07952880859375
2010-10-29,19.066213607788086
2010-11-01,19.019607543945312
2010-11-02,19.199352264404297
2010-11-03,18.992982864379883
2010-11-04,19.319189071655273
2010-11-05,19.265928268432617
2010-11-08,19.272581100463867
2010-11-09,19.405729293823242
2010-11-10,19.12611961364746
2010-11-11,19.019607543945312
2010-11-12,18.973011016845703
2010-11-15,19.16607093811035
2010-11-16,18.70672035217285
2010-11-17,18.859832763671875
2010-11-18,19.212665557861328
2010-11-19,19.13943862915039
2010-11-22,18.90643882751465
2010-11-23,18.440431594848633
2010-11-24,18.586896896362305
2010-11-25,18.613527297973633
2010-11-26,18.420469284057617
2010-11-29,17.94780158996582
2010-11-30,17.83462905883789
2010-12-01,18.32061195373535
2010-12-02,18.726696014404297
2010-12-03,18.71337890625
2010-12-06,18.62017250061035
2010-12-07,18.879810333251953
2010-12-08,18.966346740722656
2010-12-09,19.119462966918945
2010-12-10,19.119462966918945
2010-12-13,19.23263931274414
2010-12-14,19.27924346923828
2010-12-15,19.13943862915039
2010-12-16,19.15941047668457
2010-12-17,18.986328125
2010-12-20,19.12611961364746
2010-12-21,19.385757446289062
2010-12-22,19.305870056152344
2010-12-23,19.27924346923828
2010-12-27,18.99964714050293
2010-12-28,19.026262283325195
2010-12-29,19.12611961364746
2010-12-30,18.939722061157227
2011-01-03,19.146093368530273
2011-01-04,19.13278579711914
2011-01-05,19.07952880859375
2011-01-06,19.086185455322266
2011-01-07,18.853181838989258
2011-01-10,18.600202560424805
2011-01-11,18.839868545532227
2011-01-12,19.36578369140625
2011-01-13,19.63872718811035
2011-01-14,19.652050018310547
2011-01-17,19.598787307739258
2011-01-18,19.84510040283203
2011-01-19,19.71861457824707
2011-01-20,19.751901626586914
2011-01-21,20.0181884765625
2011-01-24,20.071453094482422
2011-01-25,19.924991607666016
2011-01-26,20.03150177001953
2011-01-27,20.18462371826172
2011-01-28,19.90501594543457
2011-01-31,19.94495964050293
2011-02-01,20.284475326538086
2011-02-02,20.32442283630371
2011-02-03,20.211246490478516
2011-02-04,20.26450538635254
2011-02-07,20.470884323120117
2011-02-08,20.517480850219727
2011-02-09,20.44424819946289
2011-02-10,20.404312133789062
2011-02-11,20.41096305847168
2011-02-14,20.371021270751953
2011-02-15,20.457563400268555
2011-02-16,20.65728759765625
2011-02-17,20.677249908447266
2011-02-18,20.723854064941406
2011-02-21,20.344392776489258
2011-02-22,20.13136863708496
2011-02-23,19.93830108642578
2011-02-24,19.898357391357422
2011-02-25,20.151336669921875
2011-02-28,20.317768096923828
2011-03-01,20.14467430114746
2011-03-02,19.96493148803711
2011-03-03,20.02484893798828
2011-03-04,19.891704559326172
2011-03-07,19.791847229003906
2011-03-08,19.885051727294922
2011-03-09,19.79850196838379
2011-03-10,19.618759155273438
2011-03-11,19.458982467651367
2011-03-14,19.23263931274414
2011-03-15,18.573577880859375
2011-03-16,18.187463760375977
2011-03-17,18.64015007019043
2011-03-18,18.66678237915039
2011-03-21,19.13943862915039
2011-03-22,19.066213607788086
2011-03-23,19.15941047668457
2011-03-24,19.43236541748047
2011-03-25,19.439016342163086
2011-03-28,19.47229766845703
2011-03-29,19.458982467651367
2011-03-30,19.632076263427734
2011-03-31,19.44567108154297
2011-04-01,19.8184757232666
2011-04-04,19.79850196838379
2011-04-05,19.75855827331543
2011-04-06,19.878387451171875
2011-04-07,19.83179473876953
2011-04-08,19.971588134765625
2011-04-11,19.911672592163086
2011-04-12,19.612098693847656
2011-04-13,19.72527503967285
2011-04-14,19.50558090209961
2011-04-15,19.552186965942383
2011-04-18,19.07952880859375
2011-04-19,19.13278579711914
2011-04-20,19.5588436126709
2011-04-21,19.70530128479004
2011-04-26,19.851757049560547
2011-04-27,19.998220443725586
2011-04-28,20.18462371826172
2011-04-29,20.231216430664062
2011-05-02,20.26450538635254
2011-05-03,20.211246490478516
2011-05-04,19.911672592163086
2011-05-05,19.76521873474121
2011-05-06,19.978242874145508
2011-05-09,19.70530128479004
2011-05-10,19.93830108642578
2011-05-11,19.984907150268555
2011-05-12,19.791847229003906
2011-05-13,19.698650360107422
2011-05-16,19.618759155273438
2011-05-17,19.43236541748047
2011-05-18,19.53221321105957
2011-05-19,19.691993713378906
2011-05-20,19.50558090209961
2011-05-23,19.106157302856445
2011-05-24,19.16607093811035
2011-05-25,19.28589630126953
2011-05-26,19.1860408782959
2011-05-27,19.319189071655273
2011-05-30,19.28589630126953
2011-05-31,19.605451583862305
2011-06-01,19.3591251373291
2011-06-02,19.086185455322266
2011-06-03,19.099498748779297
2011-06-06,18.992982864379883
2011-06-07,19.026262283325195
2011-06-08,18.87315559387207
2011-06-09,19.059555053710938
2011-06-10,18.759979248046875
2011-06-13,18.77329444885254
2011-06-14,19.099498748779297
2011-06-15,18.580232620239258
2011-06-16,18.580232620239258
2011-06-17,18.853181838989258
2011-06-20,18.71337890625
2011-06-21,19.052902221679688
2011-06-22,19.032930374145508
2011-06-23,18.600202560424805
2011-06-24,18.500349044799805
2011-06-27,18.56026268005371
2011-06-28,18.726696014404297
2011-06-29,19.086185455322266
2011-06-30,19.41238784790039
2011-07-01,19.572154998779297
2011-07-04,19.525556564331055
2011-07-05,19.425701141357422
2011-07-06,19.29920768737793
2011-07-07,19.3591251373291
2011-07-08,19.006296157836914
2011-07-11,18.453746795654297
2011-07-12,18.34723472595215
2011-07-13,18.513656616210938
2011-07-14,18.36721420288086
2011-07-15,18.227405548095703
2011-07-18,17.874576568603516
2011-07-19,18.094257354736328
2011-07-20,18.43377685546875
2011-07-21,18.839868545532227
2011-07-22,18.879810333251953
2011-07-25,18.70672035217285
2011-07-26,18.66012191772461
2011-07-27,18.32061195373535
2011-07-28,18.34723472595215
2011-07-29,18.187463760375977
2011-08-01,17.688173294067383
2011-08-02,17.40190887451172
2011-08-03,17.062395095825195
2011-08-04,16.476560592651367
2011-08-05,16.230247497558594
2011-08-08,15.637754440307617
2011-08-09,15.69766902923584
2011-08-10,14.719061851501465
2011-08-11,15.111844062805176
2011-08-12,15.830812454223633
2011-08-15,15.89072322845459
2011-08-16,15.91069507598877
2011-08-17,15.943987846374512
2011-08-18,15.19837760925293
2011-08-19,14.798946380615234
2011-08-22,14.945402145385742
2011-08-23,15.111844062805176
2011-08-24,15.344840049743652
2011-08-25,15.191723823547363
2011-08-26,15.011977195739746
2011-08-29,15.358150482177734
2011-08-30,15.364809036254883
2011-08-31,15.830812454223633
2011-09-01,15.804187774658203
2011-09-02,15.251633644104004
2011-09-05,14.452774047851562
2011-09-06,14.319629669189453
2011-09-07,14.75234603881836
2011-09-08,14.865517616271973
2011-09-09,14.23308277130127
2011-09-12,13.73379898071289
2011-09-13,14.01340103149414
2011-09-14,14.306314468383789
2011-09-15,14.486059188842773
2011-09-16,14.472743034362793
2011-09-19,14.126564025878906
2011-09-20,14.392855644226074
2011-09-21,14.1531982421875
2011-09-22,13.460853576660156
2011-09-23,13.600650787353516
2011-09-26,14.020050048828125
2011-09-27,14.765665054321289
2011-09-28,14.672459602355957
2011-09-29,14.918776512145996
2011-09-30,14.69909381866455
2011-10-04,14.053343772888184
2011-10-05,14.659150123596191
2011-10-06,15.111844062805176
2011-10-07,15.251633644104004
2011-10-10,15.617782592773438
2011-10-11,15.564525604248047
2011-10-12,15.950642585754395
2011-10-13,15.724297523498535
2011-10-14,15.857441902160645
2011-10-17,15.577837944030762
2011-10-18,15.537897109985352
2011-10-19,15.68435001373291
2011-10-20,15.30489730834961
2011-10-21,15.71764087677002
2011-10-24,15.930673599243164
2011-10-25,15.804187774658203
2011-10-26,15.724297523498535
2011-10-27,16.682931900024414
2011-10-28,16.56310272216797
2011-10-31,16.070472717285156
2011-11-01,15.225010871887207
2011-11-02,15.411408424377441
2011-11-03,15.804187774658203
2011-11-04,15.398106575012207
2011-11-07,15.364809036254883
2011-11-08,15.537897109985352
2011-11-09,15.1650972366333
2011-11-10,15.225010871887207
2011-11-11,15.69766902923584
2011-11-14,15.444694519042969
2011-11-15,15.225010871887207
2011-11-16,15.324867248535156
2011-11-17,15.125153541564941
2011-11-18,15.105179786682129
2011-11-21,14.592571258544922
2011-11-22,14.446111679077148
2011-11-23,14.166515350341797
2011-11-24,14.139887809753418
2011-11-25,14.246402740478516
2011-11-28,15.011977195739746
2011-11-29,15.125153541564941
2011-11-30,15.770903587341309
2011-12-01,15.631095886230469
2011-12-02,15.817505836486816
2011-12-05,16.02387237548828
2011-12-06,15.924019813537598
2011-12-07,15.86409854888916
2011-12-08,15.471328735351562
2011-12-09,15.824155807495117
2011-12-12,15.364809036254883
2011-12-13,15.30489730834961
2011-12-14,14.932088851928711
2011-12-15,15.058577537536621
2011-12-16,14.882159233093262
2011-12-19,14.898807525634766
2011-12-20,15.30489730834961
2011-12-21,15.181736946105957
2011-12-22,15.37147045135498
2011-12-23,15.494621276855469
2011-12-27,15.50461196899414
2011-12-28,15.25496768951416
2011-12-29,15.524582862854004
2011-12-30,15.584498405456543
2012-01-02,16.0172119140625
2012-01-03,16.157020568847656
2012-01-04,15.907374382019043
2012-01-05,15.657721519470215
2012-01-06,15.531238555908203
2012-01-09,15.43803596496582
2012-01-10,15.884074211120605
2012-01-11,15.824155807495117
2012-01-12,15.89072322845459
2012-01-13,15.817505836486816
2012-01-16,15.985928535461426
2012-01-17,16.220256805419922
2012-01-18,16.180316925048828
2012-01-19,16.48322296142578
2012-01-20,16.42330551147461
2012-01-23,16.526491165161133
2012-01-24,16.453262329101562
2012-01-25,16.40998649597168
2012-01-26,16.676267623901367
2012-01-27,16.521831512451172
2012-01-30,16.316791534423828
2012-01-31,16.383359909057617
2012-02-01,16.752836227416992
2012-02-02,16.809419631958008
2012-02-03,17.04907989501953
2012-02-06,16.995834350585938
2012-02-07,17.04907989501953
2012-02-08,17.029111862182617
2012-02-09,17.102340698242188
2012-02-10,16.822742462158203
2012-02-13,16.882654190063477
2012-02-14,16.862680435180664
2012-02-15,16.90262794494629
2012-02-16,16.895965576171875
2012-02-17,17.072376251220703
2012-02-20,17.285417556762695
2012-02-21,17.212177276611328
2012-02-22,17.05906867980957
2012-02-23,16.99249267578125
2012-02-24,17.117650985717773
2012-02-27,17.045751571655273
2012-02-28,17.09901237487793
2012-02-29,17.009132385253906
2012-03-01,17.282081604003906
2012-03-02,17.252126693725586
2012-03-05,17.145606994628906
2012-03-06,16.56310272216797
2012-03-07,16.696252822875977
2012-03-08,17.042423248291016
2012-03-09,17.042423248291016
2012-03-12,17.029111862182617
2012-03-13,17.332008361816406
2012-03-14,17.43852996826172
2012-03-15,17.43852996826172
2012-03-16,17.511754989624023
2012-03-19,17.528392791748047
2012-03-20,17.318696975708008
2012-03-21,17.24547004699707
2012-03-22,17.012466430664062
2012-03-23,16.969192504882812
2012-03-26,17.072376251220703
2012-03-27,16.972522735595703
2012-03-28,16.746173858642578
2012-03-29,16.503189086914062
2012-03-30,16.659631729125977
2012-04-02,16.81608009338379
2012-04-03,16.52981948852539
2012-04-04,16.140369415283203
2012-04-05,16.09710121154785
2012-04-10,15.634424209594727
2012-04-11,15.76424503326416
2012-04-12,15.827482223510742
2012-04-13,15.471328735351562
2012-04-16,15.531238555908203
2012-04-17,15.97061538696289
2012-04-18,15.704324722290039
2012-04-19,15.384782791137695
2012-04-20,15.617782592773438
2012-04-23,15.178401947021484
2012-04-24,15.43803596496582
2012-04-25,15.69766902923584
2012-04-26,15.70765495300293
2012-04-27,15.857441902160645
2012-04-30,15.667710304260254
2012-05-02,15.56120491027832
2012-05-03,15.526580810546875
2012-05-04,15.311554908752441
2012-05-07,15.564525604248047
2012-05-08,15.25496768951416
2012-05-09,15.168423652648926
2012-05-10,15.384782791137695
2012-05-11,15.446688652038574
2012-05-14,15.09852409362793
2012-05-15,14.955394744873047
2012-05-16,14.938743591308594
2012-05-17,14.742362022399902
2012-05-18,14.725720405578613
2012-05-21,14.818921089172363
2012-05-22,15.121821403503418
2012-05-23,14.715731620788574
2012-05-24,14.872183799743652
2012-05-25,14.938743591308594
2012-05-28,14.848878860473633
2012-05-29,14.922106742858887
2012-05-30,14.679119110107422
2012-05-31,14.642504692077637
2012-06-01,14.352916717529297
2012-06-04,14.392855644226074
2012-06-05,14.462762832641602
2012-06-06,14.805609703063965
2012-06-07,14.818921089172363
2012-06-08,14.835564613342285
2012-06-11,14.815581321716309
2012-06-12,14.83889389038086
2012-06-13,14.842220306396484
2012-06-14,14.8841552734375
2012-06-15,14.778979301452637
2012-06-18,14.645827293395996
2012-06-19,14.912113189697266
2012-06-20,15.001988410949707
2012-06-21,14.942078590393066
2012-06-22,14.872183799743652
2012-06-25,14.492719650268555
2012-06-26,14.486059188842773
2012-06-27,14.742362022399902
2012-06-28,14.689103126525879
2012-06-29,15.404751777648926
2012-07-02,15.587828636169434
2012-07-03,15.757589340209961
2012-07-04,15.71764087677002
2012-07-05,15.541216850280762
2012-07-06,15.21169376373291
2012-07-09,15.158438682556152
2012-07-10,15.26162052154541
2012-07-11,15.308225631713867
2012-07-12,15.1650972366333
2012-07-13,15.374795913696289
2012-07-16,15.344840049743652
2012-07-17,15.321537017822266
2012-07-18,15.567852020263672
2012-07-19,15.68102741241455
2012-07-20,15.256965637207031
2012-07-23,14.858863830566406
2012-07-24,14.652484893798828
2012-07-25,14.719061851501465
2012-07-26,15.311554908752441
2012-07-27,15.64441204071045
2012-07-30,15.897388458251953
2012-07-31,15.834144592285156
2012-08-01,15.88740062713623
2012-08-02,15.418067932128906
2012-08-03,16.117076873779297
2012-08-06,16.293489456176758
2012-08-07,16.586408615112305
2012-08-08,16.546459197998047
2012-08-09,16.569765090942383
2012-08-10,16.469907760620117
2012-08-13,16.41332244873047
2012-08-14,16.53314971923828
2012-08-15,16.546459197998047
2012-08-16,16.716222763061523
2012-08-17,16.80609703063965
2012-08-20,16.778127670288086
2012-08-21,16.922590255737305
2012-08-22,16.689592361450195
2012-08-23,16.499862670898438
2012-08-24,16.549795150756836
2012-08-27,16.73619270324707
2012-08-28,16.61635971069336
2012-08-29,16.553123474121094
2012-08-30,16.356731414794922
2012-08-31,16.593069076538086
2012-09-03,16.792774200439453
2012-09-04,16.586408615112305
2012-09-05,16.599716186523438
2012-09-06,17.175565719604492
2012-09-07,17.274093627929688
2012-09-10,17.198867797851562
2012-09-11,17.413898468017578
2012-09-12,17.45849609375
2012-09-13,17.288734436035156
2012-09-14,17.623592376708984
2012-09-17,17.312042236328125
2012-09-18,17.12896728515625
2012-09-19,17.197540283203125
2012-09-20,17.108993530273438
2012-09-21,17.242136001586914
2012-09-24,17.155595779418945
2012-09-25,17.242136001586914
2012-09-26,16.772811889648438
2012-09-27,16.819408416748047
2012-09-28,16.48322296142578
2012-10-01,16.792774200439453
2012-10-02,16.72820281982422
2012-10-04,16.70623207092285
2012-10-05,16.997819900512695
2012-10-08,16.756160736083984
2012-10-09,16.59638786315918
2012-10-10,16.488536834716797
2012-10-11,16.70623207092285
2012-10-12,16.59638786315918
2012-10-15,16.709564208984375
2012-10-16,17.104333877563477
2012-10-17,17.27076530456543
2012-10-18,17.31536865234375
2012-10-19,17.102340698242188
2012-10-22,17.02777862548828
2012-10-23,16.649648666381836
2012-10-24,16.74950408935547
2012-10-25,16.679607391357422
2012-10-26,16.792774200439453
2012-10-29,16.671613693237305
2012-10-30,16.922590255737305
2012-10-31,16.83605194091797
2012-11-01,17.05906867980957
2012-11-02,17.12896728515625
2012-11-05,16.94256019592285
2012-11-06,17.052406311035156
2012-11-07,16.686262130737305
2012-11-08,16.682931900024414
2012-11-09,16.669620513916016
2012-11-12,16.666290283203125
2012-11-13,16.758161544799805
2012-11-14,16.633005142211914
2012-11-15,16.543140411376953
2012-11-16,16.340091705322266
2012-11-19,16.789447784423828
2012-11-20,16.875999450683594
2012-11-21,16.9126033782959
2012-11-22,17.042423248291016
2012-11-23,17.178895950317383
2012-11-26,17.105670928955078
2012-11-27,17.095678329467773
2012-11-28,17.12430191040039
2012-11-29,17.3586368560791
2012-11-30,17.322025299072266
2012-12-03,17.378604888916016
2012-12-04,17.448509216308594
2012-12-05,17.448509216308594
2012-12-06,17.535057067871094
2012-12-07,17.495115280151367
2012-12-10,17.475143432617188
2012-12-11,17.65688133239746
2012-12-12,17.698158264160156
2012-12-13,17.698158264160156
2012-12-14,17.68150520324707
2012-12-17,17.711471557617188
2012-12-18,17.811325073242188
2012-12-19,17.874576568603516
2012-12-20,17.89121437072754
2012-12-21,17.837961196899414
2012-12-27,17.921178817749023
2012-12-28,17.72811508178711
2013-01-02,18.23739242553711
2013-01-03,18.177478790283203
2013-01-04,18.2540340423584
2013-01-07,18.137531280517578
2013-01-08,18.124225616455078
2013-01-09,18.220748901367188
2013-01-10,18.23739242553711
2013-01-11,18.32061195373535
2013-01-14,18.270675659179688
2013-01-15,18.2041072845459
2013-01-16,18.214088439941406
2013-01-17,18.317276000976562
2013-01-18,18.2540340423584
2013-01-21,18.373865127563477
2013-01-22,18.303966522216797
2013-01-23,18.260690689086914
2013-01-24,18.37053108215332
2013-01-25,18.526979446411133
2013-01-28,18.530302047729492
2013-01-29,18.556934356689453
2013-01-30,18.45041275024414
2013-01-31,18.2540340423584
2013-02-01,18.2906494140625
2013-02-04,17.714807510375977
2013-02-05,17.897871017456055
2013-02-06,17.668197631835938
2013-02-07,17.52507781982422
2013-02-08,17.754743576049805
2013-02-11,17.721460342407227
2013-02-12,17.89320945739746
2013-02-13,17.937814712524414
2013-02-14,17.79468536376953
2013-02-15,17.654890060424805
2013-02-18,17.68150520324707
2013-02-19,17.974428176879883
2013-02-20,17.808000564575195
2013-02-21,17.43852996826172
2013-02-22,17.778045654296875
2013-02-25,17.874576568603516
2013-02-26,17.34865379333496
2013-02-27,17.638235092163086
2013-02-28,17.778045654296875
2013-03-01,17.668197631835938
2013-03-04,17.6801815032959
2013-03-05,18.080947875976562
2013-03-06,18.087610244750977
2013-03-07,18.1541805267334
2013-03-08,18.39716339111328
2013-03-11,18.32061195373535
2013-03-12,18.2773380279541
2013-03-13,18.26402473449707
2013-03-14,18.50701141357422
2013-03-15,18.39022445678711
2013-03-18,18.265928268432617
2013-03-19,18.037473678588867
2013-03-20,18.265928268432617
2013-03-21,18.124828338623047
2013-03-22,18.110042572021484
2013-03-25,17.89301109313965
2013-03-26,17.82581329345703
2013-03-27,17.64776611328125
2013-03-28,17.704879760742188
2013-04-02,18.054279327392578
2013-04-03,17.82246208190918
2013-04-04,17.684724807739258
2013-04-05,17.452909469604492
2013-04-08,17.483154296875
2013-04-09,17.52346420288086
2013-04-10,17.96356773376465
2013-04-11,18.087867736816406
2013-04-12,17.835901260375977
2013-04-15,17.778789520263672
2013-04-16,17.671287536621094
2013-04-17,17.295021057128906
2013-04-18,17.305086135864258
2013-04-19,17.456270217895508
2013-04-22,17.503307342529297
2013-04-23,18.040834426879883
2013-04-24,18.296161651611328
2013-04-25,18.319677352905273
2013-04-26,18.212175369262695
2013-04-29,18.487653732299805
2013-04-30,18.45069694519043
2013-05-02,18.517887115478516
2013-05-03,18.8303279876709
2013-05-06,18.776575088500977
2013-05-07,18.91767692565918
2013-05-08,19.060802459716797
2013-05-09,19.041988372802734
2013-05-10,19.105812072753906
2013-05-13,19.072221755981445
2013-05-14,19.206594467163086
2013-05-15,19.27715301513672
2013-05-16,19.283872604370117
2013-05-17,19.3712215423584
2013-05-20,19.45185089111328
2013-05-21,19.424970626831055
2013-05-22,19.522396087646484
2013-05-23,19.142772674560547
2013-05-24,19.065502166748047
2013-05-27,19.267066955566406
2013-05-28,19.522396087646484
2013-05-29,19.23012351989746
2013-05-30,19.307390213012695
2013-05-31,19.10917854309082
2013-06-03,18.951271057128906
2013-06-04,19.007043838500977
2013-06-05,18.69930648803711
2013-06-06,18.487653732299805
2013-06-07,18.81017303466797
2013-06-10,18.793376922607422
2013-06-11,18.53468894958496
2013-06-12,18.474218368530273
2013-06-13,18.386865615844727
2013-06-14,18.45069694519043
2013-06-17,18.677146911621094
2013-06-18,18.68054962158203
2013-06-19,18.554723739624023
2013-06-20,17.90177345275879
2013-06-21,17.650115966796875
2013-06-24,17.401851654052734
2013-06-25,17.622905731201172
2013-06-26,18.00719451904297
2013-06-27,18.180627822875977
2013-06-28,18.03440284729004
2013-07-01,18.15682601928711
2013-07-02,18.036439895629883
2013-07-03,17.840559005737305
2013-07-04,18.343873977661133
2013-07-05,18.000391006469727
2013-07-08,18.384681701660156
2013-07-09,18.483304977416992
2013-07-10,18.449296951293945
2013-07-11,18.62273597717285
2013-07-12,18.564922332763672
2013-07-15,18.66354751586914
2013-07-16,18.507110595703125
2013-07-17,18.59553337097168
2013-07-18,18.860795974731445
2013-07-19,18.850589752197266
2013-07-22,18.928808212280273
2013-07-23,18.915205001831055
2013-07-24,19.109054565429688
2013-07-25,19.024032592773438
2013-07-26,19.037635803222656
2013-07-29,19.020633697509766
2013-07-30,19.139659881591797
2013-07-31,19.217870712280273
2013-08-01,19.483137130737305
2013-08-02,19.53415298461914
2013-08-05,19.51714324951172
2013-08-06,19.384517669677734
2013-08-07,19.4049129486084
2013-08-08,19.5511531829834
2013-08-09,19.622573852539062
2013-08-12,19.632776260375977
2013-08-13,19.731395721435547
2013-08-14,19.809614181518555
2013-08-15,19.693986892700195
2013-08-16,19.826622009277344
2013-08-19,19.62936782836914
2013-08-20,19.391313552856445
2013-08-21,19.27908706665039
2013-08-22,19.53415298461914
2013-08-23,19.632776260375977
2013-08-26,19.5987606048584
2013-08-27,19.126056671142578
2013-08-28,19.068239212036133
2013-08-29,19.16686248779297
2013-08-30,18.928808212280273
2013-09-02,19.265487670898438
2013-09-03,19.14645767211914
2013-09-04,19.183862686157227
2013-09-05,19.28929901123047
2013-09-06,19.476343154907227
2013-09-09,19.44913101196289
2013-09-10,19.79941177368164
2013-09-11,19.893272399902344
2013-09-12,19.877626419067383
2013-09-13,19.9150390625
2013-09-16,20.104719161987305
2013-09-17,20.076988220214844
2013-09-18,20.208709716796875
2013-09-19,20.382022857666016
2013-09-20,20.361230850219727
2013-09-23,20.226037979125977
2013-09-24,20.323095321655273
2013-09-25,20.361230850219727
2013-09-26,20.33003044128418
2013-09-27,20.312700271606445
2013-09-30,20.14630889892578
2013-10-01,20.413219451904297
2013-10-02,20.30575942993164
2013-10-04,20.36815643310547
2013-10-07,20.340425491333008
2013-10-08,20.18791389465332
2013-10-09,20.215635299682617
2013-10-10,20.662792205810547
2013-10-11,20.711322784423828
2013-10-14,20.718259811401367
2013-10-15,20.908905029296875
2013-10-16,21.009429931640625
2013-10-17,20.971298217773438
2013-10-18,21.127286911010742
2013-10-21,21.1203556060791
2013-10-22,21.217409133911133
2013-10-23,21.037153244018555
2013-10-24,21.155019760131836
2013-10-25,21.134212493896484
2013-10-28,21.047557830810547
2013-10-29,21.248607635498047
2013-10-30,21.189674377441406
2013-10-31,21.3664608001709
2013-11-01,21.269399642944336
2013-11-04,21.32486915588379
2013-11-05,21.148086547851562
2013-11-06,21.286733627319336
2013-11-07,21.203542709350586
2013-11-08,21.161945343017578
2013-11-11,21.290199279785156
2013-11-12,21.161945343017578
2013-11-13,21.071819305419922
2013-11-14,21.293670654296875
2013-11-15,21.307540893554688
2013-11-18,21.473920822143555
2013-11-19,21.286733627319336
2013-11-20,21.279804229736328
2013-11-21,21.241670608520508
2013-11-22,21.331798553466797
2013-11-25,21.439247131347656
2013-11-26,21.383787155151367
2013-11-27,21.505117416381836
2013-11-28,21.574445724487305
2013-11-29,21.53631591796875
2013-12-02,21.49471092224121
2013-12-03,21.040626525878906
2013-12-04,20.874244689941406
2013-12-05,20.607337951660156
2013-12-06,20.825716018676758
2013-12-09,20.874244689941406
2013-12-10,20.676666259765625
2013-12-11,20.56226921081543
2013-12-12,20.440950393676758
2013-12-13,20.39588737487793
2013-12-16,20.794301986694336
2013-12-17,20.544015884399414
2013-12-18,20.7804012298584
2013-12-19,21.173198699951172
2013-12-20,21.3052978515625
2013-12-23,21.46172332763672
2013-12-27,21.722431182861328
2013-12-30,21.66333770751953
2014-01-02,21.343536376953125
2014-01-03,21.45477867126465
2014-01-06,21.402626037597656
2014-01-07,21.705053329467773
2014-01-08,21.732858657836914
2014-01-09,21.590341567993164
2014-01-10,21.687671661376953
2014-01-13,21.750240325927734
2014-01-14,21.784997940063477
2014-01-15,22.143047332763672
2014-01-16,22.014429092407227
2014-01-17,22.038761138916016
2014-01-20,22.052663803100586
2014-01-21,22.04571533203125
2014-01-22,22.014429092407227
2014-01-23,21.79195785522461
2014-01-24,21.162771224975586
2014-01-27,21.055011749267578
2014-01-28,21.214920043945312
2014-01-29,21.06891632080078
2014-01-30,21.173198699951172
2014-01-31,21.100202560424805
2014-02-03,20.728256225585938
2014-02-04,20.759546279907227
2014-02-05,20.745635986328125
2014-02-06,21.093252182006836
2014-02-07,21.29486656188965
2014-02-10,21.23925018310547
2014-02-11,21.548625946044922
2014-02-12,21.68071937561035
2014-02-13,21.698091506958008
2014-02-14,21.85452651977539
2014-02-17,21.86147689819336
2014-02-18,21.830196380615234
2014-02-19,21.84757423400879
2014-02-20,21.85452651977539
2014-02-21,21.92405128479004
2014-02-24,22.08047103881836
2014-02-25,22.104814529418945
2014-02-26,22.0352840423584
2014-02-27,21.941425323486328
2014-02-28,22.014429092407227
2014-03-03,21.36090660095215
2014-03-04,21.948383331298828
2014-03-05,21.927526473999023
2014-03-06,22.01095199584961
2014-03-07,21.67376136779785
2014-03-10,21.632049560546875
2014-03-11,21.632049560546875
2014-03-12,21.4582462310791
2014-03-13,21.117582321166992
2014-03-14,21.030677795410156
2014-03-17,21.34621810913086
2014-03-18,21.50351905822754
2014-03-19,21.520992279052734
2014-03-20,21.618854522705078
2014-03-21,21.664302825927734
2014-03-24,21.381175994873047
2014-03-25,21.68527603149414
2014-03-26,21.933446884155273
2014-03-27,21.975391387939453
2014-03-28,22.227062225341797
2014-03-31,22.160648345947266
2014-04-01,22.32842254638672
2014-04-02,22.32842254638672
2014-04-03,22.468236923217773
2014-04-04,22.643003463745117
2014-04-07,22.34239959716797
2014-04-08,22.262006759643555
2014-04-09,22.31793975830078
2014-04-10,22.129186630249023
2014-04-11,21.870527267456055
2014-04-14,21.99636459350586
2014-04-15,21.737701416015625
2014-04-16,22.059282302856445
2014-04-17,22.17462158203125
2014-04-22,22.503189086914062
2014-04-23,22.366880416870117
2014-04-24,22.42629623413086
2014-04-25,22.157146453857422
2014-04-28,22.279495239257812
2014-04-29,22.56960678100586
2014-04-30,22.54163932800293
2014-05-02,22.42629623413086
2014-05-05,22.440269470214844
2014-05-06,22.296964645385742
2014-05-07,22.377357482910156
2014-05-08,22.71990203857422
2014-05-09,22.60805892944336
2014-05-12,22.793304443359375
2014-05-13,22.824771881103516
2014-05-14,22.852724075317383
2014-05-15,22.51017951965332
2014-05-16,22.60106658935547
2014-05-19,22.60455322265625
2014-05-20,22.58358383178711
2014-05-21,22.744365692138672
2014-05-22,22.775833129882812
2014-05-23,22.870206832885742
2014-05-26,23.223234176635742
2014-05-27,23.258188247680664
2014-05-28,23.28265380859375
2014-05-29,23.279165267944336
2014-05-30,23.293148040771484
2014-06-02,23.317604064941406
2014-06-03,23.28265380859375
2014-06-04,23.240713119506836
2014-06-05,23.464418411254883
2014-06-06,23.656661987304688
2014-06-09,23.785991668701172
2014-06-10,23.806964874267578
2014-06-11,23.625205993652344
2014-06-12,23.600736618041992
2014-06-13,23.58675765991211
2014-06-16,23.440155029296875
2014-06-17,23.535064697265625
2014-06-18,23.55615997314453
2014-06-19,23.82683563232422
2014-06-20,23.72840690612793
2014-06-23,23.56319236755371
2014-06-24,23.612401962280273
2014-06-25,23.401485443115234
2014-06-26,23.28899383544922
2014-06-27,23.23978042602539
2014-06-30,23.218692779541016
2014-07-01,23.440155029296875
2014-07-02,23.412029266357422
2014-07-03,23.672163009643555
2014-07-04,23.55263900756836
2014-07-07,23.28899383544922
2014-07-08,22.962066650390625
2014-07-09,23.085105895996094
2014-07-10,22.71599006652832
2014-07-11,22.754671096801758
2014-07-14,22.965587615966797
2014-07-15,22.754671096801758
2014-07-16,23.109708786010742
2014-07-17,22.807392120361328
2014-07-18,22.849584579467773
2014-07-21,22.645687103271484
2014-07-22,23.0007381439209
2014-07-23,23.021825790405273
2014-07-24,23.211658477783203
2014-07-25,22.891765594482422
2014-07-28,22.881216049194336
2014-07-29,23.007766723632812
2014-07-30,22.849584579467773
2014-07-31,22.473440170288086
2014-08-01,22.188701629638672
2014-08-04,22.143003463745117
2014-08-05,22.19924545288086
2014-08-06,22.044570922851562
2014-08-07,21.759828567504883
2014-08-08,21.703582763671875
2014-08-11,21.988319396972656
2014-08-12,21.83013916015625
2014-08-13,22.065662384033203
2014-08-14,22.090269088745117
2014-08-15,21.932085037231445
2014-08-18,22.188701629638672
2014-08-19,22.332826614379883
2014-08-20,22.26251983642578
2014-08-21,22.547260284423828
2014-08-22,22.33985710144043
2014-08-25,22.821456909179688
2014-08-26,23.039400100708008
2014-08-27,23.004255294799805
2014-08-28,22.8284912109375
2014-08-29,22.89527702331543
2014-09-01,22.898788452148438
2014-09-02,22.926918029785156
2014-09-03,23.180017471313477
2014-09-04,23.605377197265625
2014-09-05,23.612401962280273
2014-09-08,23.55615997314453
2014-09-09,23.373363494873047
2014-09-10,23.387418746948242
2014-09-11,23.327667236328125
2014-09-12,23.313602447509766
2014-09-15,23.28743553161621
2014-09-16,23.208389282226562
2014-09-17,23.341346740722656
2014-09-18,23.556926727294922
2014-09-19,23.56412124633789
2014-09-22,23.503034591674805
2014-09-23,23.16167640686035
2014-09-24,23.39523696899414
2014-09-25,23.12574577331543
2014-09-26,23.229951858520508
2014-09-29,23.010772705078125
2014-09-30,23.309005737304688
2014-10-01,23.064664840698242
2014-10-02,22.4143009185791
2014-10-06,22.655038833618164
2014-10-07,22.263385772705078
2014-10-08,22.037023544311523
2014-10-09,21.961551666259766
2014-10-10,21.595054626464844
2014-10-13,21.630979537963867
2014-10-14,21.663326263427734
2014-10-15,20.94109344482422
2014-10-16,20.74705696105957
2014-10-17,21.37586784362793
2014-10-20,21.1602783203125
2014-10-21,21.645357131958008
2014-10-22,21.77830696105957
2014-10-23,22.01905059814453
2014-10-24,21.922033309936523
2014-10-27,21.699254989624023
2014-10-28,21.950773239135742
2014-10-29,21.889698028564453
2014-10-30,21.9364070892334
2014-10-31,22.511314392089844
2014-11-03,22.288530349731445
2014-11-04,21.950773239135742
2014-11-05,22.313692092895508
2014-11-06,22.410707473754883
2014-11-07,22.144811630249023
2014-11-10,22.374771118164062
2014-11-11,22.435855865478516
2014-11-12,22.08732032775879
2014-11-13,22.09809684753418
2014-11-14,22.16277503967285
2014-11-17,22.331649780273438
2014-11-18,22.629892349243164
2014-11-19,22.64785385131836
2014-11-20,22.511314392089844
2014-11-21,23.11138343811035
2014-11-24,23.255107879638672
2014-11-25,23.388051986694336
2014-11-26,23.380855560302734
2014-11-27,23.51021957397461
2014-11-28,23.538965225219727
2014-12-01,23.427576065063477
2014-12-02,23.467105865478516
2014-12-03,23.546152114868164
2014-12-04,23.168867111206055
2014-12-05,23.7689208984375
2014-12-08,23.556926727294922
2014-12-09,22.949684143066406
2014-12-10,22.831106185913086
2014-12-11,22.928125381469727
2014-12-12,22.288530349731445
2014-12-15,21.639053344726562
2014-12-16,22.157867431640625
2014-12-17,22.193897247314453
2014-12-18,22.932493209838867
2014-12-19,22.849620819091797
2014-12-22,22.946903228759766
2014-12-23,23.213518142700195
2014-12-29,23.18109130859375
2014-12-30,22.871240615844727
2015-01-02,22.842416763305664
2015-01-05,21.9957332611084
2015-01-06,21.830001831054688
2015-01-07,21.9957332611084
2015-01-08,22.791976928710938
2015-01-09,22.15426254272461
2015-01-12,22.428085327148438
2015-01-13,22.791976928710938
2015-01-14,22.496540069580078
2015-01-15,22.968523025512695
2015-01-16,23.28917694091797
2015-01-19,23.444101333618164
2015-01-20,23.606237411499023
2015-01-21,23.79718780517578
2015-01-22,24.14667320251465
2015-01-23,24.640268325805664
2015-01-26,24.82401466369629
2015-01-27,24.568214416503906
2015-01-28,24.46012306213379
2015-01-29,24.557405471801758
2015-01-30,24.41328239440918
2015-02-02,24.56100845336914
2015-02-03,24.834827423095703
2015-02-04,24.867246627807617
2015-02-05,24.856435775756836
2015-02-06,24.7303409576416
2015-02-09,24.406078338623047
2015-02-10,24.65468406677246
2015-02-11,24.579021453857422
2015-02-12,24.870859146118164
2015-02-13,25.06180191040039
2015-02-16,25.022174835205078
2015-02-17,25.007770538330078
2015-02-18,25.220335006713867
2015-02-19,25.389678955078125
2015-02-20,25.431467056274414
2015-02-23,25.623859405517578
2015-02-24,25.807601928710938
2015-02-25,25.789602279663086
2015-02-26,26.045400619506836
2015-02-27,26.200326919555664
2015-03-02,26.157089233398438
2015-03-03,25.850849151611328
2015-03-04,26.07062339782715
2015-03-05,26.33724594116211
2015-03-06,26.33363914489746
2015-03-09,26.301206588745117
2015-03-10,25.987756729125977
2015-03-11,26.571428298950195
2015-03-12,26.51017189025879
2015-03-13,26.63627052307129
2015-03-16,26.969459533691406
2015-03-17,26.74842643737793
2015-03-18,26.715822219848633
2015-03-19,26.73393440246582
2015-03-20,27.13976287841797
2015-03-23,26.965835571289062
2015-03-24,27.17599868774414
2015-03-25,26.860748291015625
2015-03-26,26.741182327270508
2015-03-27,26.817276000976562
2015-03-30,27.18686866760254
2015-03-31,26.936845779418945
2015-04-01,27.10352325439453
2015-04-02,27.13251304626465
2015-04-07,27.487611770629883
2015-04-08,27.33542823791504
2015-04-09,27.581832885742188
2015-04-10,27.84996223449707
2015-04-13,27.955053329467773
2015-04-14,27.628931045532227
2015-04-15,27.762998580932617
2015-04-16,27.426021575927734
2015-04-17,26.864381790161133
2015-04-20,27.165132522583008
2015-04-21,27.19412612915039
2015-04-22,27.212221145629883
2015-04-23,27.03105354309082
2015-04-24,27.172372817993164
2015-04-27,27.610815048217773
2015-04-28,27.212221145629883
2015-04-29,26.47667121887207
2015-04-30,26.4984073638916
2015-05-04,26.665084838867188
2015-05-05,26.074462890625
2015-05-06,26.114315032958984
2015-05-07,26.16143035888672
2015-05-08,26.849889755249023
2015-05-11,26.741182327270508
2015-05-12,26.39332389831543
2015-05-13,26.233896255493164
2015-05-14,26.610736846923828
2015-05-15,26.422311782836914
2015-05-18,26.585371017456055
2015-05-19,27.15425682067871
2015-05-20,27.28108787536621
2015-05-21,27.33905029296875
2015-05-22,27.306440353393555
2015-05-26,26.94409942626953
2015-05-27,27.328182220458984
2015-05-28,27.12526512145996
2015-05-29,26.541898727416992
2015-06-01,26.552745819091797
2015-06-02,26.47667121887207
2015-06-03,26.617992401123047
2015-06-04,26.422311782836914
2015-06-05,26.052722930908203
2015-06-08,25.809951782226562
2015-06-09,25.72298812866211
2015-06-10,26.24477195739746
2015-06-11,26.465805053710938
2015-06-12,26.081714630126953
2015-06-15,25.595232009887695
2015-06-16,25.70819091796875
2015-06-17,25.515066146850586
2015-06-18,25.668115615844727
2015-06-19,25.73734474182129
2015-06-22,26.812313079833984
2015-06-23,27.02002716064453
2015-06-24,26.90705680847168
2015-06-25,26.874267578125
2015-06-26,26.965370178222656
2015-06-29,25.8211612701416
2015-06-30,25.547868728637695
2015-07-01,26.021587371826172
2015-07-02,25.788362503051758
2015-07-03,25.68634033203125
2015-07-06,25.092361450195312
2015-07-07,24.574922561645508
2015-07-08,24.800846099853516
2015-07-09,25.47133445739746
2015-07-10,26.3131046295166
2015-07-13,26.735795974731445
2015-07-14,26.89613151550293
2015-07-15,27.041889190673828
2015-07-16,27.406282424926758
2015-07-17,27.344348907470703
2015-07-20,27.475522994995117
2015-07-21,27.162141799926758
2015-07-22,27.111112594604492
2015-07-23,27.078338623046875
2015-07-24,26.82689666748047
2015-07-27,26.181907653808594
2015-07-28,26.488008499145508
2015-07-29,26.630128860473633
2015-07-30,26.68478012084961
2015-07-31,26.845111846923828
2015-08-03,27.078338623046875
2015-08-04,26.998165130615234
2015-08-05,27.39899253845215
2015-08-06,27.329763412475586
2015-08-07,27.114765167236328
2015-08-10,27.39899253845215
2015-08-11,26.89613151550293
2015-08-12,25.977853775024414
2015-08-13,26.222000122070312
2015-08-14,26.025226593017578
2015-08-17,26.065303802490234
2015-08-18,26.05437469482422
2015-08-19,25.555150985717773
2015-08-20,25.004913330078125
2015-08-21,24.19594955444336
2015-08-24,22.935142517089844
2015-08-25,24.024681091308594
2015-08-26,23.649354934692383
2015-08-27,24.509334564208984
2015-08-28,24.509334564208984
2015-08-31,24.378150939941406
2015-09-01,23.765960693359375
2015-09-02,23.820619583129883
2015-09-03,24.381793975830078
2015-09-04,23.685794830322266
2015-09-07,23.842483520507812
2015-09-08,24.08298110961914
2015-09-09,24.370861053466797
2015-09-10,24.021041870117188
2015-09-11,23.79511833190918
2015-09-14,23.638425827026367
2015-09-15,23.943265914916992
2015-09-16,24.259231567382812
2015-09-17,24.27410316467285
2015-09-18,23.526914596557617
2015-09-21,23.76482391357422
2015-09-22,22.94330596923828
2015-09-23,22.987911224365234
2015-09-24,22.523244857788086
2015-09-25,23.244401931762695
2015-09-28,22.69052505493164
2015-09-29,22.601299285888672
2015-09-30,23.13288688659668
2015-10-01,22.928430557250977
2015-10-02,23.073406219482422
2015-10-05,23.816869735717773
2015-10-06,24.017608642578125
2015-10-07,24.069650650024414
2015-10-08,24.10681915283203
2015-10-09,24.25551414489746
2015-10-12,24.236927032470703
2015-10-13,24.058500289916992
2015-10-14,23.831737518310547
2015-10-15,24.177452087402344
2015-10-16,24.378183364868164
2015-10-19,24.433944702148438
2015-10-20,24.3112735748291
2015-10-21,24.441375732421875
2015-10-22,25.054738998413086
2015-10-23,25.571443557739258
2015-10-26,25.51568603515625
2015-10-27,25.24803352355957
2015-10-28,25.53798484802246
2015-10-29,25.500825881958008
2015-10-30,25.51568603515625
2015-11-02,25.642080307006836
2015-11-03,25.723857879638672
2015-11-04,25.668092727661133
2015-11-05,25.764739990234375
2015-11-06,25.89484977722168
2015-11-09,25.519407272338867
2015-11-10,25.601181030273438
2015-11-11,25.753599166870117
2015-11-12,25.326093673706055
2015-11-13,25.12908363342285
2015-11-16,25.143949508666992
2015-11-17,25.81678009033203
2015-11-18,25.67181396484375
2015-11-19,25.77961540222168
2015-11-20,25.827938079833984
2015-11-23,25.77961540222168
2015-11-24,25.523122787475586
2015-11-25,25.887413024902344
2015-11-26,26.158788681030273
2015-11-27,26.088150024414062
2015-11-30,26.19968605041504
2015-12-01,26.002649307250977
2015-12-02,25.939462661743164
2015-12-03,24.950651168823242
2015-12-04,24.913482666015625
2015-12-07,25.143949508666992
2015-12-08,24.67186164855957
2015-12-09,24.530595779418945
2015-12-10,24.463682174682617
2015-12-11,23.984149932861328
2015-12-14,23.48231315612793
2015-12-15,24.27330780029297
2015-12-16,24.295679092407227
2015-12-17,24.735733032226562
2015-12-18,24.396373748779297
2015-12-21,24.053287506103516
2015-12-22,24.112958908081055
2015-12-23,24.616395950317383
2015-12-28,24.385189056396484
2015-12-29,24.821496963500977
2015-12-30,24.683513641357422
2016-01-04,23.680370330810547
2016-01-05,23.781055450439453
2016-01-06,23.49390983581543
2016-01-07,23.098617553710938
2016-01-08,22.70332145690918
2016-01-11,22.69959259033203
2016-01-12,22.9233455657959
2016-01-13,23.050132751464844
2016-01-14,22.658567428588867
2016-01-15,22.09173011779785
2016-01-18,21.9873104095459
2016-01-19,22.3527774810791
2016-01-20,21.614395141601562
2016-01-21,22.06189727783203
2016-01-22,22.628734588623047
2016-01-25,22.516855239868164
2016-01-26,22.721969604492188
2016-01-27,22.841306686401367
2016-01-28,22.330398559570312
2016-01-29,22.818918228149414
2016-02-01,22.69959259033203
2016-02-02,22.132753372192383
2016-02-03,21.700166702270508
2016-02-04,21.826953887939453
2016-02-05,21.62184715270996
2016-02-08,20.890933990478516
2016-02-09,20.49563980102539
2016-02-10,20.92076301574707
2016-02-11,20.145090103149414
2016-02-12,20.674638748168945
2016-02-15,21.275033950805664
2016-02-16,21.178085327148438
2016-02-17,21.7150821685791
2016-02-18,21.73746109008789
2016-02-19,21.52489471435547
2016-02-22,21.998502731323242
2016-02-23,21.681520462036133
2016-02-24,21.166894912719727
2016-02-25,21.57337188720703
2016-02-26,21.983583450317383
2016-02-29,22.1364803314209
2016-03-01,22.49448585510254
2016-03-02,22.651113510131836
2016-03-03,22.587718963623047
2016-03-04,22.789093017578125
2016-03-07,22.695865631103516
2016-03-08,22.524316787719727
2016-03-09,22.61008644104004
2016-03-10,22.31175422668457
2016-03-11,23.027759552001953
2016-03-14,23.210493087768555
2016-03-15,23.00648307800293
2016-03-16,22.980253219604492
2016-03-17,22.81916618347168
2016-03-18,22.957780838012695
2016-03-21,22.901588439941406
2016-03-22,22.886598587036133
2016-03-23,22.845396041870117
2016-03-24,22.444530487060547
2016-03-29,22.556922912597656
2016-03-30,22.85287857055664
2016-03-31,22.598133087158203
2016-04-01,22.17853546142578
2016-04-04,22.245969772338867
2016-04-05,21.713987350463867
2016-04-06,21.860090255737305
2016-04-07,21.635311126708984
2016-04-08,21.867589950561523
2016-04-11,22.002450942993164
2016-04-12,22.1373291015625
2016-04-13,22.864120483398438
2016-04-14,23.021467208862305
2016-04-15,22.965272903442383
2016-04-18,23.047698974609375
2016-04-19,23.43356704711914
2016-04-20,23.650859832763672
2016-04-21,23.725793838500977
2016-04-22,23.647113800048828
2016-04-25,23.463539123535156
2016-04-26,23.519733428955078
2016-04-27,23.61339569091797
2016-04-28,23.583419799804688
2016-04-29,22.886598587036133
2016-05-02,22.957780838012695
2016-05-03,22.571903228759766
2016-05-04,22.275943756103516
2016-05-05,22.37335777282715
2016-05-06,22.362110137939453
2016-05-09,22.52320098876953
2016-05-10,22.729246139526367
2016-05-11,22.575651168823242
2016-05-12,22.399568557739258
2016-05-13,22.556922912597656
2016-05-17,22.47825050354004
2016-05-18,22.635589599609375
2016-05-19,22.339632034301758
2016-05-20,22.669309616088867
2016-05-23,22.500728607177734
2016-05-24,23.088905334472656
2016-05-25,23.50101089477539
2016-05-26,23.587173461914062
2016-05-27,23.669599533081055
2016-05-30,23.718299865722656
2016-05-31,23.527231216430664
2016-06-01,23.336170196533203
2016-06-02,23.33991050720215
2016-06-03,23.077669143676758
2016-06-06,23.115129470825195
2016-06-07,23.422332763671875
2016-06-08,23.29120635986328
2016-06-09,23.047698974609375
2016-06-10,22.429542541503906
2016-06-13,21.976232528686523
2016-06-14,21.571624755859375
2016-06-15,21.825416564941406
2016-06-16,21.74977684020996
2016-06-17,21.96534538269043
2016-06-20,22.748199462890625
2016-06-21,22.910825729370117
2016-06-22,23.001590728759766
2016-06-23,23.47433090209961
2016-06-24,21.424531936645508
2016-06-27,20.796735763549805
2016-06-28,21.311077117919922
2016-06-29,21.867019653320312
2016-06-30,22.112842559814453
2016-07-01,22.248992919921875
2016-07-04,22.093931198120117
2016-07-05,21.74599838256836
2016-07-06,21.36023712158203
2016-07-07,21.503950119018555
2016-07-08,21.931310653686523
2016-07-11,22.290590286254883
2016-07-12,22.64608383178711
2016-07-13,22.612049102783203
2016-07-14,22.910825729370117
2016-07-15,22.850309371948242
2016-07-18,22.7898006439209
2016-07-19,22.64230728149414
2016-07-20,22.903257369995117
2016-07-21,22.918392181396484
2016-07-22,22.948644638061523
2016-07-25,22.956209182739258
2016-07-26,23.00537872314453
2016-07-27,23.16798973083496
2016-07-28,22.929729461669922
2016-07-29,23.099925994873047
2016-08-01,22.948644638061523
2016-08-02,22.468338012695312
2016-08-03,22.47212028503418
2016-08-04,22.64230728149414
2016-08-05,22.990245819091797
2016-08-08,23.073440551757812
2016-08-09,23.391124725341797
2016-08-10,23.323049545288086
2016-08-11,23.584001541137695
2016-08-12,23.546184539794922
2016-08-15,23.546184539794922
2016-08-16,23.315492630004883
2016-08-17,23.03184700012207
2016-08-18,23.16798973083496
2016-08-19,22.941072463989258
2016-08-22,22.880569458007812
2016-08-23,23.115047454833984
2016-08-24,23.254976272583008
2016-08-25,23.107481002807617
2016-08-26,23.281455993652344
2016-08-29,23.179338455200195
2016-08-30,23.4213809967041
2016-08-31,23.360870361328125
2016-09-01,23.341962814331055
2016-09-02,23.80713653564453
2016-09-05,23.80713653564453
2016-09-06,23.750408172607422
2016-09-07,23.897905349731445
2016-09-08,23.84873390197754
2016-09-09,23.625608444213867
2016-09-12,23.30413818359375
2016-09-13,23.01671600341797
2016-09-14,22.922168731689453
2016-09-15,22.985858917236328
2016-09-16,22.727420806884766
2016-09-19,22.982009887695312
2016-09-20,22.93186378479004
2016-09-21,23.066869735717773
2016-09-22,23.591472625732422
2016-09-23,23.468034744262695
2016-09-26,23.043724060058594
2016-09-27,22.99744415283203
2016-09-28,23.16716766357422
2016-09-29,23.1710205078125
2016-09-30,23.267452239990234
2016-10-04,23.4603214263916
2016-10-05,23.43332290649414
2016-10-06,23.39089012145996
2016-10-07,23.225027084350586
2016-10-10,23.51432228088379
2016-10-11,23.39089012145996
2016-10-12,23.30988311767578
2016-10-13,23.059158325195312
2016-10-14,23.43332290649414
2016-10-17,23.302167892456055
2016-10-18,23.606897354125977
2016-10-19,23.672475814819336
2016-10-20,23.83448600769043
2016-10-21,23.81905174255371
2016-10-24,23.94634437561035
2016-10-25,23.91162872314453
2016-10-26,23.88848304748535
2016-10-27,23.91162872314453
2016-10-28,23.88848304748535
2016-10-31,23.714902877807617
2016-11-01,23.421749114990234
2016-11-02,23.093873977661133
2016-11-03,23.039871215820312
2016-11-04,22.908720016479492
2016-11-07,23.317602157592773
2016-11-08,23.441036224365234
2016-11-09,23.70332908630371
2016-11-10,23.6146183013916
2016-11-11,23.502750396728516
2016-11-14,23.57990074157715
2016-11-15,23.66476058959961
2016-11-16,23.502750396728516
2016-11-17,23.6146183013916
2016-11-18,23.437175750732422
2016-11-21,23.541324615478516
2016-11-22,23.622325897216797
2016-11-23,23.525897979736328
2016-11-24,23.6146183013916
2016-11-25,23.65318489074707
2016-11-28,23.394744873046875
2016-11-29,23.618473052978516
2016-11-30,23.699472427368164
2016-12-01,23.56062126159668
2016-12-02,23.43332290649414
2016-12-05,23.74576759338379
2016-12-06,24.123779296875
2016-12-07,24.436227798461914
2016-12-08,24.767955780029297
2016-12-09,24.875965118408203
2016-12-12,24.875965118408203
2016-12-13,25.15755271911621
2016-12-14,24.976253509521484
2016-12-15,25.26531219482422
2016-12-16,25.338783264160156
2016-12-19,25.338783264160156
2016-12-20,25.485742568969727
2016-12-21,25.46253204345703
2016-12-22,25.435468673706055
2016-12-23,25.474140167236328
2016-12-27,25.51280975341797
2016-12-28,25.520544052124023
2016-12-29,25.470277786254883
2016-12-30,25.586294174194336
2017-01-02,25.75259017944336
2017-01-03,25.791269302368164
2017-01-04,25.78739356994629
2017-01-05,25.822202682495117
2017-01-06,25.868606567382812
2017-01-09,25.771928787231445
2017-01-10,25.744853973388672
2017-01-11,25.740985870361328
2017-01-12,25.59016990661621
2017-01-13,25.89181900024414
2017-01-16,25.659774780273438
2017-01-17,25.563091278076172
2017-01-18,25.6326961517334
2017-01-19,25.586294174194336
2017-01-20,25.659774780273438
2017-01-23,25.46253204345703
2017-01-24,25.53602409362793
2017-01-25,25.895687103271484
2017-01-26,25.826072692871094
2017-01-27,25.717784881591797
2017-01-30,25.40452766418457
2017-01-31,25.176359176635742
2017-02-01,25.354257583618164
2017-02-02,25.36972427368164
2017-02-03,25.516681671142578
2017-02-06,25.2459716796875
2017-02-07,25.207298278808594
2017-02-08,25.218902587890625
2017-02-09,25.539888381958008
2017-02-10,25.505075454711914
2017-02-13,25.779664993286133
2017-02-14,25.779664993286133
2017-02-15,25.911151885986328
2017-02-16,25.806734085083008
2017-02-17,25.795127868652344
2017-02-20,25.822202682495117
2017-02-21,26.031044006347656
2017-02-22,26.058109283447266
2017-02-23,26.007829666137695
2017-02-24,25.775798797607422
2017-02-27,25.791269302368164
2017-02-28,25.88020896911621
2017-03-01,26.42163848876953
2017-03-02,26.398439407348633
2017-03-03,26.553131103515625
2017-03-06,26.42936897277832
2017-03-07,26.39457130432129
2017-03-08,26.43324851989746
2017-03-09,26.611141204833984
2017-03-10,26.65754508972168
2017-03-13,26.638212203979492
2017-03-14,26.51445770263672
2017-03-15,26.60068702697754
2017-03-16,26.841556549072266
2017-03-17,26.880407333374023
2017-03-20,26.837678909301758
2017-03-21,26.791048049926758
2017-03-22,26.709461212158203
2017-03-23,26.958105087280273
2017-03-24,26.89594841003418
2017-03-27,26.84932518005371
2017-03-28,27.05911636352539
2017-03-29,27.14071273803711
2017-03-30,27.226181030273438
2017-03-31,27.36603355407715
2017-04-03,27.17955207824707
2017-04-04,27.253372192382812
2017-04-05,27.15236473083496
2017-04-06,27.311647415161133
2017-04-07,27.36991310119629
2017-04-10,27.222288131713867
2017-04-11,27.160127639770508
2017-04-12,27.11739158630371
2017-04-13,26.96976089477539
2017-04-18,26.674495697021484
2017-04-19,26.77552032470703
2017-04-20,26.91925048828125
2017-04-21,26.92314338684082
2017-04-24,28.026491165161133
2017-04-25,28.069223403930664
2017-04-26,28.007057189941406
2017-04-27,27.93480682373047
2017-04-28,27.926979064941406
2017-05-02,28.12287139892578
2017-05-03,28.18557357788086
2017-05-04,28.56167221069336
2017-05-05,28.796756744384766
2017-05-08,28.718402862548828
2017-05-09,28.761507034301758
2017-05-10,28.75758171081543
2017-05-11,28.612611770629883
2017-05-12,28.765405654907227
2017-05-15,28.85944175720215
2017-05-16,28.906457901000977
2017-05-17,28.44022560119629
2017-05-18,28.240413665771484
2017-05-19,28.44022560119629
2017-05-22,28.428476333618164
2017-05-23,28.589109420776367
2017-05-24,28.506832122802734
2017-05-25,28.479408264160156
2017-05-26,28.44806480407715
2017-05-29,28.467653274536133
2017-05-30,28.33836555480957
2017-05-31,28.295263290405273
2017-06-01,28.428476333618164
2017-06-02,28.624359130859375
2017-06-05,28.624359130859375
2017-06-06,28.33836555480957
2017-06-07,28.28351593017578
2017-06-08,28.412797927856445
2017-06-09,28.5930233001709
2017-06-12,28.28351593017578
2017-06-13,28.377540588378906
2017-06-14,28.295263290405273
2017-06-15,28.153425216674805
2017-06-16,28.220497131347656
2017-06-19,28.57172966003418
2017-06-20,28.390209197998047
2017-06-21,28.354684829711914
2017-06-22,28.34679412841797
2017-06-23,28.25602149963379
2017-06-26,28.40204429626465
2017-06-27,28.23628807067871
2017-06-28,28.220497131347656
2017-06-29,27.664066314697266
2017-06-30,27.482532501220703
2017-07-03,27.821918487548828
2017-07-04,27.735095977783203
2017-07-05,27.77850341796875
2017-07-06,27.636442184448242
2017-07-07,27.664066314697266
2017-07-10,27.766666412353516
2017-07-11,27.660114288330078
2017-07-12,28.05870246887207
2017-07-13,28.177095413208008
2017-07-14,28.169200897216797
2017-07-17,28.086322784423828
2017-07-18,27.790346145629883
2017-07-19,27.92453384399414
2017-07-20,27.912687301635742
2017-07-21,27.565410614013672
2017-07-24,27.585142135620117
2017-07-25,27.762720108032227
2017-07-26,27.87717628479004
2017-07-27,27.904787063598633
2017-07-28,27.707477569580078
2017-07-31,27.581201553344727
2017-08-01,27.774559020996094
2017-08-02,27.632495880126953
2017-08-03,27.699586868286133
2017-08-04,28.046855926513672
2017-08-07,28.023189544677734
2017-08-08,28.10211181640625
2017-08-09,27.71142578125
2017-08-10,27.411495208740234
2017-08-11,27.21417808532715
2017-08-14,27.569360733032227
2017-08-15,27.671958923339844
2017-08-16,27.82981300354004
2017-08-17,27.664066314697266
2017-08-18,27.533836364746094
2017-08-21,27.344404220581055
2017-08-22,27.6167049407959
2017-08-23,27.482532501220703
2017-08-24,27.51805305480957
2017-08-25,27.490421295166016
2017-08-28,27.324684143066406
2017-08-29,27.0997314453125
2017-08-30,27.21417808532715
2017-08-31,27.36019515991211
2017-09-01,27.533836364746094
2017-09-04,27.41938591003418
2017-09-05,27.36019515991211
2017-09-06,27.454906463623047
2017-09-07,27.549619674682617
2017-09-08,27.549619674682617
2017-09-11,27.928468704223633
2017-09-12,28.05870246887207
2017-09-13,28.137622833251953
2017-09-14,28.173133850097656
2017-09-15,28.07244300842285
2017-09-18,28.20077133178711
2017-09-19,28.192750930786133
2017-09-20,28.184722900390625
2017-09-21,28.317068099975586
2017-09-22,28.325084686279297
2017-09-25,28.297014236450195
2017-09-26,28.256914138793945
2017-09-27,28.417327880859375
2017-09-28,28.489511489868164
2017-09-29,28.734146118164062
2017-10-02,28.81033706665039
2017-10-03,28.81033706665039
2017-10-04,28.734146118164062
2017-10-05,28.89456558227539
2017-10-06,28.830392837524414
2017-10-09,28.866491317749023
2017-10-10,28.774250030517578
2017-10-11,28.858463287353516
2017-10-12,28.85045623779297
2017-10-13,28.85045623779297
2017-10-16,28.858463287353516
2017-10-17,28.88252067565918
2017-10-18,28.946697235107422
2017-10-19,28.80231285095215
2017-10-20,28.8464412689209
2017-10-23,28.902578353881836
2017-10-24,28.902578353881836
2017-10-25,28.730140686035156
2017-10-26,29.123146057128906
2017-10-27,29.259498596191406
2017-10-30,29.303607940673828
2017-10-31,29.303607940673828
2017-11-01,29.59636878967285
2017-11-02,29.54422950744629
2017-11-03,29.540218353271484
2017-11-06,29.496105194091797
2017-11-07,29.29959487915039
2017-11-08,29.231428146362305
2017-11-09,28.910598754882812
2017-11-10,28.754201889038086
2017-11-13,28.617839813232422
2017-11-14,28.469457626342773
2017-11-15,28.389249801635742
2017-11-16,28.557687759399414
2017-11-17,28.393268585205078
2017-11-20,28.51758575439453
2017-11-21,28.67799186706543
2017-11-22,28.549659729003906
2017-11-23,28.617839813232422
2017-11-24,28.68602180480957
2017-11-27,28.537639617919922
2017-11-28,28.718103408813477
2017-11-29,28.754201889038086
2017-11-30,28.617839813232422
2017-12-01,28.18071746826172
2017-12-04,28.645915985107422
2017-12-05,28.59779930114746
2017-12-06,28.537639617919922
2017-12-07,28.61383628845215
2017-12-08,28.790273666381836
2017-12-11,28.69403839111328
2017-12-12,28.814355850219727
2017-12-13,28.69403839111328
2017-12-14,28.497528076171875
2017-12-15,28.548477172851562
2017-12-18,28.910255432128906
2017-12-19,28.7333927154541
2017-12-20,28.48013687133789
2017-12-21,28.616811752319336
2017-12-22,28.46406364440918
2017-12-27,28.456018447875977
2017-12-28,28.2108154296875
2017-12-29,28.154541015625
2018-01-02,27.970508575439453
2018-01-03,28.135454177856445
2018-01-04,28.602096557617188
2018-01-05,28.907835006713867
2018-01-08,29.00438117980957
2018-01-09,29.064716339111328
2018-01-10,28.96012306213379
2018-01-11,28.87161636352539
2018-01-12,28.992300033569336
2018-01-15,28.99633026123047
2018-01-16,29.04460334777832
2018-01-17,28.972190856933594
2018-01-18,29.04862403869629
2018-01-19,29.257801055908203
2018-01-22,29.414703369140625
2018-01-23,29.45090675354004
2018-01-24,29.26183319091797
2018-01-25,29.157241821289062
2018-01-26,29.24976348876953
2018-01-29,29.237699508666992
2018-01-30,28.972190856933594
2018-01-31,28.968172073364258
2018-02-01,28.730819702148438
2018-02-02,28.304401397705078
2018-02-05,27.94235610961914
2018-02-06,27.306753158569336
2018-02-07,27.76534652709961
2018-02-08,27.109638214111328
2018-02-09,26.731489181518555
2018-02-12,27.07745361328125
2018-02-13,26.852184295654297
2018-02-14,27.07745361328125
2018-02-15,27.242387771606445
2018-02-16,27.536052703857422
2018-02-19,27.359054565429688
2018-02-20,27.61248016357422
2018-02-21,27.544097900390625
2018-02-22,27.576282501220703
2018-02-23,27.628578186035156
2018-02-26,27.833742141723633
2018-02-27,27.769372940063477
2018-02-28,27.624547958374023
2018-03-01,27.310779571533203
2018-03-02,26.71137809753418
2018-03-05,26.97286605834961
2018-03-06,26.97286605834961
2018-03-07,27.14986228942871
2018-03-08,27.439504623413086
2018-03-09,27.475711822509766
2018-03-12,27.560190200805664
2018-03-13,27.266521453857422
2018-03-14,27.27054786682129
2018-03-15,27.439504623413086
2018-03-16,27.64466094970703
2018-03-19,27.28261375427246
2018-03-20,27.423412322998047
2018-03-21,27.33089256286621
2018-03-22,26.900453567504883
2018-03-23,26.48207664489746
2018-03-26,26.33725929260254
2018-03-27,26.66712188720703
2018-03-28,26.799880981445312
2018-03-29,27.041248321533203
2018-04-03,26.904468536376953
2018-04-04,26.828044891357422
2018-04-05,27.584331512451172
2018-04-06,27.43146514892578
2018-04-09,27.54007339477539
2018-04-10,27.680877685546875
2018-04-11,27.54007339477539
2018-04-12,27.72913932800293
2018-04-13,27.781448364257812
2018-04-16,27.71305274963379
2018-04-17,28.046945571899414
2018-04-18,28.139476776123047
2018-04-19,28.107288360595703
2018-04-20,28.175678253173828
2018-04-23,28.32452392578125
2018-04-24,28.292335510253906
2018-04-25,28.115341186523438
2018-04-26,28.352684020996094
2018-04-27,28.457265853881836
2018-04-30,28.598064422607422
2018-05-02,28.76300621032715
2018-05-03,28.602096557617188
2018-05-04,28.78311538696289
2018-05-07,28.944028854370117
2018-05-08,28.887712478637695
2018-05-09,28.976211547851562
2018-05-10,29.04460334777832
2018-05-11,29.052648544311523
2018-05-14,29.032522201538086
2018-05-15,29.03655433654785
2018-05-16,29.020463943481445
2018-05-17,29.24573516845703
2018-05-18,29.18137550354004
2018-05-21,29.18137550354004
2018-05-22,29.31814956665039
2018-05-23,28.944028854370117
2018-05-24,28.77507209777832
2018-05-25,28.730819702148438
2018-05-28,28.501514434814453
2018-05-29,28.067060470581055
2018-05-30,28.276247024536133
2018-05-31,27.97855567932129
2018-06-01,28.384864807128906
2018-06-04,28.485429763793945
2018-06-05,28.39291000366211
2018-06-06,28.44118309020996
2018-06-07,28.453250885009766
2018-06-08,28.34061050415039
2018-06-11,28.6342716217041
2018-06-12,28.598064422607422
2018-06-13,28.6342716217041
2018-06-14,29.02851676940918
2018-06-15,28.830013275146484
2018-06-18,28.505483627319336
2018-06-19,28.270206451416016
2018-06-20,28.314838409423828
2018-06-21,28.00247573852539
2018-06-22,28.314838409423828
2018-06-25,27.7347412109375
2018-06-26,27.726627349853516
2018-06-27,27.92945671081543
2018-06-28,27.66983413696289
2018-06-29,27.978134155273438
2018-07-02,27.755022048950195
2018-07-03,28.04304313659668
2018-07-04,28.087663650512695
2018-07-05,28.33917808532715
2018-07-06,28.36756134033203
2018-07-09,28.501426696777344
2018-07-10,28.610950469970703
2018-07-11,28.193138122558594
2018-07-12,28.343229293823242
2018-07-13,28.42435073852539
2018-07-16,28.40001678466797
2018-07-17,28.46087074279785
2018-07-18,28.67991828918457
2018-07-19,28.582563400268555
2018-07-20,28.48114585876465
2018-07-23,28.428409576416016
2018-07-24,28.667747497558594
2018-07-25,28.541996002197266
2018-07-26,28.8746280670166
2018-07-27,29.032840728759766
2018-07-30,28.911136627197266
2018-07-31,29.053131103515625
2018-08-01,28.894916534423828
2018-08-02,28.582563400268555
2018-08-03,28.67991828918457
2018-08-06,28.67991828918457
2018-08-07,28.8746280670166
2018-08-08,28.76915740966797
2018-08-09,28.785396575927734
2018-08-10,28.253982543945312
2018-08-13,28.095773696899414
2018-08-14,28.083602905273438
2018-08-15,27.62114906311035
2018-08-16,27.82804298400879
2018-08-17,27.783418655395508
2018-08-20,27.957853317260742
2018-08-21,28.1201114654541
2018-08-22,28.1728515625
2018-08-23,28.1728515625
2018-08-24,28.26209831237793
2018-08-27,28.4730281829834
2018-08-28,28.428409576416016
2018-08-29,28.505483627319336
2018-08-30,28.274269104003906
2018-08-31,27.945680618286133
2018-09-03,27.982192993164062
2018-09-04,27.665775299072266
2018-09-05,27.300689697265625
2018-09-06,27.15060043334961
2018-09-07,27.14653205871582
2018-09-10,27.260120391845703
2018-09-11,27.296630859375
2018-09-12,27.39805030822754
2018-09-13,27.475126266479492
2018-09-14,27.548141479492188
2018-09-17,27.584426879882812
2018-09-18,27.675138473510742
2018-09-19,27.7617244720459
2018-09-20,28.070968627929688
2018-09-21,28.285381317138672
2018-09-24,28.1163272857666
2018-09-25,28.21940803527832
2018-09-26,28.338979721069336
2018-09-27,28.470928192138672
2018-09-28,28.04623031616211
2018-10-01,28.17816734313965
2018-10-02,27.959646224975586
2018-10-04,27.835947036743164
2018-10-05,27.5761775970459
2018-10-08,27.271066665649414
2018-10-09,27.40300941467285
2018-10-10,26.953569412231445
2018-10-11,26.4670352935791
2018-10-12,26.36395263671875
2018-10-15,26.491775512695312
2018-10-16,26.862865447998047
2018-10-17,26.776273727416992
2018-10-18,26.495893478393555
2018-10-19,26.500017166137695
2018-10-22,26.351581573486328
2018-10-23,25.93925666809082
2018-10-24,25.832048416137695
2018-10-25,26.095937728881836
2018-10-26,25.885656356811523
2018-10-29,26.054704666137695
2018-10-30,25.97636604309082
2018-10-31,26.413427352905273
2018-11-01,26.438167572021484
2018-11-02,26.524755477905273
2018-11-05,26.549497604370117
2018-11-06,26.495893478393555
2018-11-07,26.821632385253906
2018-11-08,26.722673416137695
2018-11-09,26.681442260742188
2018-11-12,26.372203826904297
2018-11-13,26.627840042114258
2018-11-14,26.42580223083496
2018-11-15,26.351581573486328
2018-11-16,26.269115447998047
2018-11-19,26.087696075439453
2018-11-20,25.73722267150879
2018-11-21,26.042335510253906
2018-11-22,25.81968116760254
2018-11-23,25.902149200439453
2018-11-26,26.19489860534668
2018-11-27,26.17841148376465
2018-11-28,26.17428207397461
2018-11-29,26.236127853393555
2018-11-30,26.2072696685791
2018-12-03,26.561864852905273
2018-12-04,26.351581573486328
2018-12-05,26.013477325439453
2018-12-06,25.20119857788086
2018-12-07,25.28366470336914
2018-12-10,24.929061889648438
2018-12-11,25.25892448425293
2018-12-12,25.687742233276367
2018-12-13,25.73310089111328
2018-12-14,25.56816291809082
2018-12-17,25.32058334350586
2018-12-18,25.192453384399414
2018-12-19,25.279253005981445
2018-12-20,24.82872200012207
2018-12-21,24.836990356445312
2018-12-27,24.295528411865234
2018-12-28,24.762592315673828
2019-01-02,24.803918838500977
2019-01-03,24.48152732849121
2019-01-04,25.188318252563477
2019-01-07,25.130451202392578
2019-01-08,25.287527084350586
2019-01-09,25.42805290222168
2019-01-10,25.47765350341797
2019-01-11,25.415653228759766
2019-01-14,25.308189392089844
2019-01-15,25.394989013671875
2019-01-16,25.490053176879883
2019-01-17,25.407384872436523
2019-01-18,25.95711326599121
2019-01-21,25.86205291748047
2019-01-22,25.779382705688477
2019-01-23,25.766983032226562
2019-01-24,25.882713317871094
2019-01-25,26.176176071166992
2019-01-28,25.96124267578125
2019-01-29,26.110048294067383
2019-01-30,26.18857765197754
2019-01-31,26.18857765197754
2019-02-01,26.296051025390625
2019-02-04,26.258846282958984
2019-02-05,26.655637741088867
2019-02-06,26.626710891723633
2019-02-07,26.12244415283203
2019-02-08,26.02324676513672
2019-02-11,26.238174438476562
2019-02-12,26.45724105834961
2019-02-13,26.556446075439453
2019-02-14,26.40764617919922
2019-02-15,26.882976531982422
2019-02-18,26.924306869506836
2019-02-19,26.887107849121094
2019-02-20,27.048311233520508
2019-02-21,27.089635848999023
2019-02-22,27.139236450195312
2019-02-25,27.217771530151367
2019-02-26,27.275632858276367
2019-02-27,27.230167388916016
2019-02-28,27.35416603088379
2019-03-01,27.490564346313477
2019-03-04,27.515365600585938
2019-03-05,27.602161407470703
2019-03-06,27.577375411987305
2019-03-07,27.490564346313477
2019-03-08,27.250837326049805
2019-03-11,27.407901763916016
2019-03-12,27.42030143737793
2019-03-13,27.577375411987305
2019-03-14,27.746828079223633
2019-03-15,28.089881896972656
2019-03-18,28.12723731994629
2019-03-19,28.297435760498047
2019-03-20,27.99440574645996
2019-03-21,27.948749542236328
2019-03-22,27.434022903442383
2019-03-25,27.388355255126953
2019-03-26,27.562700271606445
2019-03-27,27.620817184448242
2019-03-28,27.58346176147461
2019-03-29,27.87818145751953
2019-04-01,28.14384651184082
2019-04-02,28.239315032958984
2019-04-03,28.583845138549805
2019-04-04,28.629507064819336
2019-04-05,28.6668701171875
2019-04-08,28.58799934387207
2019-04-09,28.451026916503906
2019-04-10,28.50497817993164
2019-04-11,28.5963077545166
2019-04-12,28.700082778930664
2019-04-15,28.7125301361084
2019-04-16,28.812158584594727
2019-04-17,28.932538986206055
2019-04-18,29.123489379882812
2019-04-23,29.169132232666016
2019-04-24,29.16499137878418
2019-04-25,29.127634048461914
2019-04-26,29.181602478027344
2019-04-29,29.23971939086914
2019-04-30,29.347639083862305
2019-05-02,29.21895980834961
2019-05-03,29.343482971191406
2019-05-06,29.044618606567383
2019-05-07,28.52988052368164
2019-05-08,28.641965866088867
2019-05-09,28.218563079833984
2019-05-10,28.305736541748047
2019-05-13,27.927989959716797
2019-05-14,28.33478546142578
2019-05-15,28.517433166503906
2019-05-16,28.96574592590332
2019-05-17,28.874422073364258
2019-05-20,28.43026351928711
2019-05-21,28.621213912963867
2019-05-22,28.61705780029297
2019-05-23,28.160451889038086
2019-05-24,28.359699249267578
2019-05-27,28.492525100708008
2019-05-28,28.351396560668945
2019-05-29,27.977802276611328
2019-05-30,28.164602279663086
2019-05-31,27.849119186401367
2019-06-03,27.986101150512695
2019-06-04,28.297435760498047
2019-06-05,28.359699249267578
2019-06-06,28.330646514892578
2019-06-07,28.6710205078125
2019-06-11,28.878568649291992
2019-06-12,28.754039764404297
2019-06-13,28.812158584594727
2019-06-14,28.71668243408203
2019-06-17,28.757850646972656
2019-06-18,29.359758377075195
2019-06-19,29.355581283569336
2019-06-20,29.476795196533203
2019-06-21,29.43918228149414
2019-06-24,29.36393165588379
2019-06-25,29.284515380859375
2019-06-26,29.26362419128418
2019-06-27,29.255252838134766
2019-06-28,29.518606185913086
2019-07-01,29.71923828125
2019-07-02,29.8070068359375
2019-07-03,30.0996150970459
2019-07-04,30.145580291748047
2019-07-05,30.01182746887207
2019-07-08,29.97420310974121
2019-07-09,29.8404483795166
2019-07-10,29.773569107055664
2019-07-11,29.74013328552246
2019-07-12,29.731775283813477
2019-07-15,29.786113739013672
2019-07-16,29.94913101196289
2019-07-17,29.769390106201172
2019-07-18,29.593833923339844
2019-07-19,29.57293701171875
2019-07-22,29.681608200073242
2019-07-23,30.05780601501465
2019-07-24,30.061986923217773
2019-07-25,29.85717010498047
2019-07-26,29.98674201965332
2019-07-29,29.990934371948242
2019-07-30,29.460079193115234
2019-07-31,29.476795196533203
2019-08-01,29.698326110839844
2019-08-02,28.720230102539062
2019-08-05,28.19355583190918
2019-08-06,28.009639739990234
2019-08-07,28.155946731567383
2019-08-08,28.707693099975586
2019-08-09,28.35658073425293
2019-08-12,28.314777374267578
2019-08-13,28.607370376586914
2019-08-14,28.0263671875
2019-08-15,27.98456382751465
2019-08-16,28.352401733398438
2019-08-19,28.703508377075195
2019-08-20,28.5446720123291
2019-08-21,28.929229736328125
2019-08-22,28.753671646118164
2019-08-23,28.385839462280273
2019-08-26,28.53631591796875
2019-08-27,28.69097137451172
2019-08-28,28.64499282836914
2019-08-29,29.050447463989258
2019-08-30,29.188383102416992
2019-09-02,29.209280014038086
2019-09-03,29.134048461914062
2019-09-04,29.39737892150879
2019-09-05,29.673254013061523
2019-09-06,29.75266456604004
2019-09-09,29.75266456604004
2019-09-10,29.802827835083008
2019-09-11,29.970027923583984
2019-09-12,30.166481018066406
2019-09-13,30.241718292236328
2019-09-16,30.007301330566406
2019-09-17,29.99030303955078
2019-09-18,30.062522888183594
2019-09-19,30.274917602539062
2019-09-20,30.38962173461914
2019-09-23,30.1517276763916
2019-09-24,30.058273315429688
2019-09-25,29.90110206604004
2019-09-26,30.10075569152832
2019-09-27,30.215450286865234
2019-09-30,30.39810562133789
2019-10-01,29.99455451965332
2019-10-02,29.06425666809082
2019-10-04,29.353116989135742
2019-10-07,29.578256607055664
2019-10-08,29.238428115844727
2019-10-09,29.510292053222656
2019-10-10,29.773664474487305
2019-10-11,30.449081420898438
2019-10-14,30.313148498535156
2019-10-15,30.661479949951172
2019-10-16,30.674222946166992
2019-10-17,30.5935115814209
2019-10-18,30.5085506439209
2019-10-21,30.703964233398438
2019-10-22,30.73369598388672
2019-10-23,30.7634334564209
2019-10-24,30.873868942260742
2019-10-25,30.903615951538086
2019-10-28,30.94184112548828
2019-10-29,30.89936065673828
2019-10-30,30.8908634185791
2019-10-31,30.7634334564209
2019-11-01,30.929096221923828
2019-11-04,31.311412811279297
2019-11-05,31.40061378479004
2019-11-06,31.511066436767578
2019-11-07,31.655498504638672
2019-11-08,31.591773986816406
2019-11-11,31.570533752441406
2019-11-12,31.693727493286133
2019-11-13,31.570533752441406
2019-11-14,31.49407386779785
2019-11-15,31.6724796295166
2019-11-18,31.608768463134766
2019-11-19,31.55353546142578
2019-11-20,31.44734001159668
2019-11-21,31.43035316467285
2019-11-22,31.472824096679688
2019-11-25,31.646989822387695
2019-11-26,31.630006790161133
2019-11-27,31.689477920532227
2019-11-28,31.642738342285156
2019-11-29,31.613012313842773
2019-12-02,30.94184112548828
2019-12-03,30.83989143371582
2019-12-04,31.27318000793457
2019-12-05,31.145742416381836
2019-12-06,31.55353546142578
2019-12-09,31.358139038085938
2019-12-10,31.362390518188477
2019-12-11,31.49407386779785
2019-12-12,31.668249130249023
2019-12-13,31.876386642456055
2019-12-16,32.22190475463867
2019-12-17,32.00464630126953
2019-12-18,31.966310501098633
2019-12-19,31.957794189453125
2019-12-20,32.26023483276367
2019-12-23,32.264495849609375
2019-12-27,32.37526321411133
2019-12-30,32.22190475463867
2020-01-02,32.422119140625
2020-01-03,32.238948822021484
2020-01-06,32.07281494140625
2020-01-07,32.13671112060547
2020-01-08,32.28153991699219
2020-01-09,32.46045684814453
2020-01-10,32.413597106933594
2020-01-13,32.294315338134766
2020-01-14,32.277278900146484
2020-01-15,32.22616195678711
2020-01-16,32.28153991699219
2020-01-17,32.55844497680664
2020-01-20,32.51157760620117
2020-01-21,32.413597106933594
2020-01-22,32.26023483276367
2020-01-23,31.99186134338379
2020-01-24,32.33692932128906
2020-01-27,31.48919677734375
2020-01-28,31.81720733642578
2020-01-29,31.957794189453125
2020-01-30,31.57866096496582
2020-01-31,31.169710159301758
2020-02-03,31.301773071289062
2020-02-04,31.936487197875977
2020-02-05,32.31135940551758
2020-02-06,32.571224212646484
2020-02-07,32.52009963989258
2020-02-10,32.47750473022461
2020-02-11,32.78421401977539
2020-02-12,33.014251708984375
2020-02-13,32.95460891723633
2020-02-14,32.90774917602539
2020-02-17,32.99294662475586
2020-02-18,32.86088562011719
2020-02-19,33.09518051147461
2020-02-20,32.75012969970703
2020-02-21,32.549922943115234
2020-02-24,31.225088119506836
2020-02-25,30.594627380371094
2020-02-26,30.603147506713867
2020-02-27,29.597806930541992
2020-02-28,28.566911697387695
2020-03-02,28.609514236450195
2020-03-03,28.83529281616211
2020-03-04,29.303871154785156
2020-03-05,28.788423538208008
2020-03-06,27.693634033203125
2020-03-09,25.2612247467041
2020-03-10,24.963027954101562
2020-03-11,24.869314193725586
2020-03-12,21.891643524169922
2020-03-13,22.236692428588867
2020-03-16,21.113889694213867
2020-03-17,21.592681884765625
2020-03-18,20.357229232788086
2020-03-19,20.925792694091797
2020-03-20,21.776504516601562
2020-03-23,21.250688552856445
2020-03-24,23.28982925415039
2020-03-25,23.96954345703125
2020-03-26,24.337188720703125
2020-03-27,23.439453125
2020-03-30,23.704496383666992
2020-03-31,23.918243408203125
2020-04-01,23.0034122467041
2020-04-02,23.08035659790039
2020-04-03,22.8067626953125
2020-04-06,23.94816780090332
2020-04-07,24.50818634033203
2020-04-08,24.473987579345703
2020-04-09,24.773229598999023
2020-04-14,25.012624740600586
2020-04-15,24.067859649658203
2020-04-16,24.131994247436523
2020-04-17,24.79033088684082
2020-04-20,24.991252899169922
2020-04-21,23.93962287902832
2020-04-22,24.2773380279541
2020-04-23,24.452611923217773
2020-04-24,24.157638549804688
2020-04-27,24.75613021850586
2020-04-28,25.17507553100586
2020-04-29,25.730817794799805
2020-04-30,25.166526794433594
2020-05-04,24.268789291381836
2020-05-05,24.794607162475586
2020-05-06,24.51673698425293
2020-05-07,24.871559143066406
2020-05-08,25.102401733398438
2020-05-11,24.914306640625
2020-05-12,24.935678482055664
2020-05-13,24.238868713378906
2020-05-14,23.875492095947266
2020-05-15,23.926799774169922
2020-05-18,25.209270477294922
2020-05-19,25.098129272460938
2020-05-20,25.461498260498047
2020-05-21,25.166526794433594
2020-05-22,25.162250518798828
2020-05-25,25.726539611816406
2020-05-26,25.970212936401367
2020-05-27,26.4019832611084
2020-05-28,26.8038272857666
2020-05-29,26.440454483032227
2020-06-02,27.33391761779785
2020-06-03,28.317150115966797
2020-06-04,28.240201950073242
2020-06-05,29.283288955688477
2020-06-08,29.16786003112793
2020-06-09,28.74892234802246
2020-06-10,28.5137996673584
2020-06-11,27.227046966552734
2020-06-12,27.380937576293945
2020-06-15,27.19936180114746
2020-06-16,28.088956832885742
2020-06-17,28.33822250366211
2020-06-18,28.166318893432617
2020-06-19,28.372604370117188
2020-06-22,28.170616149902344
2020-06-23,28.651948928833008
2020-06-24,27.779539108276367
2020-06-25,27.98581886291504
2020-06-26,27.861190795898438
2020-06-29,28.093259811401367
2020-06-30,28.08466339111328
2020-07-01,28.067468643188477
2020-07-02,28.866823196411133
2020-07-03,28.67772674560547
2020-07-06,29.163352966308594
2020-07-07,28.909793853759766
2020-07-08,28.63045883178711
2020-07-09,28.41557502746582
2020-07-10,28.742189407348633
2020-07-13,29.2020320892334
2020-07-14,28.94847297668457
2020-07-15,29.477075576782227
2020-07-16,29.343849182128906
2020-07-17,29.35674285888672
2020-07-20,29.532947540283203
2020-07-21,29.691957473754883
2020-07-22,29.39972686767578
2020-07-23,29.404020309448242
2020-07-24,28.86252784729004
2020-07-27,28.802358627319336
2020-07-28,28.81524658203125
2020-07-29,28.802358627319336
2020-07-30,28.007305145263672
2020-07-31,27.6334171295166
2020-08-03,28.329622268676758
2020-08-04,28.381193161010742
2020-08-05,28.51012420654297
2020-08-06,28.26945686340332
2020-08-07,28.372604370117188
2020-08-10,28.437063217163086
2020-08-11,29.064510345458984
2020-08-12,29.33526039123535
2020-08-13,29.146162033081055
2020-08-14,28.828144073486328
2020-08-17,28.832439422607422
2020-08-18,28.699216842651367
2020-08-19,28.952775955200195
2020-08-20,28.61326789855957
2020-08-21,28.42417335510254
2020-08-24,29.060211181640625
2020-08-25,29.034423828125
2020-08-26,29.283689498901367
2020-08-27,29.064510345458984
2020-08-28,28.93988609313965
2020-08-31,28.600378036499023
2020-09-01,28.60466957092285
2020-09-02,29.1375675201416
2020-09-03,28.83674430847168
2020-09-04,28.45854949951172
2020-09-07,28.909793853759766
2020-09-08,28.46714210510254
2020-09-09,29.03872299194336
2020-09-10,28.90120506286621
2020-09-11,28.92268943786621
2020-09-14,28.93988609313965
2020-09-15,29.08891487121582
2020-09-16,29.11498260498047
2020-09-17,28.93684959411621
2020-09-18,28.719600677490234
2020-09-21,27.546489715576172
2020-09-22,27.589937210083008
2020-09-23,27.755041122436523
2020-09-24,27.576902389526367
2020-09-25,27.368345260620117
2020-09-28,28.137393951416016
2020-09-29,28.072219848632812
2020-09-30,27.920150756835938
2020-10-01,27.88103675842285
2020-10-02,27.859317779541016
2020-10-05,28.10697364807129
2020-10-06,28.237323760986328
2020-10-07,28.224288940429688
2020-10-08,28.41981315612793
2020-10-09,28.593595504760742
2020-10-12,28.79781150817871
2020-10-13,28.628358840942383
2020-10-14,28.589262008666992
2020-10-15,27.885387420654297
2020-10-16,28.36766815185547
2020-10-19,28.33725357055664
2020-10-20,28.16780662536621
2020-10-21,27.79848861694336
2020-10-22,27.659456253051758
2020-10-23,27.915802001953125
2020-10-26,27.094623565673828
2020-10-27,26.79047966003418
2020-10-28,25.88674545288086
2020-10-29,25.882404327392578
2020-10-30,25.847640991210938
2020-11-02,26.4124755859375
2020-11-03,27.077241897583008
2020-11-04,27.66814422607422
2020-11-05,28.07655906677246
2020-11-06,28.033111572265625
2020-11-09,29.801471710205078
2020-11-10,30.11430549621582
2020-11-11,30.33155059814453
2020-11-12,29.975271224975586
2020-11-13,30.018722534179688
2020-11-16,30.340242385864258
2020-11-17,30.327207565307617
2020-11-18,30.457548141479492
2020-11-19,30.170791625976562
2020-11-20,30.327207565307617
2020-11-23,30.28810691833496
2020-11-24,30.696523666381836
2020-11-25,30.705211639404297
2020-11-26,30.700864791870117
2020-11-27,30.83989143371582
2020-11-30,30.49230194091797
2020-12-01,30.822519302368164
2020-12-02,30.757347106933594
2020-12-03,30.748647689819336
2020-12-04,30.948518753051758
2020-12-07,30.857276916503906
2020-12-08,30.826860427856445
2020-12-09,30.887697219848633
2020-12-10,30.81382942199707
2020-12-11,30.496654510498047
2020-12-14,30.653074264526367
2020-12-15,30.799943923950195
2020-12-16,30.995901107788086
2020-12-17,31.152667999267578
2020-12-18,30.95235824584961
2020-12-21,30.16852569580078
2020-12-22,30.516902923583984
2020-12-23,30.921873092651367
2020-12-28,31.26588249206543
2020-12-29,31.318140029907227
2020-12-30,31.231042861938477
2021-01-04,31.12653923034668
2021-01-05,31.05251121520996
2021-01-06,31.58376693725586
2021-01-07,31.701343536376953
2021-01-08,31.884239196777344
2021-01-11,31.640380859375
2021-01-12,31.56200408935547
2021-01-13,31.627315521240234
2021-01-14,31.853755950927734
2021-01-15,31.479257583618164
2021-01-18,31.522802352905273
2021-01-19,31.47490882873535
2021-01-20,31.718753814697266
2021-01-21,31.657798767089844
2021-01-22,31.51844596862793
2021-01-25,31.100406646728516
2021-01-26,31.448780059814453
2021-01-27,30.965423583984375
2021-01-28,31.17008399963379
2021-01-29,30.460290908813477
2021-02-01,30.895742416381836
2021-02-02,31.448780059814453
2021-02-03,31.570701599121094
2021-02-04,31.89730453491211
2021-02-05,32.0410041809082
2021-02-08,32.11066818237305
2021-02-09,32.09325408935547
2021-02-10,31.94084358215332
2021-02-11,32.15421676635742
2021-02-12,32.376312255859375
2021-02-15,32.729026794433594
2021-02-16,32.654991149902344
2021-02-17,32.41984939575195
2021-02-18,32.25001525878906
2021-02-19,32.572261810302734
2021-02-22,32.46775436401367
2021-02-23,32.345821380615234
2021-02-24,32.498233795166016
2021-02-25,32.27614212036133
2021-02-26,31.884239196777344
2021-03-01,32.498233795166016
2021-03-02,32.51129150390625
2021-03-03,32.541778564453125
2021-03-04,32.502586364746094
2021-03-05,32.189056396484375
2021-03-08,32.96852493286133
2021-03-09,33.19061279296875
2021-03-10,33.50849151611328
2021-03-11,33.71751022338867
2021-03-12,33.60429382324219
2021-03-15,33.56612777709961
2021-03-16,33.74494934082031
2021-03-17,33.75804138183594
2021-03-18,33.91504669189453
2021-03-19,33.61846923828125
2021-03-22,33.62282943725586
2021-03-23,33.56612777709961
2021-03-24,33.5792121887207
2021-03-25,33.64463424682617
2021-03-26,33.96739196777344
2021-03-29,34.10258865356445
2021-03-30,34.4820442199707
2021-03-31,34.37736511230469
2021-04-01,34.64778518676758
2021-04-06,34.896385192871094
2021-04-07,34.756813049316406
2021-04-08,34.93564224243164
2021-04-09,34.93564224243164
2021-04-12,34.787353515625
2021-04-13,34.81787872314453
2021-04-14,34.92692565917969
2021-04-15,35.08393096923828
2021-04-16,35.459022521972656
2021-04-19,35.34125518798828
2021-04-20,34.66958999633789
2021-04-21,35.009788513183594
2021-04-22,35.31072998046875
2021-04-23,35.288917541503906
2021-04-26,35.33254623413086
2021-04-27,35.267120361328125
2021-04-28,35.34125518798828
2021-04-29,35.17988586425781
2021-04-30,35.001068115234375
2021-05-03,35.288917541503906
2021-05-04,34.59980392456055
2021-05-05,35.34561538696289
2021-05-06,35.367431640625
2021-05-07,35.720706939697266
2021-05-10,35.65092849731445
2021-05-11,34.94001007080078
2021-05-12,34.94872283935547
2021-05-13,35.07521057128906
2021-05-14,35.64656066894531
2021-05-17,35.52880859375
2021-05-18,35.54188537597656
2021-05-19,34.944366455078125
2021-05-20,35.50700759887695
2021-05-21,35.73379898071289
2021-05-25,35.86899948120117
2021-05-26,35.838470458984375
2021-05-27,35.93442916870117
2021-05-28,36.18303680419922
2021-05-31,35.9300651550293
2021-06-01,36.20047378540039
2021-06-02,36.34440612792969
2021-06-03,36.270259857177734
2021-06-04,36.361854553222656
2021-06-07,36.409828186035156
2021-06-08,36.40546417236328
2021-06-09,36.40546417236328
2021-06-10,36.41419219970703
2021-06-11,36.68460464477539
2021-06-14,36.750030517578125
2021-06-15,36.81644821166992
2021-06-16,36.89101028442383
2021-06-17,36.965572357177734
2021-06-18,36.27703857421875
2021-06-21,36.53578567504883
2021-06-22,36.64542770385742
2021-06-23,36.211246490478516
2021-06-24,36.68927764892578
2021-06-25,36.6585807800293
2021-06-28,36.377906799316406
2021-06-29,36.53578567504883
2021-06-30,36.14985656738281
2021-07-01,36.28580856323242
2021-07-02,36.31650161743164
2021-07-05,36.34281921386719
2021-07-06,36.03144836425781
2021-07-07,36.3077278137207
2021-07-08,35.531497955322266
2021-07-09,36.20248794555664
2021-07-12,36.439292907714844
2021-07-13,36.443687438964844
2021-07-14,36.49192810058594
2021-07-15,36.101619720458984
2021-07-16,35.93497085571289
2021-07-19,34.99208450317383
2021-07-20,35.23328399658203
2021-07-21,35.86480712890625
2021-07-22,36.14985656738281
2021-07-23,36.60594940185547
2021-07-26,36.5401725769043
2021-07-27,36.1849479675293
2021-07-28,36.53578567504883
2021-07-29,36.64104080200195
2021-07-30,36.43052291870117
2021-08-02,36.662967681884766
2021-08-03,36.711204528808594
2021-08-04,36.93486785888672
2021-08-05,37.0839729309082
2021-08-06,37.2023811340332
2021-08-09,37.23308563232422
2021-08-10,37.32518005371094
2021-08-11,37.469905853271484
2021-08-12,37.645320892333984
2021-08-13,37.6672477722168
2021-08-16,37.434818267822266
2021-08-17,37.360267639160156
2021-08-18,37.30324935913086
2021-08-19,36.71559143066406
2021-08-20,36.94363784790039
2021-08-23,37.193607330322266
2021-08-24,37.20676803588867
2021-08-25,37.23308563232422
2021-08-26,37.110286712646484
2021-08-27,37.333953857421875
2021-08-30,37.404109954833984
2021-08-31,37.35149002075195
2021-09-01,37.645320892333984
2021-09-02,37.70233154296875
2021-09-03,37.408504486083984
2021-09-06,37.82513427734375
2021-09-07,37.627784729003906
2021-09-08,37.21115493774414
2021-09-09,37.22430419921875
2021-09-10,37.15852737426758
2021-09-13,37.32518005371094
2021-09-14,37.32518005371094
2021-09-15,36.93397903442383
2021-09-16,37.15525436401367
2021-09-17,36.810081481933594
2021-09-20,36.0179443359375
2021-09-21,36.61536407470703
2021-09-22,37.0711669921875
2021-09-23,37.47830581665039
2021-09-24,37.11985397338867
2021-09-27,37.21721649169922
2021-09-28,36.2834587097168
2021-09-29,36.438350677490234
2021-09-30,36.18168640136719
2021-10-01,36.093177795410156
2021-10-04,35.699317932128906
2021-10-05,36.35426712036133
2021-10-06,35.88518524169922
2021-10-07,36.64633560180664
2021-10-08,36.398521423339844
2021-10-11,36.416221618652344
2021-10-12,36.24806594848633
2021-10-13,36.50030517578125
2021-10-14,37.12870407104492
2021-10-15,37.420780181884766
2021-10-18,37.12870407104492
2021-10-19,37.28359603881836
2021-10-20,37.33668899536133
2021-10-21,37.17738723754883
2021-10-22,37.451759338378906
2021-10-25,37.47830581665039
2021-10-26,37.7880859375
2021-10-27,37.761531829833984
2021-10-28,37.898719787597656
2021-10-29,38.02705764770508
2021-11-01,38.32355499267578
2021-11-02,38.46073913574219
2021-11-03,38.575801849365234
2021-11-04,38.774940490722656
2021-11-05,39.044883728027344
2021-11-08,38.94309616088867
2021-11-09,38.85459518432617
2021-11-10,38.92982482910156
2021-11-11,38.99177932739258
2021-11-12,39.10684585571289
2021-11-15,39.239601135253906
2021-11-16,39.398902893066406
2021-11-17,39.39006042480469
2021-11-18,39.244022369384766
2021-11-19,39.00505065917969
2021-11-22,38.8767204284668
2021-11-23,38.319129943847656
2021-11-24,38.28814697265625
2021-11-25,38.44302749633789
2021-11-26,36.61094284057617
2021-11-29,36.80565643310547
2021-11-30,36.44277572631836
2021-12-01,37.429630279541016
2021-12-02,36.841060638427734
2021-12-03,36.56668472290039
2021-12-06,37.11985397338867
2021-12-07,38.34567642211914
2021-12-08,37.956241607666016
2021-12-09,37.6995849609375
2021-12-10,37.63762664794922
2021-12-13,37.51814651489258
2021-12-14,37.09330368041992
2021-12-15,37.25310516357422
2021-12-16,37.61503982543945
2021-12-17,37.26203155517578
2021-12-20,36.792850494384766
2021-12-21,37.436302185058594
2021-12-22,37.78483581542969
2021-12-23,38.2540168762207
2021-12-27,38.45509719848633
2021-12-28,38.647239685058594
2021-12-29,38.4014778137207
2021-12-30,38.5802116394043
2022-01-03,38.8170280456543
2022-01-04,39.13875961303711
2022-01-05,39.38899612426758
2022-01-06,38.808101654052734
2022-01-07,38.615962982177734
2022-01-10,38.03059768676758
2022-01-11,38.450626373291016
2022-01-12,38.76342010498047
2022-01-13,38.745540618896484
2022-01-14,38.338924407958984
2022-01-17,38.6383056640625
2022-01-18,38.21380615234375
2022-01-19,38.28083038330078
2022-01-20,38.60702133178711
2022-01-21,37.968048095703125
2022-01-24,36.399627685546875
2022-01-25,36.56495666503906
2022-01-26,37.396080017089844
2022-01-27,37.601627349853516
2022-01-28,37.11903762817383
2022-01-31,37.458641052246094
2022-02-01,37.88315200805664
2022-02-02,37.8563346862793
2022-02-03,37.17713165283203
2022-02-04,36.654335021972656
2022-02-07,36.93584060668945
2022-02-08,37.034141540527344
2022-02-09,37.70439910888672
2022-02-10,37.61503982543945
2022-02-11,37.29777526855469
2022-02-14,36.587303161621094
2022-02-15,37.203948974609375
2022-02-16,37.13245391845703
2022-02-17,36.891151428222656
2022-02-18,36.56049346923828
2022-02-21,35.774051666259766
2022-02-22,35.69808578491211
2022-02-23,35.66233825683594
2022-02-24,34.39779281616211
2022-02-25,35.66681671142578
2022-02-28,35.24677658081055
2022-03-01,33.781150817871094
2022-03-02,34.21010971069336
2022-03-03,33.553260803222656
2022-03-04,31.855266571044922
2022-03-07,31.41289520263672
2022-03-08,31.502256393432617
2022-03-09,33.95988082885742
2022-03-10,32.82044219970703
2022-03-11,33.124290466308594
2022-03-14,33.5800666809082
2022-03-15,33.62201690673828
2022-03-16,34.94773483276367
2022-03-17,34.89398193359375
2022-03-18,35.086570739746094
2022-03-21,34.768585205078125
2022-03-22,35.279151916503906
2022-03-23,34.72378921508789
2022-03-24,34.68349075317383
2022-03-25,34.732749938964844
2022-03-28,34.934295654296875
2022-03-29,35.955448150634766
2022-03-30,35.60163116455078
2022-03-31,35.07313537597656
2022-04-01,35.18510437011719
2022-04-04,35.498619079589844
2022-04-05,35.153751373291016
2022-04-06,34.37445831298828
2022-04-07,34.19529724121094
2022-04-08,34.69691848754883
2022-04-11,34.56703567504883
2022-04-12,34.46402359008789
2022-04-13,34.44163513183594
2022-04-14,34.638694763183594
2022-04-19,34.51776885986328
2022-04-20,35.113433837890625
2022-04-21,35.373207092285156
2022-04-22,34.5536003112793
2022-04-25,33.90865707397461
2022-04-26,33.59962463378906
2022-04-27,33.72951126098633
2022-04-28,34.11021423339844
2022-04-29,34.42372131347656
2022-05-02,33.84148025512695
2022-05-03,34.13706970214844
2022-05-04,33.828041076660156
2022-05-05,33.56827163696289
2022-05-06,33.03977584838867
2022-05-09,32.19777297973633
2022-05-10,32.42618942260742
2022-05-11,33.29059600830078
2022-05-12,32.98603439331055
2022-05-13,33.823570251464844
2022-05-16,33.613067626953125
2022-05-17,34.22217559814453
2022-05-18,33.738468170166016
2022-05-19,33.348812103271484
2022-05-20,33.44735336303711
2022-05-23,34.020633697509766
2022-05-24,33.43391036987305
2022-05-25,33.69367599487305
2022-05-26,34.30727005004883
2022-05-27,34.94773483276367
2022-05-30,35.24781036376953
2022-05-31,34.78649139404297
2022-06-01,34.45954895019531
2022-06-02,34.79545593261719
2022-06-03,34.71035385131836
2022-06-06,35.22541046142578
2022-06-07,34.94324493408203
2022-06-08,34.759620666503906
2022-06-09,34.172908782958984
2022-06-10,33.05768966674805
2022-06-13,32.2291259765625
2022-06-14,31.87530517578125
2022-06-15,32.42465591430664
2022-06-16,31.47245216369629
2022-06-17,31.5085506439209
2022-06-20,31.82444953918457
2022-06-21,32.06363296508789
2022-06-22,31.806398391723633
2022-06-23,31.5085506439209
2022-06-24,32.45624923706055
2022-06-27,32.48783874511719
2022-06-28,32.55101776123047
2022-06-29,32.30280685424805
2022-06-30,31.716136932373047
2022-07-01,31.671010971069336
2022-07-04,31.666500091552734
2022-07-05,30.881263732910156
2022-07-06,31.43183135986328
2022-07-07,32.06363296508789
2022-07-08,32.17193603515625
2022-07-11,31.896650314331055
2022-07-12,32.04558181762695
2022-07-13,31.725168228149414
2022-07-14,31.197172164916992
2022-07-15,31.941787719726562
2022-07-18,32.280242919921875
2022-07-19,32.96168899536133
2022-07-20,32.9571647644043
2022-07-21,33.06998825073242
2022-07-22,33.01584243774414
2022-07-25,33.10158157348633
2022-07-26,32.85788345336914
2022-07-27,33.15121841430664
2022-07-28,33.552860260009766
2022-07-29,34.08085632324219
2022-08-01,34.067317962646484
2022-08-02,33.89583969116211
2022-08-03,34.32004165649414
2022-08-04,34.505069732666016
2022-08-05,34.24784851074219
2022-08-08,34.545684814453125
2022-08-09,34.16661071777344
2022-08-10,34.42835235595703
2022-08-11,34.52311706542969
2022-08-12,34.75778579711914
2022-08-15,34.83901596069336
2022-08-16,34.97891616821289
2022-08-17,34.514102935791016
2022-08-18,34.721683502197266
2022-08-19,34.301998138427734
2022-08-22,33.62055206298828
2022-08-23,33.56639862060547
2022-08-24,33.7243537902832
2022-08-25,33.76045608520508
2022-08-26,33.10609817504883
2022-08-29,32.85337829589844
2022-08-30,32.76311492919922
2022-08-31,32.37952423095703
2022-09-01,31.869579315185547
2022-09-02,32.62322235107422
2022-09-05,32.122291564941406
2022-09-06,32.23060607910156
2022-09-07,32.248661041259766
2022-09-08,32.32988739013672
2022-09-09,32.880455017089844
2022-09-12,33.534812927246094
2022-09-13,32.99778747558594
2022-09-14,32.82178497314453
2022-09-15,32.601985931396484
2022-09-16,32.20730209350586
2022-09-19,32.25779342651367
2022-09-20,31.9273681640625
2022-09-21,32.20271682739258
2022-09-22,31.592348098754883
2022-09-23,30.84889030456543
2022-09-26,30.81676483154297
2022-09-27,30.591896057128906
2022-09-28,30.715805053710938
2022-09-29,30.210987091064453
2022-09-30,30.51846694946289
2022-10-03,30.74333381652832
2022-10-04,32.07879638671875
2022-10-05,31.771329879760742
2022-10-06,31.606111526489258
2022-10-07,31.07836151123047
2022-10-10,30.894786834716797
2022-10-11,30.766284942626953
2022-10-12,30.665319442749023
2022-10-13,31.00033950805664
2022-10-14,31.11965560913086
2022-10-17,31.68412971496582
2022-10-18,31.89523696899414
2022-10-19,31.945714950561523
2022-10-20,32.193538665771484
2022-10-21,32.01456069946289
2022-10-24,32.52854919433594
2022-10-25,33.06090545654297
2022-10-26,33.23529815673828
2022-10-27,33.23529815673828
2022-10-28,33.26742172241211
2022-10-31,33.3546142578125
2022-11-01,33.63456344604492
2022-11-02,33.391326904296875
2022-11-03,33.1068000793457
2022-11-04,33.92367935180664
2022-11-07,34.153141021728516
2022-11-08,34.45603561401367
2022-11-09,34.32753372192383
2022-11-10,35.42436218261719
2022-11-11,35.65382385253906
2022-11-14,35.84658432006836
2022-11-15,36.08980941772461
2022-11-16,35.79149627685547
2022-11-17,35.73643493652344
2022-11-18,36.154052734375
2022-11-21,36.07144546508789
2022-11-22,36.209129333496094
2022-11-23,36.3697509765625
2022-11-24,36.53037643432617
2022-11-25,36.53955078125
2022-11-28,36.32386016845703
2022-11-29,36.255027770996094
2022-11-30,36.567081451416016
2022-12-01,36.787376403808594
2022-12-02,36.69558334350586
2022-12-05,36.493656158447266
2022-12-06,36.35139083862305
2022-12-07,36.19076919555664
2022-12-08,36.177005767822266
2022-12-09,36.38811111450195
2022-12-12,36.20453643798828
2022-12-13,36.814910888671875
2022-12-14,36.69558334350586
2022-12-15,35.45594787597656
2022-12-16,35.1478385925293
2022-12-19,35.22142028808594
2022-12-20,35.152435302734375
2022-12-21,35.72267532348633
2022-12-22,35.272003173828125
2022-12-23,35.28120040893555
2022-12-27,35.40996170043945
2022-12-28,35.198421478271484
2022-12-29,35.5985107421875
2022-12-30,35.198421478271484
2023-01-02,35.63990020751953
2023-01-03,35.90203094482422
2023-01-04,36.78956985473633
2023-01-05,36.64702224731445
2023-01-06,37.185062408447266
2023-01-09,37.6495361328125
2023-01-10,37.53456115722656
2023-01-11,37.91165542602539
2023-01-12,38.20137405395508
2023-01-13,38.385318756103516
2023-01-16,38.45429992675781
2023-01-17,38.629051208496094
2023-01-18,38.59686279296875
2023-01-19,37.884063720703125
2023-01-20,38.06801223754883
2023-01-23,38.36692810058594
2023-01-24,38.417518615722656
2023-01-25,38.357730865478516
2023-01-26,38.59225845336914
2023-01-27,38.629051208496094
2023-01-30,38.44970703125
2023-01-31,38.50028610229492
2023-02-01,38.57387161254883
2023-02-02,39.22688674926758
2023-02-03,39.383235931396484
2023-02-06,38.95555877685547
2023-02-07,38.97394943237305
2023-02-08,38.91416931152344
2023-02-09,39.26826858520508
2023-02-10,38.84058380126953
2023-02-13,39.231483459472656
2023-02-14,39.23607635498047
2023-02-15,39.617774963378906
2023-02-16,39.73274230957031
2023-02-17,39.562591552734375
2023-02-20,39.516605377197266
2023-02-21,39.3188591003418
2023-02-22,39.25447082519531
2023-02-23,39.40163040161133
2023-02-24,38.63364791870117
2023-02-27,39.295860290527344
2023-02-28,39.1808967590332
2023-03-01,39.001548767089844
2023-03-02,39.20388412475586
2023-03-03,39.73274230957031
2023-03-06,39.902889251708984
2023-03-07,39.59477996826172
2023-03-08,39.67755126953125
2023-03-09,39.66835403442383
2023-03-10,39.19929504394531
2023-03-13,37.925453186035156
2023-03-14,38.68423843383789
2023-03-15,37.35267639160156
2023-03-16,38.08726119995117
2023-03-17,37.66221618652344
2023-03-20,38.16579818725586
2023-03-21,38.6878547668457
2023-03-22,38.849552154541016
2023-03-23,38.93272018432617
2023-03-24,38.30440139770508
2023-03-27,38.61393737792969
2023-03-28,38.64166259765625
2023-03-29,39.21453857421875
2023-03-30,39.745845794677734
2023-03-31,40.02766036987305
2023-04-03,39.986080169677734
2023-04-04,40.01841735839844
2023-04-05,39.86595153808594
2023-04-06,39.99993896484375
2023-04-11,40.22169876098633
2023-04-12,40.23555374145508
2023-04-13,40.51737976074219
2023-04-14,40.75300598144531
2023-04-17,40.545101165771484
2023-04-18,40.799198150634766
2023-04-19,40.81767654418945
2023-04-20,40.739139556884766
2023-04-21,40.90083312988281
2023-04-24,40.93317794799805
2023-04-25,40.776100158691406
2023-04-26,40.48503875732422
2023-04-27,40.61901092529297
2023-04-28,40.69293975830078
2023-05-02,40.13391876220703
2023-05-03,40.28636932373047
2023-05-04,40.11543655395508
2023-05-05,40.68831253051758
2023-05-08,40.808441162109375
2023-05-09,40.60515594482422
2023-05-10,40.461944580078125
2023-05-11,40.54047775268555
2023-05-12,40.655975341796875
2023-05-15,40.64673614501953
2023-05-16,40.6513557434082
2023-05-17,40.7437629699707
2023-05-18,41.15493392944336
2023-05-19,41.42289733886719
2023-05-22,41.39979934692383
2023-05-23,41.011714935302734
2023-05-24,40.295616149902344
2023-05-25,40.33258056640625
2023-05-26,40.97937774658203
2023-05-29,40.776100158691406
2023-05-30,40.57281494140625
2023-05-31,39.8936767578125
2023-06-01,40.27251052856445
2023-06-02,40.88698196411133
2023-06-05,40.56357192993164
2023-06-06,40.60515594482422
2023-06-07,40.58205795288086
2023-06-08,40.64673614501953
2023-06-09,40.56357192993164
2023-06-12,40.799198150634766
2023-06-13,41.11798095703125
2023-06-14,41.38593292236328
2023-06-15,41.26130676269531
2023-06-16,41.58762741088867
2023-06-19,41.2240104675293
2023-06-20,41.056190490722656
2023-06-21,40.88836669921875
2023-06-22,40.74385070800781
2023-06-23,40.408199310302734
2023-06-26,40.51542282104492
2023-06-27,40.76715850830078
2023-06-28,41.14942169189453
2023-06-29,41.228668212890625
2023-06-30,41.6389045715332
2023-07-03,41.62958526611328
2023-07-04,41.55033874511719
2023-07-05,41.1447639465332
2023-07-06,39.97465896606445
2023-07-07,40.12384033203125
2023-07-10,40.314971923828125
2023-07-11,40.6086540222168
2023-07-12,41.284610748291016
2023-07-13,41.60161590576172
2023-07-14,41.652889251708984
2023-07-17,41.25198745727539
2023-07-18,41.382511138916016
2023-07-19,41.31724548339844
2023-07-20,41.41514205932617
2023-07-21,41.58296585083008
2023-07-24,41.513038635253906
2023-07-25,41.596954345703125
2023-07-26,41.163414001464844
2023-07-27,42.156368255615234
2023-07-28,42.35215759277344
2023-07-31,42.361488342285156
2023-08-01,41.727481842041016
2023-08-02,41.10280227661133
2023-08-03,40.771820068359375
2023-08-04,41.08415603637695
2023-08-07,41.1447639465332
2023-08-08,40.64128112792969
2023-08-09,40.90235137939453
2023-08-10,41.559661865234375
2023-08-11,40.939640045166016
2023-08-14,41.01423263549805
2023-08-15,40.59933090209961
2023-08-16,40.59933090209961
2023-08-17,40.0865364074707
2023-08-18,39.9886474609375
2023-08-21,40.105186462402344
2023-08-22,40.43617248535156
2023-08-23,40.496768951416016
2023-08-24,40.16112518310547
2023-08-25,40.24037551879883
2023-08-28,40.79513168334961
2023-08-29,41.098148345947266
2023-08-30,40.96761703491211
2023-08-31,40.78580856323242
2023-09-01,40.650611877441406
2023-09-04,40.60399627685547
2023-09-05,40.52474594116211
2023-09-06,40.21240997314453
2023-09-07,40.05390930175781
2023-09-08,40.22639083862305
2023-09-11,40.36157989501953
2023-09-12,40.26835250854492
2023-09-13,40.063232421875
2023-09-14,40.62730407714844
2023-09-15,40.709861755371094
2023-09-18,40.265567779541016
2023-09-19,40.24665832519531
2023-09-20,40.624786376953125
2023-09-21,40.01032638549805
2023-09-22,39.92525863647461
2023-09-25,39.54240798950195
2023-09-26,39.16427993774414
2023-09-27,39.1453742980957
2023-09-28,39.4620475769043
2023-09-29,39.57548522949219
2023-10-02,39.23044967651367
2023-10-03,38.83341979980469
2023-10-04,38.875953674316406
2023-10-05,38.90431594848633
2023-10-06,39.33915328979492
2023-10-09,39.02720642089844
2023-10-10,39.91107177734375
2023-10-11,39.90161895751953
2023-10-12,39.84489822387695
2023-10-13,39.23044967651367
2023-10-16,39.41006088256836
2023-10-17,39.428958892822266
2023-10-18,38.96575927734375
2023-10-19,38.83341979980469
2023-10-20,38.266231536865234
2023-10-23,38.40802764892578
2023-10-24,38.5876350402832
2023-10-25,38.63962936401367
2023-10-26,38.43165588378906
2023-10-27,38.100799560546875
2023-10-30,38.252052307128906
2023-10-31,38.51201629638672
2023-11-01,38.86650848388672
2023-11-02,39.62275314331055
2023-11-03,39.65110778808594
2023-11-06,39.490413665771484
2023-11-07,39.45258712768555
2023-11-08,39.72673797607422
2023-11-09,40.18993377685547
2023-11-10,39.87325668334961
2023-11-13,40.21356964111328
2023-11-14,40.79021072387695
2023-11-15,40.98872756958008
2023-11-16,40.856388092041016
2023-11-17,41.21560287475586
2023-11-20,41.26287078857422
2023-11-21,41.15888595581055
2023-11-22,41.39521026611328
2023-11-23,41.47083282470703
2023-11-24,41.5748176574707
2023-11-27,41.404666900634766
2023-11-28,41.34321975708008
2023-11-29,41.57009506225586
2023-11-30,41.65517044067383
2023-12-01,41.96712875366211
2023-12-04,41.96712875366211
2023-12-05,41.96712875366211
2023-12-06,41.96712875366211
2023-12-07,42.53431701660156
2023-12-08,43.00696563720703
2023-12-11,43.144039154052734
2023-12-12,43.13930892944336
2023-12-13,43.063690185546875
2023-12-14,43.1629524230957
2023-12-15,43.284908294677734
2023-12-18,42.98178482055664
2023-12-19,43.119140625
2023-12-20,43.14755630493164
2023-12-21,43.03862380981445
2023-12-22,43.00546646118164
2023-12-27,43.076507568359375
2023-12-28,42.92494201660156
2023-12-29,43.08597946166992
2024-01-02,42.90127182006836
2024-01-03,42.285552978515625
2024-01-04,42.555519104003906
2024-01-05,42.44657897949219
2024-01-08,42.6455078125
2024-01-09,42.49394989013672
2024-01-10,42.50341796875
2024-01-11,42.25239562988281
2024-01-12,42.621829986572266
2024-01-15,42.38028335571289
2024-01-16,42.280818939208984
2024-01-17,41.920860290527344
2024-01-18,42.38975143432617
2024-01-19,42.318702697753906
2024-01-22,42.67392349243164
2024-01-23,42.508155822753906
2024-01-24,43.45067596435547
2024-01-25,43.606971740722656
2024-01-26,44.12322998046875
2024-01-29,44.14691162109375
2024-01-30,44.378990173339844
2024-01-31,44.25110626220703
2024-02-01,44.1611213684082
2024-02-02,44.33636474609375
2024-02-05,44.31741714477539
2024-02-06,44.66316604614258
2024-02-07,44.558963775634766
2024-02-08,44.85261535644531
2024-02-09,44.92366027832031
2024-02-12,45.2220458984375
2024-02-13,44.67737579345703
2024-02-14,44.89998245239258
2024-02-15,45.20309829711914
2024-02-16,45.40202713012695
2024-02-19,45.383079528808594
2024-02-20,45.35466384887695
2024-02-21,45.48728561401367
2024-02-22,46.273502349853516
2024-02-23,46.44401168823242
2024-02-26,46.36349105834961
2024-02-27,46.562416076660156
2024-02-28,46.55767822265625
2024-02-29,46.510318756103516
2024-03-01,46.66187286376953
2024-03-04,46.822914123535156
2024-03-05,46.66187286376953
2024-03-06,46.90343475341797
2024-03-07,47.45757293701172
2024-03-08,47.32495880126953
2024-03-11,47.017093658447266
2024-03-12,47.533355712890625
2024-03-13,47.72280502319336
2024-03-14,47.63755416870117
2024-03-15,47.6446647644043
2024-03-18,47.54970169067383
2024-03-19,47.77762222290039
2024-03-20,47.74912643432617
2024-03-21,48.24295425415039
2024-03-22,48.06251907348633
2024-03-25,48.233455657958984
2024-03-26,48.41389465332031
2024-03-27,48.57534408569336
2024-03-28,48.57534408569336
2024-04-02,48.20497131347656
2024-04-03,48.43288803100586
2024-04-04,48.489864349365234
2024-04-05,47.90107727050781
2024-04-08,48.223960876464844
2024-04-09,47.69215393066406
2024-04-10,47.73963165283203
2024-04-11,47.46897506713867
2024-04-12,47.383506774902344
2024-04-15,47.6446647644043
2024-04-16,47.01313781738281
2024-04-17,47.027381896972656
2024-04-18,47.21256637573242
2024-04-19,47.027381896972656
2024-04-22,47.34552001953125
2024-04-23,48.07201385498047
2024-04-24,47.929569244384766
2024-04-25,47.44523620605469
2024-04-26,48.20497131347656
2024-04-29,47.95804977416992
2024-04-30,47.473724365234375
2024-05-02,47.15084457397461
2024-05-03,47.473724365234375
2024-05-06,47.86308670043945
2024-05-07,48.42339324951172
2024-05-08,48.660804748535156
2024-05-09,48.9552001953125
2024-05-10,49.18312454223633
2024-05-13,49.1926155090332
2024-05-14,49.2306022644043
2024-05-15,49.43003463745117
2024-05-16,49.221107482910156
2024-05-17,49.145137786865234
2024-05-20,49.316078186035156
2024-05-21,49.07866287231445
2024-05-22,48.888729095458984
2024-05-23,48.99319076538086
2024-05-24,48.97418975830078
2024-05-27,49.211612701416016
2024-05-28,48.98369216918945
2024-05-29,48.356910705566406
2024-05-30,48.55634307861328
2024-05-31,48.51835632324219
2024-06-03,48.75577163696289
2024-06-04,48.233455657958984
2024-06-05,49.002685546875
2024-06-06,49.373050689697266
2024-06-07,49.18312454223633
2024-06-10,48.85073471069336
2024-06-11,48.356910705566406
2024-06-12,49.06916046142578
2024-06-13,48.08150863647461
2024-06-14,47.1413459777832
2024-06-17,47.55487060546875
2024-06-18,47.900611877441406
2024-06-19,47.622093200683594
2024-06-20,48.24155807495117
2024-06-21,47.8045768737793
2024-06-24,48.25115966796875
2024-06-25,48.08789825439453
2024-06-26,47.89100646972656
2024-06-27,47.76616287231445
2024-06-28,47.6893196105957
2024-07-01,48.03987503051758
2024-07-02,47.81897735595703
2024-07-03,48.41443634033203
2024-07-04,48.625728607177734
2024-07-05,48.53929138183594
2024-07-08,48.481666564941406
2024-07-09,47.81897735595703
2024-07-10,48.37601852416992
2024-07-11,48.53929138183594
2024-07-12,49.182762145996094
2024-07-15,48.60651779174805
2024-07-16,48.222354888916016
2024-07-17,47.75175094604492
2024-07-18,47.516448974609375
2024-07-19,47.06025695800781
2024-07-22,47.79977035522461
2024-07-23,47.98225021362305
2024-07-24,47.44921875
2024-07-25,46.935394287109375
2024-07-26,47.41080856323242
2024-07-29,46.949798583984375
2024-07-30,47.18990707397461
2024-07-31,47.52605438232422
2024-08-01,46.42157745361328
2024-08-02,45.31710433959961
2024-08-05,44.6256103515625
2024-08-06,44.65922164916992
2024-08-07,45.5908203125
2024-08-08,45.576416015625
2024-08-09,45.65325164794922
2024-08-12,45.61482620239258
2024-08-13,45.850128173828125
2024-08-14,46.09983444213867
2024-08-15,46.997825622558594
2024-08-16,47.24272918701172
2024-08-19,47.52605438232422
2024-08-20,47.39159393310547
2024-08-21,47.66530990600586
2024-08-22,47.66530990600586
2024-08-23,47.881404876708984
2024-08-26,47.75654983520508
2024-08-27,47.785362243652344
2024-08-28,47.96784591674805
2024-08-29,48.481666564941406
2024-08-30,48.3856201171875
2024-09-02,48.52968215942383
2024-09-03,47.98704528808594
2024-09-04,47.35797882080078
2024-09-05,47.05544662475586
2024-09-06,46.253509521484375
2024-09-09,46.714500427246094
2024-09-10,46.35915756225586
2024-09-11,46.49360275268555
2024-09-12,47.02183151245117
2024-09-13,47.300357818603516
2024-09-16,47.10011672973633
2024-09-17,47.440364837646484
2024-09-18,47.19247055053711
2024-09-19,48.252098083496094
2024-09-20,47.532718658447266
2024-09-23,47.693119049072266
2024-09-24,48.22293472290039
2024-09-25,48.05281448364258
2024-09-26,49.092994689941406
2024-09-27,49.47213363647461
2024-09-30,48.82080841064453
2024-10-01,48.38820266723633
2024-10-02,48.49027633666992
2024-10-03,48.08683776855469
2024-10-04,48.42708206176758
2024-10-07,48.54374313354492
2024-10-08,48.383338928222656
2024-10-09,48.72358703613281
2024-10-10,48.587486267089844
2024-10-11,48.92774200439453
2024-10-14,49.297149658203125
2024-10-15,48.41250228881836
2024-10-16,48.01879119873047
2024-10-17,48.36389923095703
2024-10-18,48.733306884765625
2024-10-21,48.325008392333984
2024-10-22,48.28126907348633
2024-10-23,48.13544845581055
2024-10-24,48.266685485839844
2024-10-25,48.30556106567383
2024-10-28,48.60206604003906
2024-10-29,48.38820266723633
2024-10-30,47.78547668457031
2024-10-31,47.22163391113281
2024-11-01,47.75144958496094
2024-11-04,47.49869155883789
2024-11-05,47.64451217651367
2024-11-06,46.964019775390625
2024-11-07,47.46466827392578
2024-11-08,46.94943618774414
2024-11-11,47.48897171020508
2024-11-12,46.434200286865234
2024-11-13,46.3564338684082
2024-11-14,47.270240783691406
2024-11-15,46.85708236694336
2024-11-18,46.93484878540039
2024-11-19,46.53141403198242
2024-11-20,46.307823181152344
2024-11-21,46.52655029296875
2024-11-22,46.86194610595703
2024-11-25,46.964019775390625
2024-11-26,46.652931213378906
2024-11-27,46.414756774902344
2024-11-28,46.6480712890625
2024-11-29,47.06122589111328
2024-12-02,47.49383544921875
2024-12-03,47.80491638183594
2024-12-04,48.24238204956055
2024-12-05,48.51943588256836
2024-12-06,48.7916374206543
2024-12-09,48.840240478515625
2024-12-10,48.56319046020508
2024-12-11,48.63609313964844
2024-12-12,48.655540466308594
2024-12-13,48.665260314941406
2024-12-16,48.458351135253906
2024-12-17,48.458351135253906
2024-12-18,48.52656936645508
2024-12-19,47.805419921875
2024-12-20,47.688472747802734
2024-12-23,47.5179328918457
2024-12-27,47.95159912109375
2024-12-30,47.83953094482422
2025-01-02,48.18548583984375
2025-01-03,47.71283721923828
2025-01-06,48.88227462768555
2025-01-07,49.06743240356445
2025-01-08,48.96997833251953
2025-01-09,49.1453971862793
2025-01-10,48.76533126831055
2025-01-13,48.53144073486328
2025-01-14,48.80431365966797
2025-01-15,49.35979080200195
2025-01-16,50.0224723815918
2025-01-17,50.44151306152344
2025-01-20,50.626678466796875
2025-01-21,50.626678466796875
2025-01-22,51.035972595214844
2025-01-23,51.17240905761719
2025-01-24,51.162662506103516
2025-01-27,50.86056137084961
2025-01-28,50.94826889038086
2025-01-29,51.27960968017578
2025-01-30,51.81559753417969
2025-01-31,51.81559753417969
2025-02-03,51.17240905761719
2025-02-04,51.620697021484375
2025-02-05,51.688907623291016
2025-02-06,52.527008056640625
2025-02-07,52.22489929199219
2025-02-10,52.585472106933594
2025-02-11,52.887577056884766
2025-02-12,53.02401351928711
2025-02-13,53.97904586791992
2025-02-14,53.940067291259766
2025-02-17,54.23242950439453
2025-02-18,54.378604888916016
2025-02-19,53.62821578979492
2025-02-20,53.647705078125
2025-02-21,53.784141540527344
2025-02-24,53.57949447631836
2025-02-25,53.530765533447266
2025-02-26,54.32012939453125
2025-02-27,53.7646484375
2025-02-28,53.706180572509766
2025-03-03,54.524784088134766
2025-03-04,52.95579528808594
2025-03-05,53.910831451416016
2025-03-06,54.15446090698242
2025-03-07,53.66720199584961
2025-03-10,52.89732360839844
2025-03-11,52.15668487548828
2025-03-12,52.64394760131836
2025-03-13,52.28337097167969
2025-03-14,53.08248519897461
2025-03-17,53.47636413574219
2025-03-18,53.82811737060547
2025-03-19,54.05284881591797
2025-03-20,53.49591064453125
2025-03-21,53.21255111694336
2025-03-24,53.1832389831543
2025-03-25,53.80857849121094
2025-03-26,53.202781677246094
2025-03-27,52.90965270996094
2025-03-28,52.47972869873047
2025-03-31,51.67850875854492
2025-04-01,52.323394775390625
2025-04-02,52.196372985839844
2025-04-03,50.31058120727539
2025-04-04,47.999755859375
2025-04-07,45.83060073852539
2025-04-08,47.05685806274414
2025-04-09,45.47884750366211
2025-04-10,47.37929916381836
2025-04-11,47.18876266479492
2025-04-14,48.336849212646484
2025-04-15,48.97195816040039
2025-04-16,48.903564453125
2025-04-17,48.63486862182617
2025-04-22,48.95241928100586
2025-04-23,50.33012008666992
2025-04-24,50.545082092285156
2025-04-25,50.965232849121094
2025-04-28,51.072715759277344
2025-04-29,51.05317306518555
2025-04-30,50.965232849121094
2025-05-02,52.274539947509766
2025-05-05,52.43087387084961
2025-05-06,52.25499725341797
2025-05-07,51.981414794921875
2025-05-08,52.56766891479492
2025-05-09,52.85102462768555
2025-05-12,53.70109558105469
2025-05-13,53.98445510864258
2025-05-14,53.8574333190918
2025-05-15,53.945369720458984
2025-05-16,54.15055847167969
2025-05-19,54.287353515625
2025-05-20,54.59025192260742
2025-05-21,54.551170349121094
2025-05-22,54.287353515625
2025-05-23,53.30048751831055
2025-05-26,53.994224548339844
2025-05-27,54.23849868774414
2025-05-28,53.8183479309082
2025-05-29,53.78903579711914
2025-05-30,53.69132614135742
2025-06-02,53.5936164855957
2025-06-03,53.79880905151367
2025-06-04,54.11147689819336
2025-06-05,54.15055847167969
2025-06-06,54.355751037597656
2025-06-09,54.277584075927734
2025-06-10,54.19941711425781
2025-06-11,54.02354049682617
2025-06-12,53.68155288696289
2025-06-13,53.03667449951172
2025-06-16,53.44733810424805
2025-06-17,52.94534683227539
2025-06-18,52.738643646240234
2025-06-19,52.10869216918945
2025-06-20,52.49256896972656
2025-06-23,52.34492492675781
2025-06-24,53.10283660888672
2025-06-25,52.62052536010742
2025-06-26,52.58115768432617
2025-06-27,53.39812088012695
2025-06-30,53.181575775146484
2025-07-01,52.91581726074219
2025-07-02,53.280006408691406
2025-07-03,53.53592300415039
2025-07-04,53.01424789428711
2025-07-07,53.55561065673828
2025-07-08,53.90011215209961
2025-07-09,54.59896469116211
2025-07-10,54.510379791259766
2025-07-11,53.959171295166016
2025-07-14,53.82136917114258
2025-07-15,53.644195556640625
2025-07-16,53.112674713134766
2025-07-17,53.9197998046875
2025-07-18,53.70325469970703
2025-07-21,53.585140228271484
2025-07-22,53.053619384765625
2025-07-23,53.5949821472168
2025-07-24,53.69341278076172
2025-07-25,53.69341278076172
2025-07-28,53.5162353515625
2025-07-29,53.939483642578125
2025-07-30,54.09697341918945
2025-07-31,53.38827896118164
2025-08-01,51.86261749267578
2025-08-04,52.64021301269531
2025-08-05,52.699275970458984
2025-08-06,52.85675811767578
2025-08-07,53.54576873779297
2025-08-08,53.63435363769531
2025-08-11,53.496551513671875
2025-08-12,53.54576873779297
2025-08-13,54.05759811401367
2025-08-14,54.53990936279297
2025-08-15,54.717079162597656
2025-08-18,54.50053405761719
2025-08-19,54.99268341064453
2025-08-20,54.8844108581543
2025-08-21,54.80567169189453
2025-08-22,55.07143020629883
2025-08-25,54.579280853271484
2025-08-26,54.01823425292969
2025-08-27,54.12650680541992
2025-08-28,54.156028747558594
2025-08-29,53.67372512817383
2025-09-01,53.90011215209961
2025-09-02,53.142208099365234
2025-09-03,53.48670959472656
2025-09-04,53.713096618652344
2025-09-05,53.44733810424805
2025-09-08,53.87058639526367
2025-09-09,53.89027404785156
2025-09-10,53.80168533325195
2025-09-11,54.09697341918945
2025-09-12,54.116661071777344
2025-09-15,54.59318923950195
2025-09-16,53.924739837646484
2025-09-17,53.89480972290039
2025-09-18,54.782745361328125
2025-09-19,54.792720794677734
2025-09-22,54.60316467285156
2025-09-23,54.96232986450195
2025-09-24,54.8326301574707
2025-09-25,54.62311935424805
2025-09-26,55.21175003051758
2025-09-29,55.31151580810547
2025-09-30,55.4611701965332
2025-10-01,56.079734802246094
2025-10-02,56.72822952270508
2025-10-03,56.758155822753906
2025-10-06,56.528690338134766
2025-10-07,56.398990631103516
2025-10-08,56.77811050415039
2025-10-09,56.518714904785156
2025-10-10,55.540985107421875
2025-10-13,55.96001052856445
2025-10-14,55.82033920288086
2025-10-15,56.299224853515625
2025-10-16,56.81801986694336
2025-10-17,56.339134216308594
2025-10-20,57.09737014770508
2025-10-21,57.157230377197266
2025-10-22,56.61848068237305
2025-10-23,56.91778564453125
2025-10-27,57.3467903137207
2025-10-28,57.32683563232422
2025-10-29,57.32683563232422
2025-10-30,57.2669792175293
2025-10-31,56.927764892578125
2025-11-03,57.05746078491211
2025-11-04,56.927764892578125
2025-11-05,56.99760437011719
2025-11-06,56.36906051635742
2025-11-07,55.95003890991211
2025-11-10,56.94771957397461
2025-11-11,57.58623504638672
2025-11-12,58.23472595214844
2025-11-13,57.76581954956055
2025-11-14,57.2669792175293
2025-11-17,56.77811050415039
2025-11-18,55.690635681152344
2025-11-19,55.760475158691406
2025-11-20,55.98994064331055
2025-11-21,55.59086990356445
2025-11-24,55.70061492919922
2025-11-25,56.17950439453125
2025-11-26,56.99760437011719
2025-11-27,56.96767044067383
2025-11-28,57.13727951049805
