,price
2008-01-02,123.96442413330078
2008-01-03,123.96442413330078
2008-01-04,123.7485122680664
2008-01-07,123.8048324584961
2008-01-08,123.814208984375
2008-01-09,123.93626403808594
2008-01-10,123.93626403808594
2008-01-11,123.95503997802734
2008-01-14,124.15216827392578
2008-01-15,124.14277648925781
2008-01-16,124.33055114746094
2008-01-17,124.38687133789062
2008-01-18,124.5746078491211
2008-01-21,124.72482299804688
2008-01-22,126.7337875366211
2008-01-23,124.82808685302734
2008-01-24,124.87503051757812
2008-01-25,124.5840072631836
2008-01-28,124.893798828125
2008-01-29,124.66849517822266
2008-01-30,124.74359130859375
2008-01-31,124.84686279296875
2008-02-01,124.83747863769531
2008-02-04,124.82808685302734
2008-02-05,124.94075012207031
2008-02-06,125.25992584228516
2008-02-07,125.1660385131836
2008-02-08,125.41950988769531
2008-02-11,125.42889404296875
2008-02-12,125.41012573242188
2008-02-13,125.46643829345703
2008-02-14,125.39134979248047
2008-02-15,125.34440612792969
2008-02-18,125.40074920654297
2008-02-19,125.2974624633789
2008-02-20,125.24115753173828
2008-02-21,125.13788604736328
2008-02-22,125.13788604736328
2008-02-25,125.04399871826172
2008-02-26,125.07217407226562
2008-02-27,123.09136199951172
2008-02-28,123.91748046875
2008-02-29,123.40116882324219
2008-03-03,123.44808959960938
2008-03-04,123.32604217529297
2008-03-05,123.32604217529297
2008-03-06,123.21339416503906
2008-03-07,123.23219299316406
2008-03-10,123.29789733886719
2008-03-11,123.17585754394531
2008-03-12,123.04443359375
2008-03-13,123.26972961425781
2008-03-14,123.22278594970703
2008-03-17,123.44808959960938
2008-03-18,123.51382446289062
2008-03-19,123.29789733886719
2008-03-20,123.12893676757812
2008-03-25,122.81912994384766
2008-03-26,122.82850646972656
2008-03-27,122.90361022949219
2008-03-28,122.95993041992188
2008-03-31,122.9693374633789
2008-04-01,122.86608123779297
2008-04-02,122.73464965820312
2008-04-03,122.80035400390625
2008-04-04,122.83790588378906
2008-04-07,122.73464965820312
2008-04-08,122.80035400390625
2008-04-09,122.88481903076172
2008-04-10,122.92239379882812
2008-04-11,122.92239379882812
2008-04-14,123.04443359375
2008-04-15,123.06320190429688
2008-04-16,122.92239379882812
2008-04-17,122.56564331054688
2008-04-18,122.5186996459961
2008-04-21,122.38728332519531
2008-04-22,122.24647521972656
2008-04-23,122.45301055908203
2008-04-24,122.3779067993164
2008-04-25,122.3779067993164
2008-04-28,122.62197875976562
2008-04-29,122.54686737060547
2008-04-30,122.60323333740234
2008-05-02,122.83790588378906
2008-05-05,122.73464965820312
2008-05-06,122.70648193359375
2008-05-07,122.73464965820312
2008-05-08,122.8472900390625
2008-05-09,122.95993041992188
2008-05-12,122.88481903076172
2008-05-13,122.89423370361328
2008-05-14,122.65013885498047
2008-05-15,122.45301055908203
2008-05-16,122.52811431884766
2008-05-19,122.4154281616211
2008-05-20,122.48116302490234
2008-05-21,122.4154281616211
2008-05-22,122.19953918457031
2008-05-23,122.29342651367188
2008-05-26,122.24647521972656
2008-05-27,122.33097076416016
2008-05-28,122.22769165039062
2008-05-29,122.32159423828125
2008-05-30,122.10565948486328
2008-06-02,122.2746353149414
2008-06-03,122.0587387084961
2008-06-04,122.14320373535156
2008-06-05,122.19015502929688
2008-06-06,121.56119537353516
2008-06-09,121.55177307128906
2008-06-10,121.4579086303711
2008-06-11,121.53302001953125
2008-06-12,121.61750030517578
2008-06-13,121.55177307128906
2008-06-16,121.60810852050781
2008-06-17,121.57994079589844
2008-06-18,121.62689208984375
2008-06-19,121.55177307128906
2008-06-20,121.71137237548828
2008-06-23,121.79586029052734
2008-06-24,121.85220336914062
2008-06-25,121.861572265625
2008-06-26,121.98362731933594
2008-06-27,122.22769165039062
2008-06-30,121.79586029052734
2008-07-01,121.93668365478516
2008-07-02,121.85220336914062
2008-07-03,121.71137237548828
2008-07-04,122.24647521972656
2008-07-07,122.28400421142578
2008-07-08,122.52811431884766
2008-07-09,122.35912322998047
2008-07-10,122.42485809326172
2008-07-11,122.4623794555664
2008-07-14,122.57503509521484
2008-07-15,122.65013885498047
2008-07-16,122.81912994384766
2008-07-17,122.60323333740234
2008-07-18,122.63137817382812
2008-07-21,122.18073272705078
2008-07-22,122.32159423828125
2008-07-23,122.29342651367188
2008-07-24,122.40606689453125
2008-07-25,122.65953826904297
2008-07-28,122.72523498535156
2008-07-29,122.78154754638672
2008-07-30,122.95993041992188
2008-07-31,122.95054626464844
2008-08-01,123.02566528320312
2008-08-04,123.12893676757812
2008-08-05,123.10076141357422
2008-08-06,123.21339416503906
2008-08-07,123.17585754394531
2008-08-08,123.57952880859375
2008-08-11,123.6452407836914
2008-08-12,123.65461730957031
2008-08-13,123.729736328125
2008-08-14,123.814208984375
2008-08-18,123.83300018310547
2008-08-19,123.93626403808594
2008-08-20,123.87053680419922
2008-08-21,123.98319244384766
2008-08-22,123.6921615600586
2008-08-25,123.75789642333984
2008-08-26,123.98319244384766
2008-08-27,122.07746887207031
2008-08-28,121.20443725585938
2008-08-29,121.30769348144531
2008-09-01,121.43912506103516
2008-09-02,121.43912506103516
2008-09-03,121.64566802978516
2008-09-04,121.57994079589844
2008-09-05,121.73954010009766
2008-09-08,121.44852447509766
2008-09-09,121.52362060546875
2008-09-10,121.75830841064453
2008-09-11,121.73014068603516
2008-09-12,121.65504455566406
2008-09-15,122.04933166503906
2008-09-16,122.17138671875
2008-09-17,121.96484375
2008-09-18,122.13382720947266
2008-09-19,121.87097930908203
2008-09-22,121.58934020996094
2008-09-23,121.68319702148438
2008-09-24,122.02116394042969
2008-09-25,122.01178741455078
2008-09-26,122.18073272705078
2008-09-29,122.58443450927734
2008-09-30,122.82850646972656
2008-10-01,122.83790588378906
2008-10-02,122.95993041992188
2008-10-03,123.33546447753906
2008-10-06,123.6921615600586
2008-10-07,123.70157623291016
2008-10-08,123.89869689941406
2008-10-09,123.66401672363281
2008-10-10,123.29789733886719
2008-10-13,123.83300018310547
2008-10-14,123.40116882324219
2008-10-15,122.03994750976562
2008-10-16,123.814208984375
2008-10-17,124.09586334228516
2008-10-20,124.0113754272461
2008-10-21,124.10523223876953
2008-10-22,124.61216735839844
2008-10-23,124.40564727783203
2008-10-24,124.53707885742188
2008-10-27,124.65910339355469
2008-10-28,124.6403579711914
2008-10-29,124.54645538330078
2008-10-30,124.64971923828125
2008-10-31,124.80931091308594
2008-11-03,124.4901351928711
2008-11-04,124.73421478271484
2008-11-05,124.53707885742188
2008-11-06,124.79053497314453
2008-11-07,125.15665435791016
2008-11-10,125.05338287353516
2008-11-11,124.96891021728516
2008-11-12,125.24115753173828
2008-11-13,125.39134979248047
2008-11-14,125.18482971191406
2008-11-17,125.33502197265625
2008-11-18,125.32563018798828
2008-11-19,125.4852294921875
2008-11-20,125.5697250366211
2008-11-21,125.42889404296875
2008-11-24,125.57911682128906
2008-11-25,125.44766235351562
2008-11-26,125.43827819824219
2008-11-27,125.56031799316406
2008-11-28,125.66358947753906
2008-12-01,125.71991729736328
2008-12-02,125.82318115234375
2008-12-03,125.73869323730469
2008-12-04,125.91706085205078
2008-12-05,125.66358947753906
2008-12-08,125.3725814819336
2008-12-09,125.21297454833984
2008-12-10,125.40074920654297
2008-12-11,125.43827819824219
2008-12-12,125.63542938232422
2008-12-15,125.59786987304688
2008-12-16,125.69176483154297
2008-12-17,126.07665252685547
2008-12-18,126.7337875366211
2008-12-19,126.18930053710938
2008-12-22,126.48030853271484
2008-12-23,126.68685913085938
2008-12-29,126.5647964477539
2008-12-30,126.7337875366211
2009-01-02,126.5647964477539
2009-01-05,126.7337875366211
2009-01-06,126.60237121582031
2009-01-07,127.03421783447266
2009-01-08,127.19377136230469
2009-01-09,127.38153076171875
2009-01-12,127.44725799560547
2009-01-13,127.35337829589844
2009-01-14,127.5129623413086
2009-01-15,127.5129623413086
2009-01-16,127.62560272216797
2009-01-19,127.49417877197266
2009-01-20,127.55989837646484
2009-01-21,127.57869720458984
2009-01-22,127.66317749023438
2009-01-23,127.68193817138672
2009-01-26,127.20317840576172
2009-01-27,127.38153076171875
2009-01-28,127.58806610107422
2009-01-29,127.81336212158203
2009-01-30,127.81336212158203
2009-02-02,127.95418548583984
2009-02-03,128.10440063476562
2009-02-04,128.094970703125
2009-02-05,128.26400756835938
2009-02-06,128.20765686035156
2009-02-09,128.1701202392578
2009-02-10,128.21705627441406
2009-02-11,128.32969665527344
2009-02-12,128.4799041748047
2009-02-13,128.37664794921875
2009-02-16,128.4611358642578
2009-02-17,128.63949584960938
2009-02-18,128.5737762451172
2009-02-19,128.49868774414062
2009-02-20,128.52684020996094
2009-02-23,128.4799041748047
2009-02-24,128.49868774414062
2009-02-25,126.7337875366211
2009-02-26,126.5647964477539
2009-02-27,126.71501159667969
2009-03-02,126.81827545166016
2009-03-03,126.8558349609375
2009-03-04,126.94034576416016
2009-03-05,126.94034576416016
2009-03-06,126.90274810791016
2009-03-09,126.74317932128906
2009-03-10,126.7525405883789
2009-03-11,126.59297180175781
2009-03-12,126.82768249511719
2009-03-13,126.7525405883789
2009-03-16,126.7525405883789
2009-03-17,126.7525405883789
2009-03-18,126.79950714111328
2009-03-19,126.846435546875
2009-03-20,127.09991455078125
2009-03-23,127.07174682617188
2009-03-24,127.00602722167969
2009-03-25,126.9684829711914
2009-03-26,126.90274810791016
2009-03-27,127.07174682617188
2009-03-30,127.14685821533203
2009-03-31,127.25950622558594
2009-04-01,127.24073028564453
2009-04-02,127.00602722167969
2009-04-03,126.86520385742188
2009-04-06,126.79950714111328
2009-04-07,126.91214752197266
2009-04-08,126.98724365234375
2009-04-09,127.07174682617188
2009-04-14,127.08111572265625
2009-04-15,127.2688980102539
2009-04-16,127.21256256103516
2009-04-17,126.99663543701172
2009-04-20,127.21256256103516
2009-04-21,127.21256256103516
2009-04-22,127.03421783447266
2009-04-23,127.11869049072266
2009-04-24,127.28765106201172
2009-04-27,127.24073028564453
2009-04-28,127.4378662109375
2009-04-29,127.40972900390625
2009-04-30,127.41909790039062
2009-05-04,127.40972900390625
2009-05-05,127.53175354003906
2009-05-06,127.60684967041016
2009-05-07,127.58806610107422
2009-05-08,127.73828125
2009-05-11,127.71949005126953
2009-05-12,127.60684967041016
2009-05-13,127.8321533203125
2009-05-14,127.73828125
2009-05-15,127.8415298461914
2009-05-18,127.82276916503906
2009-05-19,127.82276916503906
2009-05-20,127.80400085449219
2009-05-21,127.80400085449219
2009-05-22,127.72887420654297
2009-05-25,127.58806610107422
2009-05-26,127.56929016113281
2009-05-27,127.56929016113281
2009-05-28,127.61625671386719
2009-05-29,127.67256927490234
2009-06-01,127.68193817138672
2009-06-02,127.79459381103516
2009-06-03,127.8415298461914
2009-06-04,127.5411148071289
2009-06-05,127.3345947265625
2009-06-08,127.22193145751953
2009-06-09,127.22193145751953
2009-06-10,127.31582641601562
2009-06-11,127.3627700805664
2009-06-12,127.4378662109375
2009-06-15,127.61625671386719
2009-06-16,127.61625671386719
2009-06-17,127.77582550048828
2009-06-18,127.77582550048828
2009-06-19,127.86031341552734
2009-06-22,127.92601013183594
2009-06-23,127.94479370117188
2009-06-24,128.07623291015625
2009-06-25,128.22642517089844
2009-06-26,128.21705627441406
2009-06-29,128.13258361816406
2009-06-30,128.1419219970703
2009-07-01,128.20765686035156
2009-07-02,128.49868774414062
2009-07-03,128.52684020996094
2009-07-06,128.56439208984375
2009-07-07,128.52684020996094
2009-07-08,128.62071228027344
2009-07-09,128.5456085205078
2009-07-10,128.58314514160156
2009-07-13,128.5550079345703
2009-07-14,128.47052001953125
2009-07-15,128.50807189941406
2009-07-16,128.58314514160156
2009-07-17,128.5737762451172
2009-07-20,128.49868774414062
2009-07-21,128.67706298828125
2009-07-22,128.69578552246094
2009-07-23,128.69578552246094
2009-07-24,128.62071228027344
2009-07-27,128.51742553710938
2009-07-28,128.51742553710938
2009-07-29,128.63009643554688
2009-07-30,128.61134338378906
2009-07-31,128.7239990234375
2009-08-03,128.59254455566406
2009-08-04,128.59254455566406
2009-08-05,128.47052001953125
2009-08-06,128.36724853515625
2009-08-07,128.11376953125
2009-08-10,128.22642517089844
2009-08-11,128.36724853515625
2009-08-12,128.41415405273438
2009-08-13,128.49868774414062
2009-08-14,128.62071228027344
2009-08-17,128.6676483154297
2009-08-18,128.6582794189453
2009-08-19,128.7239990234375
2009-08-20,128.74273681640625
2009-08-21,128.74273681640625
2009-08-24,128.68641662597656
2009-08-25,128.71458435058594
2009-08-26,127.4284896850586
2009-08-27,127.4284896850586
2009-08-28,127.40972900390625
2009-08-31,127.40030670166016
2009-09-01,127.40972900390625
2009-09-02,127.5129623413086
2009-09-03,127.5129623413086
2009-09-04,127.57869720458984
2009-09-07,127.78518676757812
2009-09-08,127.78518676757812
2009-09-09,127.8321533203125
2009-09-10,127.87910461425781
2009-09-11,127.94479370117188
2009-09-14,127.85093688964844
2009-09-15,127.82276916503906
2009-09-16,127.79459381103516
2009-09-17,127.77582550048828
2009-09-18,127.81336212158203
2009-09-21,127.86031341552734
2009-09-22,127.86970520019531
2009-09-23,127.89787292480469
2009-09-24,127.99172973632812
2009-09-25,127.97296142578125
2009-09-28,128.0198974609375
2009-09-29,128.02931213378906
2009-09-30,127.82276916503906
2009-10-01,127.85093688964844
2009-10-02,127.9823226928711
2009-10-05,128.06683349609375
2009-10-06,127.99172973632812
2009-10-07,128.0198974609375
2009-10-08,128.0198974609375
2009-10-09,127.78518676757812
2009-10-12,127.82276916503906
2009-10-13,127.86031341552734
2009-10-14,127.8415298461914
2009-10-15,127.81336212158203
2009-10-16,127.69134521484375
2009-10-19,127.63501739501953
2009-10-20,127.73828125
2009-10-21,127.78518676757812
2009-10-22,127.77582550048828
2009-10-23,127.75701904296875
2009-10-26,127.80400085449219
2009-10-27,127.94479370117188
2009-10-28,128.01052856445312
2009-10-29,127.87910461425781
2009-10-30,127.89787292480469
2009-11-02,128.01052856445312
2009-11-03,128.03868103027344
2009-11-04,128.01052856445312
2009-11-05,127.9823226928711
2009-11-06,128.07623291015625
2009-11-09,128.1419219970703
2009-11-10,128.17947387695312
2009-11-11,128.1888885498047
2009-11-12,128.2733612060547
2009-11-13,128.25457763671875
2009-11-16,128.31089782714844
2009-11-17,128.29217529296875
2009-11-18,128.29217529296875
2009-11-19,128.28274536132812
2009-11-20,128.19825744628906
2009-11-23,128.1419219970703
2009-11-24,128.20765686035156
2009-11-25,128.13258361816406
2009-11-26,128.2733612060547
2009-11-27,128.26400756835938
2009-11-30,128.25457763671875
2009-12-01,128.30152893066406
2009-12-02,128.32969665527344
2009-12-03,128.26400756835938
2009-12-04,128.1888885498047
2009-12-07,128.26400756835938
2009-12-08,128.43296813964844
2009-12-09,128.39540100097656
2009-12-10,128.33909606933594
2009-12-11,128.3484649658203
2009-12-14,128.40481567382812
2009-12-15,128.38600158691406
2009-12-16,128.58314514160156
2009-12-17,128.68641662597656
2009-12-18,128.67706298828125
2009-12-21,128.67706298828125
2009-12-22,128.6676483154297
2009-12-23,128.6488494873047
2009-12-28,128.7803192138672
2009-12-29,128.47052001953125
2009-12-30,128.37664794921875
2010-01-04,128.3578338623047
2010-01-05,128.47052001953125
2010-01-06,128.4611358642578
2010-01-07,128.5362091064453
2010-01-08,128.62071228027344
2010-01-11,128.71458435058594
2010-01-12,128.74273681640625
2010-01-13,128.7615203857422
2010-01-14,128.799072265625
2010-01-15,128.8553924560547
2010-01-18,128.8553924560547
2010-01-19,128.78968811035156
2010-01-20,128.77090454101562
2010-01-21,128.77090454101562
2010-01-22,128.80850219726562
2010-01-25,128.81787109375
2010-01-26,128.92112731933594
2010-01-27,128.86480712890625
2010-01-28,128.69578552246094
2010-01-29,128.70521545410156
2010-02-01,128.69578552246094
2010-02-02,128.69578552246094
2010-02-03,128.75213623046875
2010-02-04,128.69578552246094
2010-02-05,128.9304962158203
2010-02-08,128.89297485351562
2010-02-09,129.005615234375
2010-02-10,129.005615234375
2010-02-11,129.0807342529297
2010-02-12,129.212158203125
2010-02-15,129.22152709960938
2010-02-16,129.22152709960938
2010-02-17,129.30604553222656
2010-02-18,129.28721618652344
2010-02-19,129.2590789794922
2010-02-22,129.3153839111328
2010-02-23,129.4093017578125
2010-02-24,128.39540100097656
2010-02-25,128.43296813964844
2010-02-26,128.47052001953125
2010-03-01,128.5456085205078
2010-03-02,128.5456085205078
2010-03-03,128.5550079345703
2010-03-04,128.59254455566406
2010-03-05,128.56439208984375
2010-03-08,128.5737762451172
2010-03-09,128.58314514160156
2010-03-10,128.5456085205078
2010-03-11,128.47052001953125
2010-03-12,128.4423370361328
2010-03-15,128.47052001953125
2010-03-16,128.50807189941406
2010-03-17,128.6488494873047
2010-03-18,128.58314514160156
2010-03-19,128.5737762451172
2010-03-22,128.62071228027344
2010-03-23,128.67706298828125
2010-03-24,128.69578552246094
2010-03-25,128.69578552246094
2010-03-26,128.68641662597656
2010-03-29,128.7239990234375
2010-03-30,128.7239990234375
2010-03-31,128.7333526611328
2010-04-01,128.74273681640625
2010-04-06,128.6582794189453
2010-04-07,128.71458435058594
2010-04-08,128.7615203857422
2010-04-09,128.69578552246094
2010-04-12,128.69578552246094
2010-04-13,128.7333526611328
2010-04-14,128.799072265625
2010-04-15,128.83665466308594
2010-04-16,128.83665466308594
2010-04-19,128.92112731933594
2010-04-20,128.88356018066406
2010-04-21,128.9117431640625
2010-04-22,128.84603881835938
2010-04-23,128.75213623046875
2010-04-26,128.7239990234375
2010-04-27,128.4799041748047
2010-04-28,128.42359924316406
2010-04-29,128.7333526611328
2010-04-30,128.8272247314453
2010-05-03,128.80850219726562
2010-05-04,128.62071228027344
2010-05-05,128.56439208984375
2010-05-06,128.3484649658203
2010-05-07,128.33909606933594
2010-05-10,129.02438354492188
2010-05-11,128.99623107910156
2010-05-12,129.09007263183594
2010-05-13,129.15579223632812
2010-05-14,129.0807342529297
2010-05-17,129.09950256347656
2010-05-18,129.10890197753906
2010-05-19,129.19337463378906
2010-05-20,129.09007263183594
2010-05-21,129.06192016601562
2010-05-24,129.06192016601562
2010-05-25,128.9492645263672
2010-05-26,128.39540100097656
2010-05-27,128.30152893066406
2010-05-28,128.4611358642578
2010-05-31,128.40481567382812
2010-06-01,128.3578338623047
2010-06-02,128.45175170898438
2010-06-03,128.29217529296875
2010-06-04,128.3578338623047
2010-06-07,128.31089782714844
2010-06-08,128.36724853515625
2010-06-09,128.5550079345703
2010-06-10,128.6582794189453
2010-06-11,128.7803192138672
2010-06-14,128.63949584960938
2010-06-15,128.6676483154297
2010-06-16,128.7615203857422
2010-06-17,128.7615203857422
2010-06-18,128.68641662597656
2010-06-21,128.5550079345703
2010-06-22,128.59254455566406
2010-06-23,128.5456085205078
2010-06-24,128.59254455566406
2010-06-25,128.4799041748047
2010-06-28,128.47052001953125
2010-06-29,128.43296813964844
2010-06-30,128.39540100097656
2010-07-01,128.31089782714844
2010-07-02,128.40481567382812
2010-07-05,128.5550079345703
2010-07-06,128.5550079345703
2010-07-07,128.4799041748047
2010-07-08,128.50807189941406
2010-07-09,128.52684020996094
2010-07-12,128.60194396972656
2010-07-13,128.58314514160156
2010-07-14,128.4611358642578
2010-07-15,128.4611358642578
2010-07-16,128.59254455566406
2010-07-19,128.50807189941406
2010-07-20,128.63009643554688
2010-07-21,128.6676483154297
2010-07-22,128.74273681640625
2010-07-23,128.68641662597656
2010-07-26,128.6582794189453
2010-07-27,128.5362091064453
2010-07-28,128.5362091064453
2010-07-29,128.5456085205078
2010-07-30,128.61134338378906
2010-08-02,128.6488494873047
2010-08-03,128.74273681640625
2010-08-04,128.78968811035156
2010-08-05,128.7239990234375
2010-08-06,128.77090454101562
2010-08-09,128.8272247314453
2010-08-10,128.8272247314453
2010-08-11,128.9304962158203
2010-08-12,128.95864868164062
2010-08-13,128.9398956298828
2010-08-16,128.95864868164062
2010-08-17,128.99623107910156
2010-08-18,128.99623107910156
2010-08-19,129.0337677001953
2010-08-20,129.06192016601562
2010-08-23,129.1276397705078
2010-08-24,129.1182403564453
2010-08-25,128.69578552246094
2010-08-26,128.6582794189453
2010-08-27,128.59254455566406
2010-08-30,128.6488494873047
2010-08-31,128.61134338378906
2010-09-01,128.6676483154297
2010-09-02,128.6676483154297
2010-09-03,128.6582794189453
2010-09-06,128.63949584960938
2010-09-07,128.6488494873047
2010-09-08,128.59254455566406
2010-09-09,128.56439208984375
2010-09-10,128.56439208984375
2010-09-13,128.49868774414062
2010-09-14,128.50807189941406
2010-09-15,128.45175170898438
2010-09-16,128.36724853515625
2010-09-17,128.37664794921875
2010-09-20,128.32969665527344
2010-09-21,128.37664794921875
2010-09-22,128.47052001953125
2010-09-23,128.5550079345703
2010-09-24,128.50807189941406
2010-09-27,128.4611358642578
2010-09-28,128.42359924316406
2010-09-29,128.33909606933594
2010-09-30,128.26400756835938
2010-10-01,128.28274536132812
2010-10-04,128.36724853515625
2010-10-05,128.4423370361328
2010-10-06,128.51742553710938
2010-10-07,128.47052001953125
2010-10-08,128.5456085205078
2010-10-11,128.61134338378906
2010-10-12,128.68641662597656
2010-10-13,128.6676483154297
2010-10-14,128.60194396972656
2010-10-15,128.63949584960938
2010-10-18,128.48927307128906
2010-10-19,128.49868774414062
2010-10-20,128.37664794921875
2010-10-21,128.31089782714844
2010-10-22,128.24520874023438
2010-10-25,128.38600158691406
2010-10-26,128.25457763671875
2010-10-27,128.20765686035156
2010-10-28,128.17947387695312
2010-10-29,128.19825744628906
2010-11-01,128.17947387695312
2010-11-02,128.10440063476562
2010-11-03,128.1607208251953
2010-11-04,128.1419219970703
2010-11-05,128.17947387695312
2010-11-08,128.0480499267578
2010-11-09,128.0480499267578
2010-11-10,128.03868103027344
2010-11-11,128.0198974609375
2010-11-12,127.99172973632812
2010-11-15,128.02931213378906
2010-11-16,127.89787292480469
2010-11-17,127.97296142578125
2010-11-18,127.85093688964844
2010-11-19,127.89787292480469
2010-11-22,128.01052856445312
2010-11-23,128.03868103027344
2010-11-24,127.96357727050781
2010-11-25,127.92601013183594
2010-11-26,127.93541717529297
2010-11-29,127.65375518798828
2010-11-30,127.60684967041016
2010-12-01,127.77582550048828
2010-12-02,128.03868103027344
2010-12-03,128.1701202392578
2010-12-06,128.1607208251953
2010-12-07,128.0856170654297
2010-12-08,127.93541717529297
2010-12-09,127.9166259765625
2010-12-10,127.80400085449219
2010-12-13,127.79459381103516
2010-12-14,127.76642608642578
2010-12-15,127.9166259765625
2010-12-16,127.85093688964844
2010-12-17,127.82276916503906
2010-12-20,127.8321533203125
2010-12-21,127.75701904296875
2010-12-22,127.9166259765625
2010-12-23,127.96357727050781
2010-12-27,127.9166259765625
2010-12-28,128.00112915039062
2010-12-29,127.82276916503906
2010-12-30,127.80400085449219
2011-01-03,128.01052856445312
2011-01-04,128.1419219970703
2011-01-05,128.03868103027344
2011-01-06,127.97296142578125
2011-01-07,127.97296142578125
2011-01-10,127.9166259765625
2011-01-11,127.9166259765625
2011-01-12,128.02931213378906
2011-01-13,127.95418548583984
2011-01-14,127.76642608642578
2011-01-17,127.80400085449219
2011-01-18,127.68193817138672
2011-01-19,127.8884506225586
2011-01-20,127.75701904296875
2011-01-21,127.76642608642578
2011-01-24,127.80400085449219
2011-01-25,127.72887420654297
2011-01-26,127.65375518798828
2011-01-27,127.56929016113281
2011-01-28,127.55989837646484
2011-01-31,127.63501739501953
2011-02-01,127.74767303466797
2011-02-02,127.8415298461914
2011-02-03,127.86970520019531
2011-02-04,127.82276916503906
2011-02-07,127.8884506225586
2011-02-08,127.74767303466797
2011-02-09,127.70073699951172
2011-02-10,127.72887420654297
2011-02-11,127.77582550048828
2011-02-14,127.75701904296875
2011-02-15,127.67256927490234
2011-02-16,127.86031341552734
2011-02-17,127.97296142578125
2011-02-18,127.85093688964844
2011-02-21,127.8884506225586
2011-02-22,127.70073699951172
2011-02-23,126.94034576416016
2011-02-24,126.94034576416016
2011-02-25,126.9590835571289
2011-02-28,126.94967651367188
2011-03-01,127.06237030029297
2011-03-02,126.99663543701172
2011-03-03,126.60237121582031
2011-03-04,126.5741958618164
2011-03-07,126.58357238769531
2011-03-08,126.5741958618164
2011-03-09,126.59297180175781
2011-03-10,126.6399154663086
2011-03-11,126.94034576416016
2011-03-14,127.03421783447266
2011-03-15,127.25950622558594
2011-03-16,127.37213897705078
2011-03-17,127.25010681152344
2011-03-18,127.07174682617188
2011-03-21,127.10928344726562
2011-03-22,127.03421783447266
2011-03-23,127.0529556274414
2011-03-24,127.08111572265625
2011-03-25,127.07174682617188
2011-03-28,126.9684829711914
2011-03-29,126.91214752197266
2011-03-30,126.9778823852539
2011-03-31,126.94967651367188
2011-04-01,126.89338684082031
2011-04-04,126.94967651367188
2011-04-05,126.9684829711914
2011-04-06,127.02481079101562
2011-04-07,127.01542663574219
2011-04-08,126.86520385742188
2011-04-11,126.88399505615234
2011-04-12,126.99663543701172
2011-04-13,127.00602722167969
2011-04-14,126.94967651367188
2011-04-15,126.91214752197266
2011-04-18,126.94967651367188
2011-04-19,126.9684829711914
2011-04-20,126.90274810791016
2011-04-21,126.9684829711914
2011-04-26,126.94034576416016
2011-04-27,126.846435546875
2011-04-28,126.9778823852539
2011-04-29,126.94967651367188
2011-05-02,127.00602722167969
2011-05-03,127.11869049072266
2011-05-04,127.09053039550781
2011-05-05,127.28765106201172
2011-05-06,127.2688980102539
2011-05-09,127.17501831054688
2011-05-10,127.19377136230469
2011-05-11,127.21256256103516
2011-05-12,127.31582641601562
2011-05-13,127.29705047607422
2011-05-16,127.28765106201172
2011-05-17,127.30644989013672
2011-05-18,127.29705047607422
2011-05-19,127.23135375976562
2011-05-20,127.24073028564453
2011-05-23,127.2782974243164
2011-05-24,127.2782974243164
2011-05-25,127.47543334960938
2011-05-26,127.5129623413086
2011-05-27,127.5223388671875
2011-05-30,127.44725799560547
2011-05-31,127.46602630615234
2011-06-01,127.5223388671875
2011-06-02,127.53175354003906
2011-06-03,127.56929016113281
2011-06-06,127.57869720458984
2011-06-07,127.50358581542969
2011-06-08,127.50358581542969
2011-06-09,127.5223388671875
2011-06-10,127.62560272216797
2011-06-13,127.63501739501953
2011-06-14,127.62560272216797
2011-06-15,127.64442443847656
2011-06-16,127.66317749023438
2011-06-17,127.64442443847656
2011-06-20,127.63501739501953
2011-06-21,127.65375518798828
2011-06-22,127.65375518798828
2011-06-23,127.68193817138672
2011-06-24,127.56929016113281
2011-06-27,127.55050659179688
2011-06-28,127.48481750488281
2011-06-29,127.47543334960938
2011-06-30,127.61625671386719
2011-07-01,127.63501739501953
2011-07-04,127.64442443847656
2011-07-05,127.56929016113281
2011-07-06,127.59742736816406
2011-07-07,127.41909790039062
2011-07-08,127.23135375976562
2011-07-11,126.7525405883789
2011-07-12,126.86520385742188
2011-07-13,126.9590835571289
2011-07-14,126.94034576416016
2011-07-15,126.79950714111328
2011-07-19,126.7525405883789
2011-07-20,126.9590835571289
2011-07-21,127.32521057128906
2011-07-22,127.34397888183594
2011-07-25,126.9590835571289
2011-07-26,126.9684829711914
2011-07-27,126.88399505615234
2011-07-28,126.77134704589844
2011-07-29,126.94034576416016
2011-08-01,126.77134704589844
2011-08-02,126.53663635253906
2011-08-03,126.6492919921875
2011-08-04,126.79950714111328
2011-08-05,127.06237030029297
2011-08-08,127.96357727050781
2011-08-09,128.28274536132812
2011-08-10,128.59254455566406
2011-08-11,128.45175170898438
2011-08-12,128.39540100097656
2011-08-16,128.5737762451172
2011-08-17,128.5550079345703
2011-08-18,128.63949584960938
2011-08-19,128.84603881835938
2011-08-22,128.81787109375
2011-08-23,127.60684967041016
2011-08-24,127.62560272216797
2011-08-25,127.63501739501953
2011-08-26,127.66317749023438
2011-08-29,127.60684967041016
2011-08-30,127.72887420654297
2011-08-31,127.64442443847656
2011-09-01,127.64442443847656
2011-09-02,127.62560272216797
2011-09-05,127.31582641601562
2011-09-06,127.32521057128906
2011-09-07,127.59742736816406
2011-09-08,127.55989837646484
2011-09-09,127.44725799560547
2011-09-12,127.00602722167969
2011-09-13,126.83705139160156
2011-09-14,126.93093872070312
2011-09-15,126.94967651367188
2011-09-16,127.41909790039062
2011-09-19,127.25010681152344
2011-09-20,127.20317840576172
2011-09-21,127.17501831054688
2011-09-22,127.2688980102539
2011-09-23,127.3345947265625
2011-09-26,127.25010681152344
2011-09-27,127.24073028564453
2011-09-28,127.17501831054688
2011-09-29,127.23135375976562
2011-09-30,127.3627700805664
2011-10-03,127.35337829589844
2011-10-04,127.41909790039062
2011-10-05,127.40030670166016
2011-10-06,127.4566421508789
2011-10-07,127.49417877197266
2011-10-10,127.47543334960938
2011-10-11,127.41909790039062
2011-10-12,127.30644989013672
2011-10-13,127.24073028564453
2011-10-14,127.16560363769531
2011-10-17,127.24073028564453
2011-10-18,127.10928344726562
2011-10-19,126.98724365234375
2011-10-20,126.8558349609375
2011-10-21,126.93093872070312
2011-10-24,126.89338684082031
2011-10-25,127.02481079101562
2011-10-26,127.08111572265625
2011-10-27,127.09991455078125
2011-10-28,126.79950714111328
2011-10-31,126.6680679321289
2011-11-01,126.60237121582031
2011-11-02,126.6399154663086
2011-11-03,126.74317932128906
2011-11-04,126.41460418701172
2011-11-07,125.90767669677734
2011-11-08,125.766845703125
2011-11-09,124.95950317382812
2011-11-10,125.59786987304688
2011-11-11,126.1799087524414
2011-11-14,125.8607406616211
2011-11-15,125.26930236816406
2011-11-16,125.3725814819336
2011-11-17,125.5697250366211
2011-11-18,125.6447982788086
2011-11-21,125.52279663085938
2011-11-22,125.01583099365234
2011-11-23,124.69666290283203
2011-11-24,124.56523132324219
2011-11-25,124.28359985351562
2011-11-28,124.81871795654297
2011-11-29,124.9782943725586
2011-11-30,125.25052642822266
2011-12-01,126.10481262207031
2011-12-02,126.03910064697266
2011-12-05,126.83705139160156
2011-12-06,126.79950714111328
2011-12-07,126.7525405883789
2011-12-08,126.1705322265625
2011-12-09,126.48030853271484
2011-12-12,126.63054656982422
2011-12-13,126.77134704589844
2011-12-14,126.60237121582031
2011-12-15,127.16560363769531
2011-12-16,127.5129623413086
2011-12-19,127.69134521484375
2011-12-20,127.9166259765625
2011-12-21,127.75701904296875
2011-12-22,127.66317749023438
2011-12-23,127.71949005126953
2011-12-27,127.89787292480469
2011-12-28,128.0480499267578
2011-12-29,128.06683349609375
2011-12-30,128.12315368652344
2012-01-02,128.1888885498047
2012-01-03,128.25457763671875
2012-01-04,128.23585510253906
2012-01-05,127.89787292480469
2012-01-06,127.71949005126953
2012-01-09,127.77582550048828
2012-01-10,127.87910461425781
2012-01-11,128.30152893066406
2012-01-12,128.88356018066406
2012-01-13,128.78968811035156
2012-01-16,128.88356018066406
2012-01-17,128.99623107910156
2012-01-18,129.0525665283203
2012-01-19,128.97744750976562
2012-01-20,129.1182403564453
2012-01-23,129.50314331054688
2012-01-24,129.4280548095703
2012-01-25,129.44683837890625
2012-01-26,129.73785400390625
2012-01-27,129.73785400390625
2012-01-30,129.5219268798828
2012-01-31,129.74725341796875
2012-02-01,130.22601318359375
2012-02-02,130.43252563476562
2012-02-03,130.376220703125
2012-02-06,130.4419403076172
2012-02-07,130.38558959960938
2012-02-08,130.4513397216797
2012-02-09,130.49826049804688
2012-02-10,130.2823486328125
2012-02-13,130.3292694091797
2012-02-14,130.2823486328125
2012-02-15,130.19784545898438
2012-02-16,130.19784545898438
2012-02-17,130.3011016845703
2012-02-20,130.36680603027344
2012-02-21,129.10890197753906
2012-02-22,129.10890197753906
2012-02-23,129.1370391845703
2012-02-24,129.2309112548828
2012-02-27,129.484375
2012-02-28,129.69091796875
2012-02-29,129.97251892089844
2012-03-01,130.40438842773438
2012-03-02,130.49826049804688
2012-03-05,130.460693359375
2012-03-06,130.3386688232422
2012-03-07,130.460693359375
2012-03-08,130.43252563476562
2012-03-09,130.3949737548828
2012-03-12,130.3292694091797
2012-03-13,130.29173278808594
2012-03-14,130.23541259765625
2012-03-15,130.19784545898438
2012-03-16,130.13211059570312
2012-03-19,130.13211059570312
2012-03-20,130.16969299316406
2012-03-21,130.06642150878906
2012-03-22,129.98194885253906
2012-03-23,130.03826904296875
2012-03-26,130.06642150878906
2012-03-27,129.92559814453125
2012-03-28,129.92559814453125
2012-03-29,129.60641479492188
2012-03-30,129.71905517578125
2012-04-02,129.8129425048828
2012-04-03,129.74725341796875
2012-04-04,129.4186553955078
2012-04-05,129.3153839111328
2012-04-10,128.88356018066406
2012-04-11,129.02438354492188
2012-04-12,129.2309112548828
2012-04-13,129.1182403564453
2012-04-16,129.06192016601562
2012-04-17,129.22152709960938
2012-04-18,129.29661560058594
2012-04-19,129.17459106445312
2012-04-20,129.1276397705078
2012-04-23,128.99623107910156
2012-04-24,129.19337463378906
2012-04-25,129.3529510498047
2012-04-26,129.38113403320312
2012-04-27,129.34356689453125
2012-04-30,129.5407257080078
2012-05-02,129.55006408691406
2012-05-03,129.64398193359375
2012-05-04,129.77540588378906
2012-05-07,129.8505096435547
2012-05-08,129.8129425048828
2012-05-09,129.57823181152344
2012-05-10,129.69091796875
2012-05-11,129.6533660888672
2012-05-14,129.2778778076172
2012-05-15,129.0525665283203
2012-05-16,129.0525665283203
2012-05-17,128.9117431640625
2012-05-18,128.88356018066406
2012-05-21,128.88356018066406
2012-05-22,129.14645385742188
2012-05-23,129.01499938964844
2012-05-24,129.09950256347656
2012-05-25,128.97744750976562
2012-05-28,128.74273681640625
2012-05-29,128.56439208984375
2012-05-30,128.1888885498047
2012-05-31,128.19825744628906
2012-06-01,128.3578338623047
2012-06-04,128.52684020996094
2012-06-05,128.60194396972656
2012-06-06,128.80850219726562
2012-06-07,128.9492645263672
2012-06-08,128.799072265625
2012-06-11,128.47052001953125
2012-06-12,128.03868103027344
2012-06-13,127.93541717529297
2012-06-14,127.99172973632812
2012-06-15,128.24520874023438
2012-06-18,128.11376953125
2012-06-19,128.30152893066406
2012-06-20,128.5550079345703
2012-06-21,128.89297485351562
2012-06-22,128.95864868164062
2012-06-25,128.95864868164062
2012-06-26,128.95864868164062
2012-06-27,128.95864868164062
2012-06-28,128.95864868164062
2012-06-29,128.95864868164062
2012-07-02,128.95864868164062
2012-07-03,128.95864868164062
2012-07-04,128.95864868164062
2012-07-05,128.95864868164062
2012-07-06,128.95864868164062
2012-07-09,128.95864868164062
2012-07-10,128.95864868164062
2012-07-11,128.95864868164062
2012-07-12,128.95864868164062
2012-07-13,129.3369903564453
2012-07-16,128.95864868164062
2012-07-17,128.95864868164062
2012-07-18,129.31866455078125
2012-07-19,129.26470947265625
2012-07-20,129.26895141601562
2012-07-23,128.7849884033203
2012-07-24,128.17198181152344
2012-07-25,127.66221618652344
2012-07-26,127.90772247314453
2012-07-27,128.9957733154297
2012-07-30,129.3952178955078
2012-07-31,129.55149841308594
2012-08-01,129.20510864257812
2012-08-02,129.5895233154297
2012-08-03,129.6956024169922
2012-08-06,130.75218200683594
2012-08-07,130.53721618652344
2012-08-08,130.4386444091797
2012-08-09,130.43629455566406
2012-08-10,130.43629455566406
2012-08-13,130.16171264648438
2012-08-14,130.16171264648438
2012-08-16,130.46728515625
2012-08-17,130.46728515625
2012-08-20,130.7625274658203
2012-08-21,130.8953399658203
2012-08-22,129.45477294921875
2012-08-23,129.28396606445312
2012-08-24,129.28396606445312
2012-08-27,129.3787841796875
2012-08-28,129.4778289794922
2012-08-29,129.55902099609375
2012-08-30,129.5824737548828
2012-08-31,129.5824737548828
2012-09-03,129.88430786132812
2012-09-04,130.33395385742188
2012-09-05,130.31893920898438
2012-09-06,130.45318603515625
2012-09-07,130.45318603515625
2012-09-10,130.48883056640625
2012-09-11,130.49826049804688
2012-09-12,130.66160583496094
2012-09-13,130.57852172851562
2012-09-14,130.57852172851562
2012-09-17,130.39215087890625
2012-09-18,130.42782592773438
2012-09-19,130.70947265625
2012-09-20,130.68646240234375
2012-09-21,130.68646240234375
2012-09-24,130.6320343017578
2012-09-25,130.4687042236328
2012-09-26,130.32505798339844
2012-09-27,130.39967346191406
2012-09-28,130.39967346191406
2012-10-01,130.55599975585938
2012-10-02,130.7118377685547
2012-10-03,130.6681671142578
2012-10-04,130.5836639404297
2012-10-05,130.5836639404297
2012-10-08,130.68035888671875
2012-10-09,130.545654296875
2012-10-10,130.48883056640625
2012-10-11,130.66488647460938
2012-10-12,130.66488647460938
2012-10-15,130.85496520996094
2012-10-16,130.86248779296875
2012-10-17,131.1056365966797
2012-10-18,131.04742431640625
2012-10-19,131.04742431640625
2012-10-22,130.96807861328125
2012-10-23,130.96807861328125
2012-10-24,130.836669921875
2012-10-25,130.8057098388672
2012-10-26,130.8057098388672
2012-10-29,130.7047882080078
2012-10-30,130.7799072265625
2012-10-31,130.9019012451172
2012-11-01,130.9958038330078
2012-11-02,130.9958038330078
2012-11-05,130.9019012451172
2012-11-06,131.0615234375
2012-11-07,131.1084442138672
2012-11-08,130.95822143554688
2012-11-09,130.95822143554688
2012-11-12,130.9864044189453
2012-11-13,131.05213928222656
2012-11-14,131.07089233398438
2012-11-15,131.1084442138672
2012-11-16,131.1084442138672
2012-11-19,131.1084442138672
2012-11-20,131.2211151123047
2012-11-21,131.32437133789062
2012-11-22,131.4933624267578
2012-11-23,131.4933624267578
2012-11-26,131.55905151367188
2012-11-27,131.6341552734375
2012-11-28,131.91580200195312
2012-11-29,131.78439331054688
2012-11-30,131.78439331054688
2012-12-03,131.83126831054688
2012-12-04,131.80313110351562
2012-12-05,131.78439331054688
2012-12-06,131.65293884277344
2012-12-07,131.65293884277344
2012-12-10,131.26806640625
2012-12-11,131.4745635986328
2012-12-12,131.6623077392578
2012-12-13,131.69989013671875
2012-12-14,131.69989013671875
2012-12-17,131.74681091308594
2012-12-18,131.95333862304688
2012-12-19,132.06597900390625
2012-12-20,132.1504669189453
2012-12-21,132.1504669189453
2012-12-27,132.00967407226562
2012-12-28,132.00967407226562
2013-01-02,132.41334533691406
2013-01-03,132.52598571777344
2013-01-04,132.52598571777344
2013-01-07,132.3570098876953
2013-01-08,132.49783325195312
2013-01-09,132.7418975830078
2013-01-10,133.10800170898438
2013-01-11,133.10800170898438
2013-01-14,132.9672088623047
2013-01-15,133.0047607421875
2013-01-16,133.08926391601562
2013-01-17,132.9672088623047
2013-01-18,132.9672088623047
2013-01-21,132.83578491210938
2013-01-22,132.86395263671875
2013-01-23,132.8827362060547
2013-01-24,132.910888671875
2013-01-25,132.910888671875
2013-01-28,132.7137451171875
2013-01-29,132.78884887695312
2013-01-30,132.5353546142578
2013-01-31,132.57296752929688
2013-02-01,132.57296752929688
2013-02-04,132.27252197265625
2013-02-05,132.41334533691406
2013-02-06,132.33824157714844
2013-02-07,132.42271423339844
2013-02-08,132.42271423339844
2013-02-11,132.3851776123047
2013-02-12,132.5541229248047
2013-02-13,132.5541229248047
2013-02-14,132.77947998046875
2013-02-15,132.77947998046875
2013-02-18,132.7137451171875
2013-02-19,132.7137451171875
2013-02-20,131.20233154296875
2013-02-21,131.1084442138672
2013-02-22,131.1084442138672
2013-02-25,131.26806640625
2013-02-26,130.50765991210938
2013-02-27,130.64845275878906
2013-02-28,130.93006896972656
2013-03-01,130.93006896972656
2013-03-04,130.8456268310547
2013-03-05,131.05213928222656
2013-03-06,131.249267578125
2013-03-07,131.32437133789062
2013-03-08,131.32437133789062
2013-03-11,131.2774200439453
2013-03-12,131.3431396484375
2013-03-13,131.21173095703125
2013-03-14,131.2586669921875
2013-03-15,131.2586669921875
2013-03-18,131.2774200439453
2013-03-19,131.13661193847656
2013-03-20,131.2586669921875
2013-03-21,131.33375549316406
2013-03-22,131.33375549316406
2013-03-25,131.29620361328125
2013-03-26,131.33375549316406
2013-03-27,131.08966064453125
2013-03-28,131.08966064453125
2013-04-02,131.4088592529297
2013-04-03,131.5496826171875
2013-04-04,131.7186279296875
2013-04-05,131.7186279296875
2013-04-08,131.9627227783203
2013-04-09,131.86888122558594
2013-04-10,131.9627227783203
2013-04-11,131.95333862304688
2013-04-12,131.95333862304688
2013-04-15,131.9721221923828
2013-04-16,132.00967407226562
2013-04-17,132.14109802246094
2013-04-18,132.21620178222656
2013-04-19,132.21620178222656
2013-04-22,132.42271423339844
2013-04-23,132.6104736328125
2013-04-24,132.52598571777344
2013-04-25,132.39456176757812
2013-04-26,132.39456176757812
2013-04-29,132.73251342773438
2013-04-30,132.73251342773438
2013-05-02,133.0235137939453
2013-05-03,133.0235137939453
2013-05-06,132.92967224121094
2013-05-07,133.0047607421875
2013-05-08,133.0517120361328
2013-05-09,132.97657775878906
2013-05-10,132.97657775878906
2013-05-13,132.78884887695312
2013-05-14,132.7137451171875
2013-05-15,132.67620849609375
2013-05-16,132.7982635498047
2013-05-17,132.7982635498047
2013-05-20,132.99537658691406
2013-05-21,132.9014892578125
2013-05-22,132.92025756835938
2013-05-23,132.7137451171875
2013-05-24,132.52598571777344
2013-05-27,132.6855926513672
2013-05-28,132.704345703125
2013-05-29,132.49783325195312
2013-05-30,132.6104736328125
2013-05-31,132.57296752929688
2013-06-03,132.5541229248047
2013-06-04,132.6292724609375
2013-06-05,132.6104736328125
2013-06-06,132.2537384033203
2013-06-07,132.34759521484375
2013-06-10,132.2349853515625
2013-06-11,132.14109802246094
2013-06-12,132.122314453125
2013-06-13,132.04721069335938
2013-06-14,132.17864990234375
2013-06-17,132.15985107421875
2013-06-18,132.14109802246094
2013-06-19,132.2255859375
2013-06-20,131.7937469482422
2013-06-21,131.7186279296875
2013-06-24,131.32437133789062
2013-06-25,131.2774200439453
2013-06-26,131.6341552734375
2013-06-27,131.88763427734375
2013-06-28,131.91580200195312
2013-07-01,132.10354614257812
2013-07-02,132.2255859375
2013-07-03,132.10354614257812
2013-07-04,132.48843383789062
2013-07-05,132.57296752929688
2013-07-08,132.67620849609375
2013-07-09,132.6574249267578
2013-07-10,132.51661682128906
2013-07-11,132.3851776123047
2013-07-12,132.328857421875
2013-07-15,132.3758087158203
2013-07-16,132.41334533691406
2013-07-17,132.42271423339844
2013-07-18,132.54478454589844
2013-07-19,132.6104736328125
2013-07-22,132.72312927246094
2013-07-23,132.6574249267578
2013-07-24,132.6668243408203
2013-07-25,132.6574249267578
2013-07-26,132.63864135742188
2013-07-29,132.61985778808594
2013-07-30,132.60110473632812
2013-07-31,132.6668243408203
2013-08-01,132.69496154785156
2013-08-02,132.82640075683594
2013-08-05,132.7700653076172
2013-08-06,132.83578491210938
2013-08-07,132.86395263671875
2013-08-08,132.9390411376953
2013-08-09,132.9672088623047
2013-08-12,133.01419067382812
2013-08-13,132.9578399658203
2013-08-14,133.04232788085938
2013-08-16,133.04232788085938
2013-08-19,132.9390411376953
2013-08-20,132.8545379638672
2013-08-21,132.78884887695312
2013-08-22,132.86395263671875
2013-08-23,132.8545379638672
2013-08-26,132.7700653076172
2013-08-27,132.6855926513672
2013-08-28,131.50270080566406
2013-08-29,131.5684356689453
2013-08-30,131.58724975585938
2013-09-02,131.6717071533203
2013-09-03,131.65293884277344
2013-09-04,131.5778350830078
2013-09-05,131.4088592529297
2013-09-06,131.52151489257812
2013-09-09,131.50270080566406
2013-09-10,131.4745635986328
2013-09-11,131.540283203125
2013-09-12,131.5966033935547
2013-09-13,131.5684356689453
2013-09-16,131.69049072265625
2013-09-17,131.7749786376953
2013-09-18,131.8125457763672
2013-09-19,131.9908905029297
2013-09-20,132.122314453125
2013-09-23,132.1692657470703
2013-09-24,132.19744873046875
2013-09-25,132.17864990234375
2013-09-26,132.04721069335938
2013-09-27,131.95333862304688
2013-09-30,131.9908905029297
2013-10-01,132.19744873046875
2013-10-02,132.27252197265625
2013-10-03,132.26312255859375
2013-10-04,132.33824157714844
2013-10-07,132.3758087158203
2013-10-08,132.30067443847656
2013-10-09,132.28192138671875
2013-10-10,132.31942749023438
2013-10-11,132.3851776123047
2013-10-14,132.44151306152344
2013-10-15,132.45089721679688
2013-10-16,132.5072021484375
2013-10-17,132.58230590820312
2013-10-18,132.61985778808594
2013-10-21,132.63864135742188
2013-10-22,132.75131225585938
2013-10-23,132.7700653076172
2013-10-24,132.72312927246094
2013-10-25,132.6104736328125
2013-10-28,132.63864135742188
2013-10-29,132.69496154785156
2013-10-30,132.704345703125
2013-10-31,132.8545379638672
2013-11-01,132.9390411376953
2013-11-04,132.98602294921875
2013-11-05,132.9014892578125
2013-11-06,132.9014892578125
2013-11-07,133.117431640625
2013-11-08,133.13616943359375
2013-11-11,133.1643524169922
2013-11-12,133.1643524169922
2013-11-13,133.23944091796875
2013-11-14,133.28640747070312
2013-11-15,133.25823974609375
2013-11-18,133.23944091796875
2013-11-19,133.1643524169922
2013-11-20,133.220703125
2013-11-21,133.27700805664062
2013-11-22,133.2676239013672
2013-11-25,133.27700805664062
2013-11-26,133.38966369628906
2013-11-27,133.3614959716797
2013-11-28,133.3426971435547
2013-11-29,133.31454467773438
2013-12-02,133.25823974609375
2013-12-03,133.2676239013672
2013-12-04,133.13616943359375
2013-12-05,132.99537658691406
2013-12-06,133.08926391601562
2013-12-09,133.19253540039062
2013-12-10,133.29576110839844
2013-12-11,133.27700805664062
2013-12-12,133.220703125
2013-12-13,133.2488555908203
2013-12-16,133.27700805664062
2013-12-17,133.2676239013672
2013-12-18,133.2300567626953
2013-12-19,133.2488555908203
2013-12-20,133.23944091796875
2013-12-23,133.13616943359375
2013-12-27,133.117431640625
2013-12-30,133.2488555908203
2014-01-02,133.5023193359375
2014-01-03,133.59619140625
2014-01-06,133.5492401123047
2014-01-07,133.6431427001953
2014-01-08,133.6431427001953
2014-01-09,133.6900634765625
2014-01-10,133.6900634765625
2014-01-13,133.68067932128906
2014-01-14,133.68067932128906
2014-01-15,133.69944763183594
2014-01-16,133.7464141845703
2014-01-17,133.72760009765625
2014-01-20,133.73699951171875
2014-01-21,133.72760009765625
2014-01-22,133.71823120117188
2014-01-23,133.71823120117188
2014-01-24,133.65252685546875
2014-01-27,133.63375854492188
2014-01-28,133.70883178710938
2014-01-29,133.73699951171875
2014-01-30,133.7933349609375
2014-01-31,133.92474365234375
2014-02-03,133.96231079101562
2014-02-04,134.03741455078125
2014-02-05,134.0843505859375
2014-02-06,134.03741455078125
2014-02-07,134.10313415527344
2014-02-10,134.04676818847656
2014-02-11,134.05618286132812
2014-02-12,134.00924682617188
2014-02-13,134.00924682617188
2014-02-14,134.05618286132812
2014-02-17,134.1406707763672
2014-02-18,134.1876220703125
2014-02-19,134.16883850097656
2014-02-20,134.1218719482422
2014-02-21,134.25331115722656
2014-02-24,134.2157745361328
2014-02-25,134.20640563964844
2014-02-26,134.26280212402344
2014-02-27,134.31947326660156
2014-02-28,134.24388122558594
2014-03-03,134.30056762695312
2014-03-04,134.38560485839844
2014-03-05,134.5084228515625
2014-03-06,134.38560485839844
2014-03-07,134.40451049804688
2014-03-10,134.4517364501953
2014-03-11,134.40451049804688
2014-03-12,134.4139404296875
2014-03-13,134.4139404296875
2014-03-14,134.39503479003906
2014-03-17,134.42335510253906
2014-03-18,134.432861328125
2014-03-19,134.42335510253906
2014-03-20,134.32891845703125
2014-03-21,134.37615966796875
2014-03-24,134.36668395996094
2014-03-25,134.39503479003906
2014-03-26,134.51785278320312
2014-03-27,134.55563354492188
2014-03-28,134.5272979736328
2014-03-31,134.53675842285156
2014-04-01,134.55563354492188
2014-04-02,134.5272979736328
2014-04-03,134.6406707763672
2014-04-04,134.7634735107422
2014-04-07,134.7445831298828
2014-04-08,134.69737243652344
2014-04-09,134.67845153808594
2014-04-10,134.70680236816406
2014-04-11,134.61233520507812
2014-04-14,134.63121032714844
2014-04-15,134.69737243652344
2014-04-16,134.67845153808594
2014-04-17,134.63121032714844
2014-04-22,134.6217803955078
2014-04-23,134.65013122558594
2014-04-24,134.55563354492188
2014-04-25,134.59344482421875
2014-04-28,134.55563354492188
2014-04-29,134.5745391845703
2014-04-30,134.6406707763672
2014-05-02,134.69737243652344
2014-05-05,134.70680236816406
2014-05-06,134.68789672851562
2014-05-07,134.70680236816406
2014-05-08,134.79180908203125
2014-05-09,134.7257080078125
2014-05-12,134.68789672851562
2014-05-13,134.73513793945312
2014-05-14,134.77293395996094
2014-05-15,134.67845153808594
2014-05-16,134.71624755859375
2014-05-19,134.61233520507812
2014-05-20,134.49896240234375
2014-05-21,134.583984375
2014-05-22,134.5461883544922
2014-05-23,134.67845153808594
2014-05-26,134.82962036132812
2014-05-27,134.80126953125
2014-05-28,134.86741638183594
2014-05-29,134.82962036132812
2014-05-30,134.79180908203125
2014-06-02,134.88629150390625
2014-06-03,134.82962036132812
2014-06-04,134.8579559326172
2014-06-05,135.05636596679688
2014-06-06,135.2263946533203
2014-06-09,135.20748901367188
2014-06-10,135.07521057128906
2014-06-11,135.1035614013672
2014-06-12,135.15081787109375
2014-06-13,135.2169647216797
2014-06-16,135.1791534423828
2014-06-17,135.08470153808594
2014-06-18,135.05636596679688
2014-06-19,135.113037109375
2014-06-20,135.05636596679688
2014-06-23,135.13189697265625
2014-06-24,135.19805908203125
2014-06-25,135.2263946533203
2014-06-26,135.2452850341797
2014-06-27,135.2452850341797
2014-06-30,135.2452850341797
2014-07-01,135.31141662597656
2014-07-02,135.27362060546875
2014-07-03,135.35865783691406
2014-07-04,135.41534423828125
2014-07-07,135.42478942871094
2014-07-08,135.38699340820312
2014-07-09,135.330322265625
2014-07-10,135.28306579589844
2014-07-11,135.3208770751953
2014-07-14,135.3208770751953
2014-07-15,135.330322265625
2014-07-16,135.34921264648438
2014-07-17,135.40589904785156
2014-07-18,135.41534423828125
2014-07-21,135.453125
2014-07-22,135.4342498779297
2014-07-23,135.453125
2014-07-24,135.453125
2014-07-25,135.48147583007812
2014-07-28,135.5287322998047
2014-07-29,135.54757690429688
2014-07-30,135.48147583007812
2014-07-31,135.4625701904297
2014-08-01,135.453125
2014-08-04,135.50979614257812
2014-08-05,135.48147583007812
2014-08-06,135.48147583007812
2014-08-07,135.453125
2014-08-08,135.5003662109375
2014-08-11,135.57591247558594
2014-08-12,135.6326446533203
2014-08-13,135.6326446533203
2014-08-14,135.68931579589844
2014-08-18,135.65150451660156
2014-08-19,135.69876098632812
2014-08-20,135.7021484375
2014-08-21,135.7211456298828
2014-08-22,135.75909423828125
2014-08-25,135.9014129638672
2014-08-26,135.8350067138672
2014-08-27,135.78756713867188
2014-08-28,135.7211456298828
2014-08-29,135.74960327148438
2014-09-01,135.76858520507812
2014-09-02,135.75909423828125
2014-09-03,135.74012756347656
2014-09-04,136.01522827148438
2014-09-05,135.98678588867188
2014-09-08,135.94883728027344
2014-09-09,135.88241577148438
2014-09-10,135.85394287109375
2014-09-11,135.82550048828125
2014-09-12,135.77806091308594
2014-09-15,135.77806091308594
2014-09-16,135.74960327148438
2014-09-17,135.87294006347656
2014-09-18,135.78756713867188
2014-09-19,135.85394287109375
2014-09-22,135.81600952148438
2014-09-23,135.8065185546875
2014-09-24,135.78756713867188
2014-09-25,135.8065185546875
2014-09-26,135.7970428466797
2014-09-29,135.76858520507812
2014-09-30,135.8065185546875
2014-10-01,135.87294006347656
2014-10-02,135.81600952148438
2014-10-03,135.76858520507812
2014-10-06,135.77806091308594
2014-10-07,135.7211456298828
2014-10-08,135.69268798828125
2014-10-09,135.68319702148438
2014-10-10,135.71165466308594
2014-10-13,135.69268798828125
2014-10-14,135.7021484375
2014-10-15,135.6262969970703
2014-10-16,135.31320190429688
2014-10-17,135.47447204589844
2014-10-20,135.3891143798828
2014-10-21,135.45550537109375
2014-10-22,135.46498107910156
2014-10-23,135.45550537109375
2014-10-24,135.4270477294922
2014-10-27,135.43653869628906
2014-10-28,135.4270477294922
2014-10-29,135.4175567626953
2014-10-30,135.4080810546875
2014-10-31,135.46498107910156
2014-11-03,135.45550537109375
2014-11-04,135.45550537109375
2014-11-05,135.46498107910156
2014-11-06,135.5598602294922
2014-11-07,135.55038452148438
2014-11-10,135.59780883789062
2014-11-11,135.63575744628906
2014-11-12,135.63575744628906
2014-11-13,135.6167755126953
2014-11-14,135.6072998046875
2014-11-17,135.6262969970703
2014-11-18,135.6072998046875
2014-11-19,135.57884216308594
2014-11-20,135.6167755126953
2014-11-21,135.7306365966797
2014-11-24,135.76858520507812
2014-11-25,135.78756713867188
2014-11-26,135.74960327148438
2014-11-27,135.82550048828125
2014-11-28,135.7021484375
2014-12-01,135.68319702148438
2014-12-02,135.74012756347656
2014-12-03,135.75909423828125
2014-12-04,135.7021484375
2014-12-05,135.69268798828125
2014-12-08,135.74960327148438
2014-12-09,135.6642303466797
2014-12-10,135.57884216308594
2014-12-11,135.5883026123047
2014-12-12,135.51242065429688
2014-12-15,135.50294494628906
2014-12-16,135.50294494628906
2014-12-17,135.54086303710938
2014-12-18,135.6262969970703
2014-12-19,135.68319702148438
2014-12-22,135.7306365966797
2014-12-23,135.8065185546875
2014-12-29,135.77806091308594
2014-12-30,135.8350067138672
2015-01-02,135.98678588867188
2015-01-05,135.91085815429688
2015-01-06,135.82550048828125
2015-01-07,135.81600952148438
2015-01-08,135.88241577148438
2015-01-09,135.84446716308594
2015-01-12,135.8919219970703
2015-01-13,135.8919219970703
2015-01-14,135.91085815429688
2015-01-15,135.94883728027344
2015-01-16,136.03421020507812
2015-01-19,136.04371643066406
2015-01-20,136.05319213867188
2015-01-21,136.03421020507812
2015-01-22,136.18600463867188
2015-01-23,136.2050018310547
2015-01-26,136.09112548828125
2015-01-27,136.110107421875
2015-01-28,136.07217407226562
2015-01-29,136.10064697265625
2015-01-30,136.10064697265625
2015-02-02,136.1291046142578
2015-02-03,136.176513671875
2015-02-04,136.2050018310547
2015-02-05,136.2334442138672
2015-02-06,136.2334442138672
2015-02-09,136.16702270507812
2015-02-10,136.16702270507812
2015-02-11,136.19546508789062
2015-02-12,136.16702270507812
2015-02-13,136.19546508789062
2015-02-16,136.3378143310547
2015-02-17,136.176513671875
2015-02-18,136.2050018310547
2015-02-19,136.2334442138672
2015-02-20,136.2903594970703
2015-02-23,136.3472900390625
2015-02-24,136.39474487304688
2015-02-25,136.39474487304688
2015-02-26,136.47149658203125
2015-02-27,136.4525146484375
2015-03-02,136.4810333251953
2015-03-03,136.42398071289062
2015-03-04,136.41448974609375
2015-03-05,136.50953674316406
2015-03-06,136.57606506347656
2015-03-09,136.5475616455078
2015-03-10,136.55703735351562
2015-03-11,136.5475616455078
2015-03-12,136.53805541992188
2015-03-13,136.52853393554688
2015-03-16,136.53805541992188
2015-03-17,136.46202087402344
2015-03-18,136.4525146484375
2015-03-19,136.50953674316406
2015-03-20,136.52853393554688
2015-03-23,136.47149658203125
2015-03-24,136.3194580078125
2015-03-25,136.4429931640625
2015-03-26,136.49053955078125
2015-03-27,136.50953674316406
2015-03-30,136.51904296875
2015-03-31,136.59507751464844
2015-04-01,136.59507751464844
2015-04-02,136.59507751464844
2015-04-07,136.64259338378906
2015-04-08,136.6235809326172
2015-04-09,136.64259338378906
2015-04-10,136.69012451171875
2015-04-13,136.64259338378906
2015-04-14,136.64259338378906
2015-04-15,136.6235809326172
2015-04-16,136.59507751464844
2015-04-17,136.57606506347656
2015-04-20,136.55703735351562
2015-04-21,136.59507751464844
2015-04-22,136.6235809326172
2015-04-23,136.59507751464844
2015-04-24,136.6235809326172
2015-04-27,136.64259338378906
2015-04-28,136.66159057617188
2015-04-29,136.6140899658203
2015-04-30,136.6045684814453
2015-05-04,136.6045684814453
2015-05-05,136.53805541992188
2015-05-06,136.52853393554688
2015-05-07,136.52853393554688
2015-05-08,136.58555603027344
2015-05-11,136.5665740966797
2015-05-12,136.55703735351562
2015-05-13,136.57606506347656
2015-05-14,136.55703735351562
2015-05-15,136.65211486816406
2015-05-18,136.6140899658203
2015-05-19,136.66159057617188
2015-05-20,136.6806182861328
2015-05-21,136.6806182861328
2015-05-22,136.51904296875
2015-05-25,136.52853393554688
2015-05-26,136.6045684814453
2015-05-27,136.51904296875
2015-05-28,136.58555603027344
2015-05-29,136.6045684814453
2015-06-01,136.5475616455078
2015-06-02,136.4810333251953
2015-06-03,136.46202087402344
2015-06-04,136.4810333251953
2015-06-05,136.4335174560547
2015-06-08,136.41448974609375
2015-06-09,136.4525146484375
2015-06-10,136.12936401367188
2015-06-11,136.36695861816406
2015-06-12,136.2053985595703
2015-06-15,135.96778869628906
2015-06-16,135.97731018066406
2015-06-17,136.0532989501953
2015-06-18,135.94876098632812
2015-06-19,136.4810333251953
2015-06-22,136.26242065429688
2015-06-23,136.37649536132812
2015-06-24,136.10084533691406
2015-06-25,136.32894897460938
2015-06-26,136.3194580078125
2015-06-29,136.0818328857422
2015-06-30,136.09133911132812
2015-07-01,136.1768798828125
2015-07-02,136.11036682128906
2015-07-03,136.1388702392578
2015-07-06,136.0532989501953
2015-07-07,136.10084533691406
2015-07-08,136.1768798828125
2015-07-09,136.25291442871094
2015-07-10,136.37649536132812
2015-07-13,136.4429931640625
2015-07-14,136.46202087402344
2015-07-15,136.52853393554688
2015-07-16,136.57606506347656
2015-07-17,136.69012451171875
2015-07-20,136.66159057617188
2015-07-21,136.63308715820312
2015-07-22,136.64259338378906
2015-07-23,136.65211486816406
2015-07-24,136.66159057617188
2015-07-27,136.63308715820312
2015-07-28,136.6806182861328
2015-07-29,136.66159057617188
2015-07-30,136.7186279296875
2015-07-31,136.72811889648438
2015-08-03,136.7186279296875
2015-08-04,136.75662231445312
2015-08-05,136.7186279296875
2015-08-06,136.73764038085938
2015-08-07,136.7661590576172
2015-08-10,136.77565002441406
2015-08-11,136.79466247558594
2015-08-12,136.77565002441406
2015-08-13,136.72811889648438
2015-08-14,136.7186279296875
2015-08-17,136.70912170410156
2015-08-18,136.6710968017578
2015-08-19,136.66159057617188
2015-08-20,136.63308715820312
2015-08-21,136.64259338378906
2015-08-24,136.5665740966797
2015-08-25,136.53805541992188
2015-08-26,136.49053955078125
2015-08-27,136.56643676757812
2015-08-28,136.5378875732422
2015-08-31,136.5378875732422
2015-09-01,136.5378875732422
2015-09-02,136.5378875732422
2015-09-03,136.633056640625
2015-09-04,136.70916748046875
2015-09-07,136.6806182861328
2015-09-08,136.72817993164062
2015-09-09,136.73770141601562
2015-09-10,136.6806182861328
2015-09-11,136.65208435058594
2015-09-14,136.60450744628906
2015-09-15,136.62355041503906
2015-09-16,136.60450744628906
2015-09-17,136.4998321533203
2015-09-18,136.66159057617188
2015-09-21,136.61399841308594
2015-09-22,136.633056640625
2015-09-23,136.6425323486328
2015-09-24,136.633056640625
2015-09-25,136.59500122070312
2015-09-28,136.633056640625
2015-09-29,136.65208435058594
2015-09-30,136.66159057617188
2015-10-01,136.6996307373047
2015-10-02,136.7852783203125
2015-10-05,136.7852783203125
2015-10-06,136.75674438476562
2015-10-07,136.7947998046875
2015-10-08,136.75674438476562
2015-10-09,136.77574157714844
2015-10-12,136.7662353515625
2015-10-13,136.7662353515625
2015-10-14,136.75674438476562
2015-10-15,136.77574157714844
2015-10-16,136.77574157714844
2015-10-19,136.7852783203125
2015-10-20,136.73770141601562
2015-10-21,136.7662353515625
2015-10-22,136.94700622558594
2015-10-23,136.927978515625
2015-10-26,136.89942932128906
2015-10-27,136.94700622558594
2015-10-28,136.96603393554688
2015-10-29,136.90896606445312
2015-10-30,136.927978515625
2015-11-02,136.86138916015625
2015-11-03,136.88992309570312
2015-11-04,136.90896606445312
2015-11-05,136.88992309570312
2015-11-06,136.85186767578125
2015-11-09,136.8042755126953
2015-11-10,136.88992309570312
2015-11-11,136.9375
2015-11-12,136.9375
2015-11-13,136.94700622558594
2015-11-16,136.94700622558594
2015-11-17,136.96603393554688
2015-11-18,136.9755401611328
2015-11-19,136.9850616455078
2015-11-20,136.99459838867188
2015-11-23,136.99459838867188
2015-11-24,137.10874938964844
2015-11-25,137.09925842285156
2015-11-26,137.09925842285156
2015-11-27,137.10874938964844
2015-11-30,137.06117248535156
2015-12-01,137.09925842285156
2015-12-02,137.1372833251953
2015-12-03,137.56544494628906
2015-12-04,136.81381225585938
2015-12-07,136.90896606445312
2015-12-08,136.8708953857422
2015-12-09,136.8708953857422
2015-12-10,136.81381225585938
2015-12-11,136.8328399658203
2015-12-14,136.7852783203125
2015-12-15,136.7471923828125
2015-12-16,136.73770141601562
2015-12-17,136.77574157714844
2015-12-18,136.81381225585938
2015-12-21,136.8423614501953
2015-12-22,136.88992309570312
2015-12-23,136.8328399658203
2015-12-28,136.9850616455078
2015-12-29,136.9850616455078
2015-12-30,137.05166625976562
2016-01-04,137.05166625976562
2016-01-05,137.07070922851562
2016-01-06,137.00408935546875
2016-01-07,137.0421600341797
2016-01-08,137.06117248535156
2016-01-11,137.01361083984375
2016-01-12,137.00408935546875
2016-01-13,137.02313232421875
2016-01-14,136.96603393554688
2016-01-15,137.00408935546875
2016-01-18,136.9850616455078
2016-01-19,136.99459838867188
2016-01-20,136.94700622558594
2016-01-21,137.02313232421875
2016-01-22,137.03262329101562
2016-01-25,137.0421600341797
2016-01-26,137.05166625976562
2016-01-27,137.0421600341797
2016-01-28,137.02313232421875
2016-01-29,137.09925842285156
2016-02-01,137.08970642089844
2016-02-02,137.07070922851562
2016-02-03,137.08970642089844
2016-02-04,137.08970642089844
2016-02-05,137.06117248535156
2016-02-08,136.9375
2016-02-09,136.91847229003906
2016-02-10,136.96603393554688
2016-02-11,136.81381225585938
2016-02-12,137.7081298828125
2016-02-15,136.91847229003906
2016-02-16,137.38465881347656
2016-02-17,136.8708953857422
2016-02-18,136.927978515625
2016-02-19,136.88992309570312
2016-02-22,136.927978515625
2016-02-23,136.9375
2016-02-24,136.94700622558594
2016-02-25,136.96603393554688
2016-02-26,136.95652770996094
2016-02-29,137.08970642089844
2016-03-01,137.1468048095703
2016-03-02,137.12779235839844
2016-03-03,137.15634155273438
2016-03-04,136.90896606445312
2016-03-07,137.1943817138672
2016-03-08,137.1658477783203
2016-03-09,137.1372833251953
2016-03-10,137.1018829345703
2016-03-11,137.11141967773438
2016-03-14,137.11141967773438
2016-03-15,137.04476928710938
2016-03-16,137.03526306152344
2016-03-17,137.0257568359375
2016-03-18,137.04476928710938
2016-03-21,137.06381225585938
2016-03-22,137.05430603027344
2016-03-23,137.04476928710938
2016-03-24,137.01620483398438
2016-03-29,137.06381225585938
2016-03-30,137.06381225585938
2016-03-31,137.07333374023438
2016-04-01,137.1018829345703
2016-04-04,137.07333374023438
2016-04-05,137.04476928710938
2016-04-06,137.03526306152344
2016-04-07,136.9400634765625
2016-04-08,137.01620483398438
2016-04-11,136.98765563964844
2016-04-12,137.04476928710938
2016-04-13,137.06381225585938
2016-04-14,137.06381225585938
2016-04-15,137.08287048339844
2016-04-18,137.1018829345703
2016-04-19,137.0923614501953
2016-04-20,137.11141967773438
2016-04-21,137.08287048339844
2016-04-22,137.08287048339844
2016-04-25,137.07333374023438
2016-04-26,137.07333374023438
2016-04-27,137.1018829345703
2016-04-28,137.1209259033203
2016-04-29,137.13995361328125
2016-05-02,137.16851806640625
2016-05-03,137.18756103515625
2016-05-04,137.16851806640625
2016-05-05,137.14947509765625
2016-05-06,137.16851806640625
2016-05-09,137.17803955078125
2016-05-10,137.17803955078125
2016-05-11,137.1970672607422
2016-05-12,137.1590118408203
2016-05-13,137.16851806640625
2016-05-16,137.16851806640625
2016-05-17,137.17803955078125
2016-05-18,137.1590118408203
2016-05-19,137.14947509765625
2016-05-20,137.1590118408203
2016-05-23,137.17803955078125
2016-05-24,137.1970672607422
2016-05-25,137.22561645507812
2016-05-26,137.17803955078125
2016-05-27,137.20660400390625
2016-05-30,137.1970672607422
2016-05-31,137.2161102294922
2016-06-01,137.2161102294922
2016-06-02,137.20660400390625
2016-06-03,137.2351531982422
2016-06-06,137.17803955078125
2016-06-07,137.18756103515625
2016-06-08,137.18756103515625
2016-06-09,137.13995361328125
2016-06-10,137.1209259033203
2016-06-13,136.98765563964844
2016-06-14,136.8925018310547
2016-06-15,136.90200805664062
2016-06-16,136.79730224609375
2016-06-17,136.92105102539062
2016-06-20,137.03526306152344
2016-06-21,137.01620483398438
2016-06-22,136.9971923828125
2016-06-23,137.0257568359375
2016-06-24,136.83538818359375
2016-06-27,137.01620483398438
2016-06-28,137.1590118408203
2016-06-29,137.22561645507812
2016-06-30,137.32081604003906
2016-07-01,137.39697265625
2016-07-04,137.35887145996094
2016-07-05,137.33030700683594
2016-07-06,137.29225158691406
2016-07-07,137.25416564941406
2016-07-08,137.25416564941406
2016-07-11,137.22561645507812
2016-07-12,137.2446746826172
2016-07-13,137.2446746826172
2016-07-14,137.2446746826172
2016-07-15,137.22561645507812
2016-07-18,137.25416564941406
2016-07-19,137.28274536132812
2016-07-20,137.28274536132812
2016-07-21,137.27322387695312
2016-07-22,137.28274536132812
2016-07-25,137.25416564941406
2016-07-26,137.25416564941406
2016-07-27,137.25416564941406
2016-07-28,137.2446746826172
2016-07-29,137.26370239257812
2016-08-01,137.27322387695312
2016-08-02,137.25416564941406
2016-08-03,137.26370239257812
2016-08-04,137.349365234375
2016-08-05,137.30177307128906
2016-08-08,137.30177307128906
2016-08-09,137.29225158691406
2016-08-10,137.32081604003906
2016-08-11,137.32081604003906
2016-08-12,137.30177307128906
2016-08-16,137.27322387695312
2016-08-17,137.31129455566406
2016-08-18,137.31129455566406
2016-08-19,137.29225158691406
2016-08-22,137.31129455566406
2016-08-23,137.33030700683594
2016-08-24,137.33030700683594
2016-08-25,137.33984375
2016-08-26,137.33984375
2016-08-29,137.32081604003906
2016-08-30,137.32081604003906
2016-08-31,137.31129455566406
2016-09-01,137.20660400390625
2016-09-02,137.2351531982422
2016-09-05,137.25416564941406
2016-09-06,137.32081604003906
2016-09-07,137.349365234375
2016-09-08,137.26370239257812
2016-09-09,137.1970672607422
2016-09-12,137.16851806640625
2016-09-13,137.14947509765625
2016-09-14,137.17803955078125
2016-09-15,137.1970672607422
2016-09-16,137.20660400390625
2016-09-19,137.22561645507812
2016-09-20,137.25416564941406
2016-09-21,137.25416564941406
2016-09-22,137.32081604003906
2016-09-23,137.31129455566406
2016-09-26,137.32081604003906
2016-09-27,137.30177307128906
2016-09-28,137.31129455566406
2016-09-29,137.29225158691406
2016-09-30,137.31129455566406
2016-10-03,137.32081604003906
2016-10-04,137.31129455566406
2016-10-05,137.25416564941406
2016-10-06,137.25416564941406
2016-10-07,137.2446746826172
2016-10-10,137.25416564941406
2016-10-11,137.2446746826172
2016-10-12,137.28274536132812
2016-10-13,137.25416564941406
2016-10-14,137.2351531982422
2016-10-17,137.2161102294922
2016-10-18,137.2161102294922
2016-10-19,137.20660400390625
2016-10-20,137.2161102294922
2016-10-21,137.22561645507812
2016-10-24,137.22561645507812
2016-10-25,137.2161102294922
2016-10-26,137.20660400390625
2016-10-27,137.1304473876953
2016-10-28,137.0257568359375
2016-10-31,137.04476928710938
2016-11-01,137.0067138671875
2016-11-02,137.1018829345703
2016-11-03,137.0923614501953
2016-11-04,137.0923614501953
2016-11-07,137.13995361328125
2016-11-08,137.13995361328125
2016-11-09,137.11141967773438
2016-11-10,136.98765563964844
2016-11-11,136.83538818359375
2016-11-14,136.77825927734375
2016-11-15,136.8925018310547
2016-11-16,136.81634521484375
2016-11-17,136.79730224609375
2016-11-18,136.8734588623047
2016-11-21,136.81634521484375
2016-11-22,136.8734588623047
2016-11-23,136.77825927734375
2016-11-24,136.7306671142578
2016-11-25,136.69259643554688
2016-11-28,136.64501953125
2016-11-29,136.72116088867188
2016-11-30,136.76873779296875
2016-12-01,136.72116088867188
2016-12-02,136.83538818359375
2016-12-05,136.81634521484375
2016-12-06,136.98765563964844
2016-12-07,136.9971923828125
2016-12-08,137.07333374023438
2016-12-09,137.17803955078125
2016-12-12,137.2446746826172
2016-12-13,137.349365234375
2016-12-14,137.38742065429688
2016-12-15,137.33984375
2016-12-16,137.32081604003906
2016-12-19,137.33984375
2016-12-20,137.38742065429688
2016-12-21,137.39697265625
2016-12-22,137.36842346191406
2016-12-23,137.39697265625
2016-12-27,137.43502807617188
2016-12-28,137.45407104492188
2016-12-29,137.44454956054688
2016-12-30,137.42552185058594
2017-01-02,137.5207061767578
2017-01-03,137.42552185058594
2017-01-04,137.35887145996094
2017-01-05,137.30177307128906
2017-01-06,137.2446746826172
2017-01-09,137.30177307128906
2017-01-10,137.27322387695312
2017-01-11,137.33030700683594
2017-01-12,137.33030700683594
2017-01-13,137.31129455566406
2017-01-16,137.32081604003906
2017-01-17,137.36842346191406
2017-01-18,137.36842346191406
2017-01-19,137.33030700683594
2017-01-20,137.33984375
2017-01-23,137.33984375
2017-01-24,137.33984375
2017-01-25,137.30177307128906
2017-01-26,137.1970672607422
2017-01-27,137.17803955078125
2017-01-30,137.06381225585938
2017-01-31,137.08287048339844
2017-02-01,137.06381225585938
2017-02-02,137.1590118408203
2017-02-03,137.13995361328125
2017-02-06,137.03526306152344
2017-02-07,137.0923614501953
2017-02-08,137.16851806640625
2017-02-09,137.2161102294922
2017-02-10,137.14947509765625
2017-02-13,137.11141967773438
2017-02-14,137.18756103515625
2017-02-15,137.17803955078125
2017-02-16,137.18756103515625
2017-02-17,137.13995361328125
2017-02-20,137.13995361328125
2017-02-21,137.03526306152344
2017-02-22,137.0257568359375
2017-02-23,137.0067138671875
2017-02-24,137.04476928710938
2017-02-27,137.07333374023438
2017-02-28,137.11141967773438
2017-03-01,137.11141967773438
2017-03-02,137.0923614501953
2017-03-03,137.2446746826172
2017-03-06,137.20660400390625
2017-03-07,137.18756103515625
2017-03-08,137.1018829345703
2017-03-09,137.03526306152344
2017-03-10,136.9781494140625
2017-03-13,136.9400634765625
2017-03-14,136.98765563964844
2017-03-15,137.07333374023438
2017-03-16,137.07333374023438
2017-03-17,137.03526306152344
2017-03-20,137.0923614501953
2017-03-21,137.0923614501953
2017-03-22,137.1304473876953
2017-03-23,137.13995361328125
2017-03-24,137.17803955078125
2017-03-27,137.16851806640625
2017-03-28,137.20660400390625
2017-03-29,137.20660400390625
2017-03-30,137.16851806640625
2017-03-31,137.1304473876953
2017-04-03,137.16851806640625
2017-04-04,137.18756103515625
2017-04-05,137.17803955078125
2017-04-06,137.18756103515625
2017-04-07,137.20660400390625
2017-04-10,137.1590118408203
2017-04-11,137.1209259033203
2017-04-12,137.0923614501953
2017-04-13,137.11141967773438
2017-04-18,137.17803955078125
2017-04-19,137.1970672607422
2017-04-20,137.11141967773438
2017-04-21,137.1018829345703
2017-04-24,137.18756103515625
2017-04-25,137.17803955078125
2017-04-26,137.18756103515625
2017-04-27,137.2351531982422
2017-04-28,137.2446746826172
2017-05-02,137.2446746826172
2017-05-03,137.28274536132812
2017-05-04,137.32081604003906
2017-05-05,137.30177307128906
2017-05-08,137.29225158691406
2017-05-09,137.33984375
2017-05-10,137.31129455566406
2017-05-11,137.33030700683594
2017-05-12,137.33984375
2017-05-15,137.349365234375
2017-05-16,137.42552185058594
2017-05-17,137.49212646484375
2017-05-18,137.4635772705078
2017-05-19,137.5111846923828
2017-05-22,137.4635772705078
2017-05-23,137.4730987548828
2017-05-24,137.45407104492188
2017-05-25,137.43502807617188
2017-05-26,137.43502807617188
2017-05-29,137.42552185058594
2017-05-30,137.38742065429688
2017-05-31,137.42552185058594
2017-06-01,137.36842346191406
2017-06-02,137.37791442871094
2017-06-05,137.349365234375
2017-06-06,137.38742065429688
2017-06-07,137.37791442871094
2017-06-08,137.4635772705078
2017-06-09,137.5492401123047
2017-06-12,137.55877685546875
2017-06-13,137.5873260498047
2017-06-14,137.5968475341797
2017-06-15,137.53973388671875
2017-06-16,137.53021240234375
2017-06-19,137.55877685546875
2017-06-20,137.56829833984375
2017-06-21,137.5968475341797
2017-06-22,137.5968475341797
2017-06-23,137.56829833984375
2017-06-26,137.55877685546875
2017-06-27,137.45407104492188
2017-06-28,137.4730987548828
2017-06-29,137.35887145996094
2017-06-30,137.39697265625
2017-07-03,137.41598510742188
2017-07-04,137.43502807617188
2017-07-05,137.36842346191406
2017-07-06,137.28274536132812
2017-07-07,137.26370239257812
2017-07-10,137.32081604003906
2017-07-11,137.28274536132812
2017-07-12,137.40647888183594
2017-07-13,137.28274536132812
2017-07-14,137.33030700683594
2017-07-17,137.35887145996094
2017-07-18,137.42552185058594
2017-07-19,137.41598510742188
2017-07-20,137.4730987548828
2017-07-21,137.48263549804688
2017-07-24,137.5111846923828
2017-07-25,137.4730987548828
2017-07-26,137.48263549804688
2017-07-27,137.55877685546875
2017-07-28,137.53021240234375
2017-07-31,137.5492401123047
2017-08-01,137.5968475341797
2017-08-02,137.5968475341797
2017-08-03,137.5873260498047
2017-08-04,137.56829833984375
2017-08-07,137.57778930664062
2017-08-08,137.56829833984375
2017-08-09,137.57778930664062
2017-08-10,137.57778930664062
2017-08-11,137.56829833984375
2017-08-14,137.61587524414062
2017-08-16,137.5873260498047
2017-08-17,137.6063690185547
2017-08-18,137.6063690185547
2017-08-21,137.56829833984375
2017-08-22,137.53021240234375
2017-08-23,137.5111846923828
2017-08-24,137.5111846923828
2017-08-25,137.5111846923828
2017-08-28,137.5016632080078
2017-08-29,137.53973388671875
2017-08-30,137.5207061767578
2017-08-31,137.5492401123047
2017-09-01,137.57778930664062
2017-09-04,137.5873260498047
2017-09-05,137.63491821289062
2017-09-06,137.55877685546875
2017-09-07,137.68251037597656
2017-09-08,137.63491821289062
2017-09-11,137.5873260498047
2017-09-12,137.53021240234375
2017-09-13,137.5207061767578
2017-09-14,137.5016632080078
2017-09-15,137.53021240234375
2017-09-18,137.5492401123047
2017-09-19,137.57778930664062
2017-09-20,137.57778930664062
2017-09-21,137.5492401123047
2017-09-22,137.56829833984375
2017-09-25,137.56829833984375
2017-09-26,137.5492401123047
2017-09-27,137.53021240234375
2017-09-28,137.5492401123047
2017-09-29,137.57778930664062
2017-10-02,137.53973388671875
2017-10-03,137.53021240234375
2017-10-04,137.48263549804688
2017-10-05,137.5016632080078
2017-10-06,137.48263549804688
2017-10-09,137.49212646484375
2017-10-10,137.4635772705078
2017-10-11,137.49212646484375
2017-10-12,137.5016632080078
2017-10-13,137.5207061767578
2017-10-16,137.5492401123047
2017-10-17,137.5968475341797
2017-10-18,137.57778930664062
2017-10-19,137.56829833984375
2017-10-20,137.57778930664062
2017-10-23,137.6063690185547
2017-10-24,137.56829833984375
2017-10-25,137.57778930664062
2017-10-26,137.66346740722656
2017-10-27,137.66346740722656
2017-10-30,137.7110595703125
2017-10-31,137.7110595703125
2017-11-01,137.73960876464844
2017-11-02,137.74913024902344
2017-11-03,137.76817321777344
2017-11-06,137.78721618652344
2017-11-07,137.85382080078125
2017-11-08,137.81576538085938
2017-11-09,137.7301025390625
2017-11-10,137.73960876464844
2017-11-13,137.74913024902344
2017-11-14,137.74913024902344
2017-11-15,137.77767944335938
2017-11-16,137.7586669921875
2017-11-17,137.80624389648438
2017-11-20,137.8252716064453
2017-11-21,137.87289428710938
2017-11-22,137.89190673828125
2017-11-23,137.8633575439453
2017-11-24,137.79672241210938
2017-11-27,137.78721618652344
2017-11-28,137.8252716064453
2017-11-29,137.80624389648438
2017-11-30,137.85382080078125
2017-12-01,137.85382080078125
2017-12-04,137.89190673828125
2017-12-05,137.9109344482422
2017-12-06,137.9490203857422
2017-12-07,137.9775848388672
2017-12-08,137.98707580566406
2017-12-11,137.95852661132812
2017-12-12,137.88238525390625
2017-12-13,137.76817321777344
2017-12-14,137.78721618652344
2017-12-15,137.78721618652344
2017-12-18,137.8347930908203
2017-12-19,137.6920166015625
2017-12-20,137.68251037597656
2017-12-21,137.7015380859375
2017-12-22,137.7110595703125
2017-12-27,137.67298889160156
2017-12-28,137.53973388671875
2017-12-29,137.48263549804688
2018-01-02,137.45407104492188
2018-01-03,137.57778930664062
2018-01-04,137.5968475341797
2018-01-05,137.61587524414062
2018-01-08,137.65394592285156
2018-01-09,137.61587524414062
2018-01-10,137.5873260498047
2018-01-11,137.5207061767578
2018-01-12,137.53021240234375
2018-01-15,137.5492401123047
2018-01-16,137.5873260498047
2018-01-17,137.56829833984375
2018-01-18,137.57778930664062
2018-01-19,137.5968475341797
2018-01-22,137.63491821289062
2018-01-23,137.66346740722656
2018-01-24,137.66346740722656
2018-01-25,137.5968475341797
2018-01-26,137.5207061767578
2018-01-29,137.48263549804688
2018-01-30,137.5016632080078
2018-01-31,137.5207061767578
2018-02-01,137.61587524414062
2018-02-02,137.53021240234375
2018-02-05,137.5968475341797
2018-02-06,137.5873260498047
2018-02-07,137.62539672851562
2018-02-08,137.57778930664062
2018-02-09,137.57778930664062
2018-02-12,137.63491821289062
2018-02-13,137.57778930664062
2018-02-14,137.5111846923828
2018-02-15,137.53973388671875
2018-02-16,137.56829833984375
2018-02-19,137.49212646484375
2018-02-20,137.5111846923828
2018-02-21,137.49212646484375
2018-02-22,137.4635772705078
2018-02-23,137.43502807617188
2018-02-26,137.44454956054688
2018-02-27,137.48263549804688
2018-02-28,137.53021240234375
2018-03-01,137.53973388671875
2018-03-02,137.4730987548828
2018-03-05,137.49212646484375
2018-03-06,137.53973388671875
2018-03-07,137.5968475341797
2018-03-08,137.61587524414062
2018-03-09,137.5968475341797
2018-03-12,137.63491821289062
2018-03-13,137.62539672851562
2018-03-14,137.5968475341797
2018-03-15,137.6063690185547
2018-03-16,137.62539672851562
2018-03-19,137.67298889160156
2018-03-20,137.7110595703125
2018-03-21,137.68251037597656
2018-03-22,137.7586669921875
2018-03-23,137.76817321777344
2018-03-26,137.73960876464844
2018-03-27,137.78721618652344
2018-03-28,137.8252716064453
2018-03-29,137.9014434814453
2018-04-03,137.85382080078125
2018-04-04,137.9014434814453
2018-04-05,137.8252716064453
2018-04-06,137.79672241210938
2018-04-09,137.8347930908203
2018-04-10,137.7110595703125
2018-04-11,137.7586669921875
2018-04-12,137.7301025390625
2018-04-13,137.74913024902344
2018-04-16,137.74913024902344
2018-04-17,137.78721618652344
2018-04-18,137.78721618652344
2018-04-19,137.73960876464844
2018-04-20,137.7205810546875
2018-04-23,137.74913024902344
2018-04-24,137.74913024902344
2018-04-25,137.7586669921875
2018-04-26,137.78721618652344
2018-04-27,137.77767944335938
2018-04-30,137.7301025390625
2018-05-02,137.7110595703125
2018-05-03,137.74913024902344
2018-05-04,137.73960876464844
2018-05-07,137.76817321777344
2018-05-08,137.7110595703125
2018-05-09,137.68251037597656
2018-05-10,137.66346740722656
2018-05-11,137.7015380859375
2018-05-14,137.63491821289062
2018-05-15,137.5968475341797
2018-05-16,137.42552185058594
2018-05-17,137.45407104492188
2018-05-18,137.43502807617188
2018-05-21,137.26370239257812
2018-05-22,137.36842346191406
2018-05-23,137.27322387695312
2018-05-24,137.30177307128906
2018-05-25,137.06381225585938
2018-05-28,136.7306671142578
2018-05-29,135.3314666748047
2018-05-30,135.75027465820312
2018-05-31,136.45465087890625
2018-06-01,136.635498046875
2018-06-04,136.81634521484375
2018-06-05,136.64501953125
2018-06-06,136.18812561035156
2018-06-07,136.14053344726562
2018-06-08,136.0358428955078
2018-06-11,136.46414184570312
2018-06-12,136.616455078125
2018-06-13,136.70211791992188
2018-06-14,136.81634521484375
2018-06-15,136.90200805664062
2018-06-18,137.1209259033203
2018-06-19,137.05430603027344
2018-06-20,137.07333374023438
2018-06-21,136.7877960205078
2018-06-22,136.7877960205078
2018-06-25,136.68309020996094
2018-06-26,136.66404724121094
2018-06-27,136.69259643554688
2018-06-28,136.81634521484375
2018-06-29,136.92105102539062
2018-07-02,136.94960021972656
2018-07-03,136.98765563964844
2018-07-04,136.8734588623047
2018-07-05,136.77825927734375
2018-07-06,136.7497100830078
2018-07-09,136.80682373046875
2018-07-10,136.84490966796875
2018-07-11,136.80682373046875
2018-07-12,136.90200805664062
2018-07-13,136.90200805664062
2018-07-16,136.92105102539062
2018-07-17,136.9686279296875
2018-07-18,136.9591064453125
2018-07-19,137.0067138671875
2018-07-20,136.92105102539062
2018-07-23,136.93055725097656
2018-07-24,136.88296508789062
2018-07-25,136.8925018310547
2018-07-26,136.85440063476562
2018-07-27,136.7877960205078
2018-07-30,136.72116088867188
2018-07-31,136.77825927734375
2018-08-01,136.65452575683594
2018-08-02,136.53079223632812
2018-08-03,136.54029846191406
2018-08-06,136.55935668945312
2018-08-07,136.55935668945312
2018-08-08,136.54029846191406
2018-08-09,136.54983520507812
2018-08-10,136.4165802001953
2018-08-13,136.29283142089844
2018-08-14,136.34043884277344
2018-08-16,136.29283142089844
2018-08-17,136.3594512939453
2018-08-20,136.47369384765625
2018-08-21,136.54983520507812
2018-08-22,136.36898803710938
2018-08-23,136.4355926513672
2018-08-24,136.3499298095703
2018-08-27,136.3118896484375
2018-08-28,136.27378845214844
2018-08-29,136.34043884277344
2018-08-30,136.2166748046875
2018-08-31,136.16908264160156
2018-09-03,136.18812561035156
2018-09-04,136.3499298095703
2018-09-05,136.3594512939453
2018-09-06,136.4451446533203
2018-09-07,136.52127075195312
2018-09-10,136.64501953125
2018-09-11,136.56884765625
2018-09-12,136.57838439941406
2018-09-13,136.56884765625
2018-09-14,136.54029846191406
2018-09-17,136.62596130371094
2018-09-18,136.69259643554688
2018-09-19,136.635498046875
2018-09-20,136.56884765625
2018-09-21,136.62596130371094
2018-09-24,136.49269104003906
2018-09-25,136.49269104003906
2018-09-26,136.597412109375
2018-09-27,136.55935668945312
2018-09-28,136.3308868408203
2018-10-01,136.0739288330078
2018-10-02,136.01678466796875
2018-10-03,136.14053344726562
2018-10-04,136.1215057373047
2018-10-05,136.04534912109375
2018-10-08,135.84547424316406
2018-10-09,135.97872924804688
2018-10-10,135.93113708496094
2018-10-11,135.921630859375
2018-10-12,135.95018005371094
2018-10-15,135.93113708496094
2018-10-16,136.13101196289062
2018-10-17,136.1119842529297
2018-10-18,135.9882354736328
2018-10-19,136.1024627685547
2018-10-22,136.25474548339844
2018-10-23,136.2166748046875
2018-10-24,136.19764709472656
2018-10-25,136.2833251953125
2018-10-26,136.3499298095703
2018-10-29,136.46414184570312
2018-10-30,136.3308868408203
2018-10-31,136.4070281982422
2018-11-01,136.47369384765625
2018-11-02,136.57838439941406
2018-11-05,136.54983520507812
2018-11-06,136.49269104003906
2018-11-07,136.5022430419922
2018-11-08,136.4261016845703
2018-11-09,136.4355926513672
2018-11-12,136.39755249023438
2018-11-13,136.36898803710938
2018-11-14,136.3308868408203
2018-11-15,136.3308868408203
2018-11-16,136.3499298095703
2018-11-19,136.2833251953125
2018-11-20,136.4070281982422
2018-11-21,136.49269104003906
2018-11-22,136.60693359375
2018-11-23,136.60693359375
2018-11-26,136.8258514404297
2018-11-27,136.7401885986328
2018-11-28,136.76873779296875
2018-11-29,136.8258514404297
2018-11-30,136.80682373046875
2018-12-03,136.92105102539062
2018-12-04,136.91151428222656
2018-12-05,136.88296508789062
2018-12-06,136.7497100830078
2018-12-07,136.77825927734375
2018-12-10,136.80682373046875
2018-12-11,136.8258514404297
2018-12-12,136.8925018310547
2018-12-13,136.9781494140625
2018-12-14,136.94960021972656
2018-12-17,136.91151428222656
2018-12-18,136.9781494140625
2018-12-19,137.05430603027344
2018-12-20,137.17803955078125
2018-12-21,137.0067138671875
2018-12-27,137.03526306152344
2018-12-28,137.03526306152344
2019-01-02,137.1304473876953
2019-01-03,137.0067138671875
2019-01-04,137.03526306152344
2019-01-07,136.8925018310547
2019-01-08,136.8734588623047
2019-01-09,137.0257568359375
2019-01-10,136.92105102539062
2019-01-11,137.06381225585938
2019-01-14,137.11141967773438
2019-01-15,137.11141967773438
2019-01-16,137.1304473876953
2019-01-17,137.11141967773438
2019-01-18,137.18756103515625
2019-01-21,137.1304473876953
2019-01-22,137.18756103515625
2019-01-23,137.11141967773438
2019-01-24,137.1590118408203
2019-01-25,137.22561645507812
2019-01-28,137.18756103515625
2019-01-29,137.17803955078125
2019-01-30,137.17803955078125
2019-01-31,137.16851806640625
2019-02-01,137.06381225585938
2019-02-04,137.04476928710938
2019-02-05,136.9781494140625
2019-02-06,136.9686279296875
2019-02-07,136.84490966796875
2019-02-08,136.7401885986328
2019-02-11,136.80682373046875
2019-02-12,136.93055725097656
2019-02-13,136.9971923828125
2019-02-14,136.9686279296875
2019-02-15,136.92105102539062
2019-02-18,137.0257568359375
2019-02-19,137.01620483398438
2019-02-20,136.9591064453125
2019-02-21,136.91151428222656
2019-02-22,136.9400634765625
2019-02-25,137.03526306152344
2019-02-26,137.01620483398438
2019-02-27,137.03526306152344
2019-02-28,137.03526306152344
2019-03-01,137.0257568359375
2019-03-04,137.04476928710938
2019-03-05,137.03526306152344
2019-03-06,137.16851806640625
2019-03-07,137.35887145996094
2019-03-08,137.22561645507812
2019-03-11,137.22561645507812
2019-03-12,137.22561645507812
2019-03-13,137.2161102294922
2019-03-14,137.22561645507812
2019-03-15,137.26370239257812
2019-03-18,137.30177307128906
2019-03-19,137.2446746826172
2019-03-20,137.14947509765625
2019-03-21,137.26370239257812
2019-03-22,137.27322387695312
2019-03-25,137.1304473876953
2019-03-26,137.17803955078125
2019-03-27,137.33984375
2019-03-28,137.28274536132812
2019-03-29,137.28274536132812
2019-04-01,137.2446746826172
2019-04-02,137.2351531982422
2019-04-03,137.1970672607422
2019-04-04,137.17803955078125
2019-04-05,137.18756103515625
2019-04-08,137.1304473876953
2019-04-09,137.1590118408203
2019-04-10,137.29225158691406
2019-04-11,137.30177307128906
2019-04-12,137.29225158691406
2019-04-15,137.25416564941406
2019-04-16,137.1590118408203
2019-04-17,137.14947509765625
2019-04-18,137.16851806640625
2019-04-23,137.03526306152344
2019-04-24,137.1970672607422
2019-04-25,137.1018829345703
2019-04-26,137.17803955078125
2019-04-29,137.11141967773438
2019-04-30,137.14947509765625
2019-05-02,137.2161102294922
2019-05-03,137.18756103515625
2019-05-06,137.2446746826172
2019-05-07,137.16851806640625
2019-05-08,137.14947509765625
2019-05-09,137.11141967773438
2019-05-10,137.1970672607422
2019-05-13,137.11141967773438
2019-05-14,137.13995361328125
2019-05-15,137.06381225585938
2019-05-16,137.14947509765625
2019-05-17,137.13995361328125
2019-05-20,137.05430603027344
2019-05-21,137.16851806640625
2019-05-22,137.1590118408203
2019-05-23,137.1209259033203
2019-05-24,137.26370239257812
2019-05-27,137.14947509765625
2019-05-28,137.1018829345703
2019-05-29,137.1209259033203
2019-05-30,137.1590118408203
2019-05-31,137.18756103515625
2019-06-03,137.17803955078125
2019-06-04,137.28274536132812
2019-06-05,137.31129455566406
2019-06-06,137.27322387695312
2019-06-07,137.39697265625
2019-06-10,137.349365234375
2019-06-11,137.35887145996094
2019-06-12,137.2446746826172
2019-06-13,137.30177307128906
2019-06-14,137.41598510742188
2019-06-17,137.32081604003906
2019-06-18,137.6063690185547
2019-06-19,137.5492401123047
2019-06-20,137.57778930664062
2019-06-21,137.5207061767578
2019-06-24,137.45407104492188
2019-06-25,137.5111846923828
2019-06-26,137.4730987548828
2019-06-27,137.42552185058594
2019-06-28,137.55877685546875
2019-07-01,137.64443969726562
2019-07-02,137.66346740722656
2019-07-03,137.79672241210938
2019-07-04,137.7110595703125
2019-07-05,137.62539672851562
2019-07-08,137.53021240234375
2019-07-09,137.62539672851562
2019-07-10,137.5111846923828
2019-07-11,137.6063690185547
2019-07-12,137.49212646484375
2019-07-15,137.64443969726562
2019-07-16,137.65394592285156
2019-07-17,137.62539672851562
2019-07-18,137.62539672851562
2019-07-19,137.73960876464844
2019-07-22,137.67298889160156
2019-07-23,137.68251037597656
2019-07-24,137.76817321777344
2019-07-25,137.68251037597656
2019-07-26,137.7015380859375
2019-07-29,137.6920166015625
2019-07-30,137.65394592285156
2019-07-31,137.7110595703125
2019-08-01,137.62539672851562
2019-08-02,137.62539672851562
2019-08-05,137.66346740722656
2019-08-06,137.67298889160156
2019-08-07,137.8252716064453
2019-08-08,137.7301025390625
2019-08-09,137.35887145996094
2019-08-12,137.4635772705078
2019-08-13,137.5968475341797
2019-08-14,137.61587524414062
2019-08-16,137.66346740722656
2019-08-19,137.7301025390625
2019-08-20,137.8252716064453
2019-08-21,137.79672241210938
2019-08-22,137.7015380859375
2019-08-23,137.7205810546875
2019-08-26,137.7301025390625
2019-08-27,137.84434509277344
2019-08-28,137.9109344482422
2019-08-29,138.044189453125
2019-08-30,138.0537109375
2019-09-02,138.08229064941406
2019-09-03,138.091796875
2019-09-04,138.11083984375
2019-09-05,137.93948364257812
2019-09-06,137.95852661132812
2019-09-09,138.02516174316406
2019-09-10,137.9680633544922
2019-09-11,137.89190673828125
2019-09-12,137.79672241210938
2019-09-13,137.7110595703125
2019-09-16,137.7015380859375
2019-09-17,137.7301025390625
2019-09-18,137.79672241210938
2019-09-19,137.7205810546875
2019-09-20,137.7110595703125
2019-09-23,137.84434509277344
2019-09-24,137.74913024902344
2019-09-25,137.76817321777344
2019-09-26,137.6920166015625
2019-09-27,137.78721618652344
2019-09-30,137.88238525390625
2019-10-01,137.77767944335938
2019-10-02,137.7301025390625
2019-10-03,137.76817321777344
2019-10-04,137.76817321777344
2019-10-07,137.7015380859375
2019-10-08,137.80624389648438
2019-10-09,137.7301025390625
2019-10-10,137.6920166015625
2019-10-11,137.65394592285156
2019-10-14,137.68251037597656
2019-10-15,137.66346740722656
2019-10-16,137.6063690185547
2019-10-17,137.63491821289062
2019-10-18,137.53021240234375
2019-10-21,137.48263549804688
2019-10-22,137.6063690185547
2019-10-23,137.5207061767578
2019-10-24,137.5207061767578
2019-10-25,137.57778930664062
2019-10-28,137.53021240234375
2019-10-29,137.5016632080078
2019-10-30,137.5207061767578
2019-10-31,137.53973388671875
2019-11-01,137.5492401123047
2019-11-04,137.53973388671875
2019-11-05,137.5207061767578
2019-11-06,137.49212646484375
2019-11-07,137.42552185058594
2019-11-08,137.33030700683594
2019-11-11,137.28274536132812
2019-11-12,137.35887145996094
2019-11-13,137.36842346191406
2019-11-14,137.28274536132812
2019-11-15,137.37791442871094
2019-11-18,137.38742065429688
2019-11-19,137.36842346191406
2019-11-20,137.30177307128906
2019-11-21,137.35887145996094
2019-11-22,137.41598510742188
2019-11-25,137.40647888183594
2019-11-26,137.41598510742188
2019-11-27,137.40647888183594
2019-11-28,137.37791442871094
2019-11-29,137.28274536132812
2019-12-02,137.22561645507812
2019-12-03,137.28274536132812
2019-12-04,137.37791442871094
2019-12-05,137.32081604003906
2019-12-06,137.29225158691406
2019-12-09,137.35887145996094
2019-12-10,137.349365234375
2019-12-11,137.41598510742188
2019-12-12,137.38742065429688
2019-12-13,137.42552185058594
2019-12-16,137.40647888183594
2019-12-17,137.40647888183594
2019-12-18,137.30177307128906
2019-12-19,137.36842346191406
2019-12-20,137.36842346191406
2019-12-23,137.33984375
2019-12-27,137.38742065429688
2019-12-30,137.28274536132812
2020-01-02,137.28274536132812
2020-01-03,137.27322387695312
2020-01-06,137.2351531982422
2020-01-07,137.31129455566406
2020-01-08,137.30177307128906
2020-01-09,137.28274536132812
2020-01-10,137.27322387695312
2020-01-13,137.2446746826172
2020-01-14,137.20660400390625
2020-01-15,137.1590118408203
2020-01-16,137.1209259033203
2020-01-17,137.18756103515625
2020-01-20,137.1209259033203
2020-01-21,137.17803955078125
2020-01-22,137.0923614501953
2020-01-23,137.22561645507812
2020-01-24,137.2446746826172
2020-01-27,137.25416564941406
2020-01-28,137.2446746826172
2020-01-29,137.33984375
2020-01-30,137.30177307128906
2020-01-31,137.38742065429688
2020-02-03,137.30177307128906
2020-02-04,137.36842346191406
2020-02-05,137.28274536132812
2020-02-06,137.26370239257812
2020-02-07,137.29225158691406
2020-02-10,137.32081604003906
2020-02-11,137.33030700683594
2020-02-12,137.35887145996094
2020-02-13,137.29225158691406
2020-02-14,137.35887145996094
2020-02-17,137.35887145996094
2020-02-18,137.25416564941406
2020-02-19,137.30177307128906
2020-02-20,137.349365234375
2020-02-21,137.26370239257812
2020-02-24,137.2351531982422
2020-02-25,137.2446746826172
2020-02-26,137.25416564941406
2020-02-27,137.20660400390625
2020-02-28,137.11141967773438
2020-03-02,137.2351531982422
2020-03-03,137.42552185058594
2020-03-04,137.31129455566406
2020-03-05,137.25416564941406
2020-03-06,137.17803955078125
2020-03-09,136.77825927734375
2020-03-10,136.7306671142578
2020-03-11,137.1590118408203
2020-03-12,136.20718383789062
2020-03-13,134.8175048828125
2020-03-16,136.29283142089844
2020-03-17,134.9888153076172
2020-03-18,134.2083282470703
2020-03-19,136.37847900390625
2020-03-20,136.635498046875
2020-03-23,136.0358428955078
2020-03-24,136.2166748046875
2020-03-25,135.97872924804688
2020-03-26,136.85440063476562
2020-03-27,136.83538818359375
2020-03-30,136.81634521484375
2020-03-31,136.616455078125
2020-04-01,136.58790588378906
2020-04-02,136.55935668945312
2020-04-03,136.56884765625
2020-04-06,136.45465087890625
2020-04-07,136.3118896484375
2020-04-08,136.23574829101562
2020-04-09,136.23574829101562
2020-04-14,136.1119842529297
2020-04-15,136.04534912109375
2020-04-16,136.04534912109375
2020-04-17,136.15957641601562
2020-04-20,135.96920776367188
2020-04-21,135.902587890625
2020-04-22,135.82643127441406
2020-04-23,136.08343505859375
2020-04-24,136.08343505859375
2020-04-27,136.29283142089844
2020-04-28,136.2833251953125
2020-04-29,136.25474548339844
2020-04-30,136.52127075195312
2020-05-04,136.45465087890625
2020-05-05,136.46414184570312
2020-05-06,136.15005493164062
2020-05-07,136.39755249023438
2020-05-08,136.51174926757812
2020-05-11,136.3499298095703
2020-05-12,136.3118896484375
2020-05-13,136.46414184570312
2020-05-14,136.36898803710938
2020-05-15,136.3880157470703
2020-05-18,136.3880157470703
2020-05-19,136.52127075195312
2020-05-20,136.47369384765625
2020-05-21,136.45465087890625
2020-05-22,136.4451446533203
2020-05-25,136.53079223632812
2020-05-26,136.5022430419922
2020-05-27,136.56884765625
2020-05-28,136.67356872558594
2020-05-29,136.55935668945312
2020-06-01,136.60693359375
2020-06-02,136.54983520507812
2020-06-03,136.5022430419922
2020-06-04,136.635498046875
2020-06-05,136.62596130371094
2020-06-08,136.56884765625
2020-06-09,136.62596130371094
2020-06-10,136.52127075195312
2020-06-11,136.616455078125
2020-06-12,136.64501953125
2020-06-15,136.7497100830078
2020-06-16,136.71163940429688
2020-06-17,136.72116088867188
2020-06-18,136.69259643554688
2020-06-19,136.79730224609375
2020-06-22,136.88296508789062
2020-06-23,136.8258514404297
2020-06-24,136.80682373046875
2020-06-25,136.83538818359375
2020-06-26,136.8258514404297
2020-06-29,136.85440063476562
2020-06-30,136.8925018310547
2020-07-01,136.7877960205078
2020-07-02,136.8734588623047
2020-07-03,136.7877960205078
2020-07-06,136.8734588623047
2020-07-07,136.84490966796875
2020-07-08,136.8258514404297
2020-07-09,136.91151428222656
2020-07-10,136.76873779296875
2020-07-13,136.7401885986328
2020-07-14,136.77825927734375
2020-07-15,136.79730224609375
2020-07-16,136.81634521484375
2020-07-17,136.8258514404297
2020-07-20,136.92105102539062
2020-07-21,136.88296508789062
2020-07-22,136.90200805664062
2020-07-23,136.90200805664062
2020-07-24,136.92105102539062
2020-07-27,136.8925018310547
2020-07-28,136.90200805664062
2020-07-29,136.8639373779297
2020-07-30,136.94960021972656
2020-07-31,136.9781494140625
2020-08-03,136.8639373779297
2020-08-04,136.8925018310547
2020-08-05,136.92105102539062
2020-08-06,136.8925018310547
2020-08-07,136.94960021972656
2020-08-10,137.01620483398438
2020-08-11,136.91151428222656
2020-08-12,136.85440063476562
2020-08-13,136.80682373046875
2020-08-14,136.84490966796875
2020-08-17,136.8925018310547
2020-08-18,136.9686279296875
2020-08-19,136.93055725097656
2020-08-20,136.93055725097656
2020-08-21,136.94960021972656
2020-08-24,136.9781494140625
2020-08-25,136.7877960205078
2020-08-26,136.80682373046875
2020-08-27,136.91151428222656
2020-08-28,136.8258514404297
2020-08-31,136.81634521484375
2020-09-01,136.92105102539062
2020-09-02,136.93055725097656
2020-09-03,136.8734588623047
2020-09-04,136.94960021972656
2020-09-07,136.85440063476562
2020-09-08,136.8639373779297
2020-09-09,136.8734588623047
2020-09-10,136.8734588623047
2020-09-11,136.90200805664062
2020-09-14,136.8734588623047
2020-09-15,136.91151428222656
2020-09-16,136.9400634765625
2020-09-17,136.9686279296875
2020-09-18,136.94960021972656
2020-09-21,136.9971923828125
2020-09-22,137.04476928710938
2020-09-23,137.0067138671875
2020-09-24,137.04476928710938
2020-09-25,136.9686279296875
2020-09-28,136.9400634765625
2020-09-29,137.05430603027344
2020-09-30,136.9591064453125
2020-10-01,136.98765563964844
2020-10-02,137.0257568359375
2020-10-05,136.98765563964844
2020-10-06,137.01620483398438
2020-10-07,137.03526306152344
2020-10-08,137.03526306152344
2020-10-09,137.08287048339844
2020-10-12,137.1018829345703
2020-10-13,137.14947509765625
2020-10-14,137.14947509765625
2020-10-15,137.1209259033203
2020-10-16,137.17803955078125
2020-10-19,137.1304473876953
2020-10-20,137.1304473876953
2020-10-21,137.1018829345703
2020-10-22,137.08287048339844
2020-10-23,137.11141967773438
2020-10-26,137.1018829345703
2020-10-27,137.22561645507812
2020-10-28,137.0923614501953
2020-10-29,137.18756103515625
2020-10-30,137.1304473876953
2020-11-02,137.14947509765625
2020-11-03,137.1590118408203
2020-11-04,137.2161102294922
2020-11-05,137.25416564941406
2020-11-06,137.27322387695312
2020-11-09,137.1304473876953
2020-11-10,137.05430603027344
2020-11-11,137.06381225585938
2020-11-12,137.1970672607422
2020-11-13,137.13995361328125
2020-11-16,137.11141967773438
2020-11-17,137.1304473876953
2020-11-18,137.17803955078125
2020-11-19,137.18756103515625
2020-11-20,137.20660400390625
2020-11-23,137.1590118408203
2020-11-24,137.20660400390625
2020-11-25,137.2351531982422
2020-11-26,137.18756103515625
2020-11-27,137.13995361328125
2020-11-30,137.16851806640625
2020-12-01,137.04476928710938
2020-12-02,137.07333374023438
2020-12-03,137.1970672607422
2020-12-04,137.1018829345703
2020-12-07,137.22561645507812
2020-12-08,137.20660400390625
2020-12-09,137.26370239257812
2020-12-10,137.20660400390625
2020-12-11,137.2446746826172
2020-12-14,137.22561645507812
2020-12-15,137.13995361328125
2020-12-16,137.1304473876953
2020-12-17,137.1590118408203
2020-12-18,137.13995361328125
2020-12-21,137.13995361328125
2020-12-22,137.13995361328125
2020-12-23,137.06381225585938
2020-12-28,137.07333374023438
2020-12-29,137.17803955078125
2020-12-30,137.0923614501953
2021-01-04,137.1209259033203
2021-01-05,137.11141967773438
2021-01-06,137.01620483398438
2021-01-07,137.06381225585938
2021-01-08,137.03526306152344
2021-01-11,136.9781494140625
2021-01-12,136.81634521484375
2021-01-13,136.91151428222656
2021-01-14,136.9781494140625
2021-01-15,136.85440063476562
2021-01-18,136.85440063476562
2021-01-19,136.88296508789062
2021-01-20,136.8925018310547
2021-01-21,136.7877960205078
2021-01-22,136.71163940429688
2021-01-25,136.7877960205078
2021-01-26,136.92105102539062
2021-01-27,136.88296508789062
2021-01-28,136.84490966796875
2021-01-29,136.83538818359375
2021-02-01,136.91151428222656
2021-02-02,136.90200805664062
2021-02-03,136.94960021972656
2021-02-04,136.9591064453125
2021-02-05,136.9591064453125
2021-02-08,136.9971923828125
2021-02-09,136.90200805664062
2021-02-10,137.0067138671875
2021-02-11,136.94960021972656
2021-02-12,136.9400634765625
2021-02-15,136.8734588623047
2021-02-16,136.88296508789062
2021-02-17,136.77825927734375
2021-02-18,136.69259643554688
2021-02-19,136.76873779296875
2021-02-22,136.76873779296875
2021-02-23,136.71163940429688
2021-02-24,136.70211791992188
2021-02-25,136.55935668945312
2021-02-26,136.56884765625
2021-03-01,136.72116088867188
2021-03-02,136.71163940429688
2021-03-03,136.70211791992188
2021-03-04,136.76873779296875
2021-03-05,136.67356872558594
2021-03-08,136.68309020996094
2021-03-09,136.72116088867188
2021-03-10,136.79730224609375
2021-03-11,136.81634521484375
2021-03-12,136.7306671142578
2021-03-15,136.76873779296875
2021-03-16,136.84490966796875
2021-03-17,136.7306671142578
2021-03-18,136.77825927734375
2021-03-19,136.81634521484375
2021-03-22,136.7877960205078
2021-03-23,136.85440063476562
2021-03-24,136.84490966796875
2021-03-25,136.8258514404297
2021-03-26,136.83538818359375
2021-03-29,136.76873779296875
2021-03-30,136.69259643554688
2021-03-31,136.7401885986328
2021-04-01,136.84490966796875
2021-04-06,136.7877960205078
2021-04-07,136.72116088867188
2021-04-08,136.81634521484375
2021-04-09,136.68309020996094
2021-04-12,136.67356872558594
2021-04-13,136.71163940429688
2021-04-14,136.65452575683594
2021-04-15,136.64501953125
2021-04-16,136.67356872558594
2021-04-19,136.60693359375
2021-04-20,136.60693359375
2021-04-21,136.66404724121094
2021-04-22,136.616455078125
2021-04-23,136.616455078125
2021-04-26,136.597412109375
2021-04-27,136.57838439941406
2021-04-28,136.64501953125
2021-04-29,136.616455078125
2021-04-30,136.53079223632812
2021-05-03,136.616455078125
2021-05-04,136.597412109375
2021-05-05,136.57838439941406
2021-05-06,136.58790588378906
2021-05-07,136.54983520507812
2021-05-10,136.56884765625
2021-05-11,136.47369384765625
2021-05-12,136.47369384765625
2021-05-13,136.4070281982422
2021-05-14,136.4261016845703
2021-05-17,136.39755249023438
2021-05-18,136.4355926513672
2021-05-19,136.4165802001953
2021-05-20,136.4355926513672
2021-05-21,136.47369384765625
2021-05-24,136.45465087890625
2021-05-25,136.52127075195312
2021-05-26,136.55935668945312
2021-05-27,136.51174926757812
2021-05-28,136.56884765625
2021-05-31,136.52127075195312
2021-06-01,136.5022430419922
2021-06-02,136.55935668945312
2021-06-03,136.54983520507812
2021-06-04,136.60693359375
2021-06-07,136.56884765625
2021-06-08,136.616455078125
2021-06-09,136.635498046875
2021-06-10,136.49269104003906
2021-06-11,136.66404724121094
2021-06-14,136.58790588378906
2021-06-15,136.597412109375
2021-06-16,136.67356872558594
2021-06-17,136.62596130371094
2021-06-18,136.54983520507812
2021-06-21,136.46414184570312
2021-06-22,136.52127075195312
2021-06-23,136.52127075195312
2021-06-24,136.5022430419922
2021-06-25,136.4070281982422
2021-06-28,136.52127075195312
2021-06-29,136.45465087890625
2021-06-30,136.55935668945312
2021-07-01,136.5022430419922
2021-07-02,136.597412109375
2021-07-05,136.53079223632812
2021-07-06,136.53079223632812
2021-07-07,136.60693359375
2021-07-08,136.5022430419922
2021-07-09,136.49269104003906
2021-07-12,136.57838439941406
2021-07-13,136.54983520507812
2021-07-14,136.53079223632812
2021-07-15,136.49269104003906
2021-07-16,136.57838439941406
2021-07-19,136.53079223632812
2021-07-20,136.597412109375
2021-07-21,136.635498046875
2021-07-22,136.62596130371094
2021-07-23,136.69259643554688
2021-07-26,136.68309020996094
2021-07-27,136.635498046875
2021-07-28,136.616455078125
2021-07-29,136.65452575683594
2021-07-30,136.66404724121094
2021-08-02,136.71163940429688
2021-08-03,136.7497100830078
2021-08-04,136.7592315673828
2021-08-05,136.7306671142578
2021-08-06,136.70211791992188
2021-08-09,136.67356872558594
2021-08-10,136.70211791992188
2021-08-11,136.66404724121094
2021-08-12,136.69259643554688
2021-08-13,136.60693359375
2021-08-16,136.635498046875
2021-08-17,136.635498046875
2021-08-18,136.65452575683594
2021-08-19,136.65452575683594
2021-08-20,136.67356872558594
2021-08-23,136.66404724121094
2021-08-24,136.70211791992188
2021-08-25,136.57838439941406
2021-08-26,136.55935668945312
2021-08-27,136.597412109375
2021-08-30,136.597412109375
2021-08-31,136.56884765625
2021-09-01,136.56884765625
2021-09-02,136.597412109375
2021-09-03,136.54983520507812
2021-09-06,136.54983520507812
2021-09-07,136.46414184570312
2021-09-08,136.4451446533203
2021-09-09,136.5022430419922
2021-09-10,136.52127075195312
2021-09-13,136.56884765625
2021-09-14,136.5022430419922
2021-09-15,136.51174926757812
2021-09-16,136.54983520507812
2021-09-17,136.47369384765625
2021-09-20,136.49269104003906
2021-09-21,136.54029846191406
2021-09-22,136.55935668945312
2021-09-23,136.47369384765625
2021-09-24,136.4355926513672
2021-09-27,136.4451446533203
2021-09-28,136.37847900390625
2021-09-29,136.46414184570312
2021-09-30,136.4355926513672
2021-10-01,136.49269104003906
2021-10-04,136.4355926513672
2021-10-05,136.39755249023438
2021-10-06,136.4070281982422
2021-10-07,136.4355926513672
2021-10-08,136.3594512939453
2021-10-11,136.36898803710938
2021-10-12,136.3308868408203
2021-10-13,136.3499298095703
2021-10-14,136.4165802001953
2021-10-15,136.3499298095703
2021-10-18,136.25474548339844
2021-10-19,136.23574829101562
2021-10-20,136.2833251953125
2021-10-21,136.2452392578125
2021-10-22,136.2166748046875
2021-10-25,136.2261962890625
2021-10-26,136.23574829101562
2021-10-27,136.2452392578125
2021-10-28,136.0929412841797
2021-10-29,135.93113708496094
2021-11-01,135.95968627929688
2021-11-02,136.2261962890625
2021-11-03,136.16908264160156
2021-11-04,136.37847900390625
2021-11-05,136.4451446533203
2021-11-08,136.4451446533203
2021-11-09,136.45465087890625
2021-11-10,136.36898803710938
2021-11-11,136.34043884277344
2021-11-12,136.36898803710938
2021-11-15,136.3308868408203
2021-11-16,136.3308868408203
2021-11-17,136.3880157470703
2021-11-18,136.45465087890625
2021-11-19,136.47369384765625
2021-11-22,136.4355926513672
2021-11-23,136.3499298095703
2021-11-24,136.3308868408203
2021-11-25,136.3308868408203
2021-11-26,136.3880157470703
2021-11-29,136.39755249023438
2021-11-30,136.29283142089844
2021-12-01,136.23574829101562
2021-12-02,136.26429748535156
2021-12-03,136.25474548339844
2021-12-06,136.30233764648438
2021-12-07,136.2833251953125
2021-12-08,136.1786346435547
2021-12-09,136.16908264160156
2021-12-10,136.2452392578125
2021-12-13,136.2261962890625
2021-12-14,136.19764709472656
2021-12-15,136.18812561035156
2021-12-16,136.16908264160156
2021-12-17,136.19764709472656
2021-12-20,136.23574829101562
2021-12-21,136.16908264160156
2021-12-22,136.0739288330078
2021-12-23,135.9882354736328
2021-12-27,136.01678466796875
2021-12-28,135.96920776367188
2021-12-29,135.99777221679688
2021-12-30,135.93113708496094
2022-01-03,135.902587890625
2022-01-04,135.94065856933594
2022-01-05,135.91207885742188
2022-01-06,135.82643127441406
2022-01-07,135.807373046875
2022-01-10,135.82643127441406
2022-01-11,135.76931762695312
2022-01-12,135.88352966308594
2022-01-13,135.921630859375
2022-01-14,135.7883758544922
2022-01-17,135.84547424316406
2022-01-18,135.76931762695312
2022-01-19,135.79788208007812
2022-01-20,135.85498046875
2022-01-21,135.86451721191406
2022-01-24,135.87403869628906
2022-01-25,135.93113708496094
2022-01-26,135.79788208007812
2022-01-27,135.7883758544922
2022-01-28,135.77882385253906
2022-01-31,135.73126220703125
2022-02-01,135.70269775390625
2022-02-02,135.6170196533203
2022-02-03,135.85498046875
2022-02-04,134.9412384033203
2022-02-07,135.01736450195312
2022-02-08,134.9888153076172
2022-02-09,135.17919921875
2022-02-10,135.04592895507812
2022-02-11,134.97930908203125
2022-02-14,135.06495666503906
2022-02-15,135.08399963378906
2022-02-16,135.150634765625
2022-02-17,135.32196044921875
2022-02-18,135.3124542236328
2022-02-21,135.25534057617188
2022-02-22,135.23631286621094
2022-02-23,135.21725463867188
2022-02-24,135.3505096435547
2022-02-25,135.2743682861328
2022-02-28,135.52186584472656
2022-03-01,136.0358428955078
2022-03-02,135.6836700439453
2022-03-03,135.67413330078125
2022-03-04,135.91207885742188
2022-03-07,135.6931610107422
2022-03-08,135.05545043945312
2022-03-09,135.5504150390625
2022-03-10,135.11256408691406
2022-03-11,135.22679138183594
2022-03-14,135.11256408691406
2022-03-15,135.2458038330078
2022-03-16,135.25534057617188
2022-03-17,135.22679138183594
2022-03-18,135.25534057617188
2022-03-21,135.131591796875
2022-03-22,135.0364227294922
2022-03-23,135.0269012451172
2022-03-24,134.99835205078125
2022-03-25,134.96978759765625
2022-03-28,134.78895568847656
2022-03-29,134.6461639404297
2022-03-30,134.5319366455078
2022-03-31,134.66519165039062
2022-04-01,134.62713623046875
2022-04-04,134.6366424560547
2022-04-05,134.54147338867188
2022-04-06,134.49386596679688
2022-04-07,134.417724609375
2022-04-08,134.2844696044922
2022-04-11,134.1988067626953
2022-04-12,134.36061096191406
2022-04-13,134.33204650878906
2022-04-14,134.36061096191406
2022-04-19,134.33204650878906
2022-04-20,134.43675231933594
2022-04-21,134.1702423095703
2022-04-22,133.9322967529297
2022-04-25,134.15122985839844
2022-04-26,134.1702423095703
2022-04-27,134.22735595703125
2022-04-28,134.0179443359375
2022-04-29,133.85614013671875
2022-05-02,133.86566162109375
2022-05-03,133.75144958496094
2022-05-04,133.61817932128906
2022-05-05,133.4754180908203
2022-05-06,133.38021850585938
2022-05-09,133.57058715820312
2022-05-10,133.703857421875
2022-05-11,133.9322967529297
2022-05-12,134.15122985839844
2022-05-13,134.0179443359375
2022-05-16,133.98939514160156
2022-05-17,133.67529296875
2022-05-18,133.65625
2022-05-19,133.67529296875
2022-05-20,133.646728515625
2022-05-23,133.5325164794922
2022-05-24,133.67529296875
2022-05-25,133.703857421875
2022-05-26,133.8371124267578
2022-05-27,133.8180694580078
2022-05-30,133.62770080566406
2022-05-31,133.4087677001953
2022-06-01,133.37071228027344
2022-06-02,133.14227294921875
2022-06-03,133.06613159179688
2022-06-06,132.98997497558594
2022-06-07,133.1137237548828
2022-06-08,133.0470733642578
2022-06-09,132.64730834960938
2022-06-10,132.19993591308594
2022-06-13,131.6859588623047
2022-06-14,131.409912109375
2022-06-15,132.0381317138672
2022-06-16,131.9810333251953
2022-06-17,132.23802185058594
2022-06-20,132.16188049316406
2022-06-21,132.218994140625
2022-06-22,132.39984130859375
2022-06-23,132.79959106445312
2022-06-24,132.79010009765625
2022-06-27,132.61875915527344
2022-06-28,132.52357482910156
2022-06-29,132.77105712890625
2022-06-30,133.06613159179688
2022-07-01,133.4373321533203
2022-07-04,133.27552795410156
2022-07-05,133.5515594482422
2022-07-06,133.72288513183594
2022-07-07,133.39926147460938
2022-07-08,133.4087677001953
2022-07-11,133.58010864257812
2022-07-12,133.71336364746094
2022-07-13,133.51348876953125
2022-07-14,133.21841430664062
2022-07-15,133.20889282226562
2022-07-18,133.21841430664062
2022-07-19,132.98046875
2022-07-20,132.9423828125
2022-07-21,132.6949005126953
2022-07-22,133.26600646972656
2022-07-25,133.26600646972656
2022-07-26,133.38975524902344
2022-07-27,133.23745727539062
2022-07-28,133.62770080566406
2022-07-29,133.76095581054688
2022-08-01,133.8942108154297
2022-08-02,133.8085479736328
2022-08-03,133.60865783691406
2022-08-04,133.7704620361328
2022-08-05,133.5325164794922
2022-08-08,133.5229949951172
2022-08-09,133.4468536376953
2022-08-10,133.5515594482422
2022-08-11,133.5229949951172
2022-08-12,133.4754180908203
2022-08-16,133.38975524902344
2022-08-17,133.0470733642578
2022-08-18,132.951904296875
2022-08-19,132.79010009765625
2022-08-22,132.67587280273438
2022-08-23,132.66635131835938
2022-08-24,132.5997314453125
2022-08-25,132.7805633544922
2022-08-26,132.5616455078125
2022-08-29,132.28561401367188
2022-08-30,132.18092346191406
2022-08-31,132.0381317138672
2022-09-01,132.0190887451172
2022-09-02,132.24754333496094
2022-09-05,132.19044494628906
2022-09-06,132.19993591308594
2022-09-07,132.25706481933594
2022-09-08,131.80970764160156
2022-09-09,131.6764373779297
2022-09-12,131.70501708984375
2022-09-13,131.70501708984375
2022-09-14,131.70501708984375
2022-09-15,131.70501708984375
2022-09-16,131.70501708984375
2022-09-19,131.70501708984375
2022-09-20,131.70501708984375
2022-09-21,130.86740112304688
2022-09-22,130.715087890625
2022-09-23,130.50570678710938
2022-09-26,130.2867889404297
2022-09-27,130.07736206054688
2022-09-28,130.49618530273438
2022-09-29,130.46763610839844
2022-09-30,130.724609375
2022-10-03,131.10536193847656
2022-10-04,131.21006774902344
2022-10-05,130.9625701904297
2022-10-06,130.69606018066406
2022-10-07,130.45809936523438
2022-10-10,130.65798950195312
2022-10-11,130.68653869628906
2022-10-12,130.5913543701172
2022-10-13,130.5913543701172
2022-10-14,130.45809936523438
2022-10-17,130.49618530273438
2022-10-18,130.4866485595703
2022-10-19,130.31532287597656
2022-10-20,130.32484436035156
2022-10-21,130.40098571777344
2022-10-24,130.55328369140625
2022-10-25,130.791259765625
2022-10-26,130.78170776367188
2022-10-27,130.57232666015625
2022-10-28,130.99111938476562
2022-10-31,130.7626953125
2022-11-01,130.83883666992188
2022-11-02,130.7626953125
2022-11-03,130.57232666015625
2022-11-04,130.51519775390625
2022-11-07,130.46763610839844
2022-11-08,130.47714233398438
2022-11-09,130.60089111328125
2022-11-10,130.9816131591797
2022-11-11,130.62945556640625
2022-11-14,130.64845275878906
2022-11-15,130.75314331054688
2022-11-16,130.88641357421875
2022-11-17,130.86740112304688
2022-11-18,130.9625701904297
2022-11-21,130.92449951171875
2022-11-22,130.93402099609375
2022-11-23,130.94354248046875
2022-11-24,131.05775451660156
2022-11-25,130.8769073486328
2022-11-28,130.8769073486328
2022-11-29,131.05775451660156
2022-11-30,130.9625701904297
2022-12-01,131.2195587158203
2022-12-02,131.1529541015625
2022-12-05,131.10536193847656
2022-12-06,131.24810791015625
2022-12-07,131.34332275390625
2022-12-08,131.23861694335938
2022-12-09,131.0958251953125
2022-12-12,131.01016235351562
2022-12-13,131.10536193847656
2022-12-14,131.10536193847656
2022-12-15,130.60089111328125
2022-12-16,130.4390411376953
2022-12-19,130.42955017089844
2022-12-20,130.32484436035156
2022-12-21,130.38194274902344
2022-12-22,130.3724365234375
2022-12-23,130.27723693847656
2022-12-27,130.2201385498047
2022-12-28,130.24868774414062
2022-12-29,130.2677459716797
2022-12-30,130.1344757080078
2023-01-02,130.1535186767578
2023-01-03,130.2010955810547
2023-01-04,130.46763610839844
2023-01-05,130.36293029785156
2023-01-06,130.45809936523438
2023-01-09,130.4866485595703
2023-01-10,130.40098571777344
2023-01-11,130.4866485595703
2023-01-12,130.63894653320312
2023-01-13,130.61990356445312
2023-01-16,130.62945556640625
2023-01-17,130.8959503173828
2023-01-18,130.9530487060547
2023-01-19,130.83883666992188
2023-01-20,130.69606018066406
2023-01-23,130.63894653320312
2023-01-24,130.74365234375
2023-01-25,130.75314331054688
2023-01-26,130.69606018066406
2023-01-27,130.66751098632812
2023-01-30,130.5247344970703
2023-01-31,130.60089111328125
2023-02-01,130.50570678710938
2023-02-02,131.01968383789062
2023-02-03,130.8769073486328
2023-02-06,130.715087890625
2023-02-07,130.64845275878906
2023-02-08,130.54376220703125
2023-02-09,130.5913543701172
2023-02-10,130.46763610839844
2023-02-13,130.44859313964844
2023-02-14,130.31532287597656
2023-02-15,130.2677459716797
2023-02-16,130.2867889404297
2023-02-17,130.27723693847656
2023-02-20,130.24868774414062
2023-02-21,130.10592651367188
2023-02-22,130.1439971923828
2023-02-23,130.21063232421875
2023-02-24,130.04881286621094
2023-02-27,129.963134765625
2023-02-28,129.90603637695312
2023-03-01,129.73472595214844
2023-03-02,129.68711853027344
2023-03-03,129.76327514648438
2023-03-06,129.63951110839844
2023-03-07,129.63951110839844
2023-03-08,129.6585693359375
2023-03-09,129.8013153076172
2023-03-10,130.0107421875
2023-03-13,130.724609375
2023-03-14,130.4200439453125
2023-03-15,131.3052215576172
2023-03-16,131.21006774902344
2023-03-17,131.31475830078125
2023-03-20,131.57174682617188
2023-03-21,131.24810791015625
2023-03-22,130.9816131591797
2023-03-23,131.3242645263672
2023-03-24,131.57174682617188
2023-03-27,131.24810791015625
2023-03-28,131.2195587158203
2023-03-29,131.31475830078125
2023-03-30,130.9816131591797
2023-03-31,131.0958251953125
2023-04-03,131.1815185546875
2023-04-04,131.2005157470703
2023-04-05,131.43846130371094
2023-04-06,131.41946411132812
2023-04-11,131.07679748535156
2023-04-12,130.9720916748047
2023-04-13,130.9625701904297
2023-04-14,130.8769073486328
2023-04-17,130.80075073242188
2023-04-18,130.83883666992188
2023-04-19,130.66751098632812
2023-04-20,130.81980895996094
2023-04-21,130.7626953125
2023-04-24,130.73414611816406
2023-04-25,130.9720916748047
2023-04-26,131.00064086914062
2023-04-27,130.88641357421875
2023-04-28,131.2290802001953
2023-05-02,131.31475830078125
2023-05-03,131.2957305908203
2023-05-04,131.6002960205078
2023-05-05,131.45753479003906
2023-05-08,131.3718719482422
2023-05-09,131.41946411132812
2023-05-10,131.4765625
2023-05-11,131.57174682617188
2023-05-12,131.44801330566406
2023-05-15,131.409912109375
2023-05-16,131.3718719482422
2023-05-17,131.31475830078125
2023-05-18,131.2290802001953
2023-05-19,131.2766571044922
2023-05-22,131.2005157470703
2023-05-23,131.17196655273438
2023-05-24,131.10536193847656
2023-05-25,131.03871154785156
2023-05-26,131.01016235351562
2023-05-29,131.16244506835938
2023-05-30,131.31475830078125
2023-05-31,131.52413940429688
2023-06-01,131.52413940429688
2023-06-02,131.4765625
2023-06-05,131.2957305908203
2023-06-06,131.34332275390625
2023-06-07,131.1529541015625
2023-06-08,131.23861694335938
2023-06-09,131.3242645263672
2023-06-12,131.35281372070312
2023-06-13,131.24810791015625
2023-06-14,131.1815185546875
2023-06-15,130.9816131591797
2023-06-16,131.03871154785156
2023-06-19,130.9054718017578
2023-06-20,131.02920532226562
2023-06-21,130.93402099609375
2023-06-22,130.80075073242188
2023-06-23,131.00064086914062
2023-06-26,131.0863037109375
2023-06-27,130.94354248046875
2023-06-28,130.9816131591797
2023-06-29,130.84835815429688
2023-06-30,130.81027221679688
2023-07-03,130.70559692382812
2023-07-04,130.7626953125
2023-07-05,130.84835815429688
2023-07-06,130.63894653320312
2023-07-07,130.81980895996094
2023-07-10,130.77220153808594
2023-07-11,130.68653869628906
2023-07-12,130.93402099609375
2023-07-13,131.1243896484375
2023-07-14,131.06727600097656
2023-07-17,131.0863037109375
2023-07-18,131.36233520507812
2023-07-19,131.3052215576172
2023-07-20,131.2290802001953
2023-07-21,131.26718139648438
2023-07-24,131.39089965820312
2023-07-25,131.35281372070312
2023-07-26,131.2290802001953
2023-07-27,131.40042114257812
2023-07-28,131.45753479003906
2023-07-31,129.63002014160156
2023-08-01,131.43846130371094
2023-08-02,131.52413940429688
2023-08-03,131.55271911621094
2023-08-04,131.505126953125
2023-08-07,131.56222534179688
2023-08-08,131.7335662841797
2023-08-09,131.64788818359375
2023-08-10,131.66693115234375
2023-08-11,131.58126831054688
2023-08-14,131.52413940429688
2023-08-16,131.49559020996094
2023-08-17,131.4765625
2023-08-18,131.59078979492188
2023-08-21,131.51463317871094
2023-08-22,131.56222534179688
2023-08-23,131.85728454589844
2023-08-24,131.8668212890625
2023-08-25,131.74307250976562
2023-08-28,131.72402954101562
2023-08-29,131.77162170410156
2023-08-30,131.74307250976562
2023-08-31,131.95249938964844
2023-09-01,131.95249938964844
2023-09-04,131.8001708984375
2023-09-05,131.8001708984375
2023-09-06,131.6288604736328
2023-09-07,131.72402954101562
2023-09-08,131.76210021972656
2023-09-11,131.75259399414062
2023-09-12,131.70501708984375
2023-09-13,131.56222534179688
2023-09-14,131.6859588623047
2023-09-15,131.58126831054688
2023-09-18,131.49559020996094
2023-09-19,131.4765625
2023-09-20,131.55271911621094
2023-09-21,131.54319763183594
2023-09-22,131.57174682617188
2023-09-25,131.6193389892578
2023-09-26,131.54319763183594
2023-09-27,131.53367614746094
2023-09-28,131.40042114257812
2023-09-29,131.6288604736328
2023-10-02,131.59078979492188
2023-10-03,131.58126831054688
2023-10-04,131.63836669921875
2023-10-05,131.74307250976562
2023-10-06,131.75259399414062
2023-10-09,131.94296264648438
2023-10-10,131.9715118408203
2023-10-11,131.94296264648438
2023-10-12,131.81922912597656
2023-10-13,131.85728454589844
2023-10-16,131.90489196777344
2023-10-17,131.6859588623047
2023-10-18,131.6193389892578
2023-10-19,131.6859588623047
2023-10-20,131.8668212890625
2023-10-23,131.93344116210938
2023-10-24,131.9810333251953
2023-10-25,131.8953857421875
2023-10-26,132.0857391357422
2023-10-27,132.16188049316406
2023-10-30,132.27610778808594
2023-10-31,132.3236846923828
2023-11-01,132.43789672851562
2023-11-02,132.48550415039062
2023-11-03,132.61875915527344
2023-11-06,132.4569549560547
2023-11-07,132.55213928222656
2023-11-08,132.55213928222656
2023-11-09,132.5711669921875
2023-11-10,132.46646118164062
2023-11-13,132.4569549560547
2023-11-14,132.7139434814453
2023-11-15,132.70443725585938
2023-11-16,132.92333984375
2023-11-17,132.90432739257812
2023-11-20,132.8757781982422
2023-11-21,132.93287658691406
2023-11-22,132.85670471191406
2023-11-23,132.79010009765625
2023-11-24,132.77105712890625
2023-11-27,133.00901794433594
2023-11-28,133.1518096923828
2023-11-29,133.36117553710938
2023-11-30,133.37071228027344
2023-12-01,133.74191284179688
2023-12-04,133.72288513183594
2023-12-05,133.86566162109375
2023-12-06,133.9132537841797
2023-12-07,133.96084594726562
2023-12-08,133.73240661621094
2023-12-11,133.73240661621094
2023-12-12,133.77999877929688
2023-12-13,133.84661865234375
2023-12-14,134.15122985839844
2023-12-15,134.2939910888672
2023-12-18,134.2368927001953
2023-12-19,134.30349731445312
2023-12-20,134.45579528808594
2023-12-21,134.59860229492188
2023-12-22,134.76040649414062
2023-12-27,134.73184204101562
2023-12-28,134.6747283935547
2023-12-29,134.70327758789062
2024-01-02,134.58905029296875
2024-01-03,134.6080780029297
2024-01-04,134.44627380371094
2024-01-05,134.32252502441406
2024-01-08,134.35108947753906
2024-01-09,134.2749481201172
2024-01-10,134.1988067626953
2024-01-11,134.26544189453125
2024-01-12,134.5509796142578
2024-01-15,134.379638671875
2024-01-16,134.408203125
2024-01-17,134.16073608398438
2024-01-18,134.21783447265625
2024-01-19,134.15122985839844
2024-01-22,134.22735595703125
2024-01-23,134.1702423095703
2024-01-24,134.2368927001953
2024-01-25,134.50338745117188
2024-01-26,134.48434448242188
2024-01-29,134.6366424560547
2024-01-30,134.5700225830078
2024-01-31,134.73184204101562
2024-02-01,134.73184204101562
2024-02-02,134.49386596679688
2024-02-05,134.379638671875
2024-02-06,134.36061096191406
2024-02-07,134.30349731445312
2024-02-08,134.2939910888672
2024-02-09,134.17977905273438
2024-02-12,134.21783447265625
2024-02-13,134.13217163085938
2024-02-14,134.1892852783203
2024-02-15,134.17977905273438
2024-02-16,134.11312866210938
2024-02-19,134.13217163085938
2024-02-20,134.21783447265625
2024-02-21,134.08456420898438
2024-02-22,134.0465087890625
2024-02-23,134.1416778564453
2024-02-26,134.0179443359375
2024-02-27,134.0274658203125
2024-02-28,134.0465087890625
2024-02-29,134.1416778564453
2024-03-01,134.11312866210938
2024-03-04,134.13217163085938
2024-03-05,134.2749481201172
2024-03-06,134.2939910888672
2024-03-07,134.38917541503906
2024-03-08,134.5319366455078
2024-03-11,134.51292419433594
2024-03-12,134.43675231933594
2024-03-13,134.38917541503906
2024-03-14,134.3531036376953
2024-03-15,134.24734497070312
2024-03-18,134.26657104492188
2024-03-19,134.33389282226562
2024-03-20,134.3242645263672
2024-03-21,134.42042541503906
2024-03-22,134.54541015625
2024-03-25,134.43003845214844
2024-03-26,134.54541015625
2024-03-27,134.66079711914062
2024-03-28,134.6031036376953
2024-04-02,134.49734497070312
2024-04-03,134.52618408203125
2024-04-04,134.593505859375
2024-04-05,134.58387756347656
2024-04-08,134.4396514892578
2024-04-09,134.61273193359375
2024-04-10,134.4396514892578
2024-04-11,134.37232971191406
2024-04-12,134.65118408203125
2024-04-15,134.5742645263672
2024-04-16,134.45887756347656
2024-04-17,134.468505859375
2024-04-18,134.41079711914062
2024-04-19,134.37232971191406
2024-04-22,134.49734497070312
2024-04-23,134.52618408203125
2024-04-24,134.40118408203125
2024-04-25,134.3146514892578
2024-04-26,134.40118408203125
2024-04-29,134.5358123779297
2024-04-30,134.37232971191406
2024-05-02,134.468505859375
2024-05-03,134.58387756347656
2024-05-06,135.05502319335938
2024-05-07,134.68963623046875
2024-05-08,134.64157104492188
2024-05-09,134.64157104492188
2024-05-10,134.593505859375
2024-05-13,134.70887756347656
2024-05-14,134.6031036376953
2024-05-15,134.83387756347656
2024-05-16,134.8146514892578
2024-05-17,134.6992645263672
2024-05-20,134.68002319335938
2024-05-21,134.74734497070312
2024-05-22,134.68963623046875
2024-05-23,134.5165557861328
2024-05-24,134.58387756347656
2024-05-27,134.68002319335938
2024-05-28,134.6319580078125
2024-05-29,134.54541015625
2024-05-30,134.65118408203125
2024-05-31,134.68002319335938
2024-06-03,134.79541015625
2024-06-04,134.88194274902344
2024-06-05,134.92041015625
2024-06-06,134.87234497070312
2024-06-07,134.68963623046875
2024-06-10,134.65118408203125
2024-06-11,134.74734497070312
2024-06-12,134.92041015625
2024-06-13,134.96847534179688
2024-06-14,135.15118408203125
2024-06-17,135.0838623046875
2024-06-18,135.1415557861328
2024-06-19,135.1127166748047
2024-06-20,135.09349060058594
2024-06-21,135.18963623046875
2024-06-24,135.1992645263672
2024-06-25,135.2281036376953
2024-06-26,135.1992645263672
2024-06-27,135.2088623046875
2024-06-28,135.18002319335938
2024-07-01,135.1415557861328
2024-07-02,135.17039489746094
2024-07-03,135.2281036376953
2024-07-04,135.2088623046875
2024-07-05,135.3627166748047
2024-07-08,135.41078186035156
2024-07-09,135.3338623046875
2024-07-10,135.4588623046875
2024-07-11,135.68002319335938
2024-07-12,135.72808837890625
2024-07-15,135.7665557861328
2024-07-16,135.84347534179688
2024-07-17,135.8146209716797
2024-07-18,135.9300079345703
2024-07-19,135.8530731201172
2024-07-22,135.79539489746094
2024-07-23,135.88194274902344
2024-07-24,135.96849060058594
2024-07-25,135.997314453125
2024-07-26,136.07423400878906
2024-07-29,136.15115356445312
2024-07-30,136.29539489746094
2024-07-31,136.3819122314453
2024-08-01,136.4780731201172
2024-08-02,136.64154052734375
2024-08-05,136.7184600830078
2024-08-06,136.6799774169922
2024-08-07,136.59344482421875
2024-08-08,136.65113830566406
2024-08-09,136.65113830566406
2024-08-12,136.7184600830078
2024-08-13,136.86268615722656
2024-08-14,136.86268615722656
2024-08-16,136.6896209716797
2024-08-19,136.7184600830078
2024-08-20,136.8819122314453
2024-08-21,136.8915252685547
2024-08-22,136.87229919433594
2024-08-23,137.026123046875
2024-08-26,136.93960571289062
2024-08-27,136.8915252685547
2024-08-28,136.93960571289062
2024-08-29,137.0165252685547
2024-08-30,136.9780731201172
2024-09-02,136.9203643798828
2024-09-03,136.9780731201172
2024-09-04,137.22805786132812
2024-09-05,137.23765563964844
2024-09-06,137.4203643798828
2024-09-09,137.3626708984375
2024-09-10,137.46844482421875
2024-09-11,137.61265563964844
2024-09-12,137.45750427246094
2024-09-13,137.62338256835938
2024-09-16,137.69171142578125
2024-09-17,137.53558349609375
2024-09-18,137.47703552246094
2024-09-19,137.67218017578125
2024-09-20,137.53558349609375
2024-09-23,137.67218017578125
2024-09-24,137.89662170410156
2024-09-25,137.8380584716797
2024-09-26,137.89662170410156
2024-09-27,138.03321838378906
2024-09-30,137.9941864013672
2024-10-01,138.09176635742188
2024-10-02,138.09176635742188
2024-10-03,138.0625
2024-10-04,137.77952575683594
2024-10-07,137.67218017578125
2024-10-08,137.72097778320312
2024-10-09,137.6624298095703
2024-10-10,137.769775390625
2024-10-11,137.69171142578125
2024-10-14,137.68194580078125
2024-10-15,137.8478240966797
2024-10-16,137.9649200439453
2024-10-17,138.052734375
2024-10-18,138.1210479736328
2024-10-21,137.94540405273438
2024-10-22,137.92588806152344
2024-10-23,138.1112823486328
2024-10-24,138.18934631347656
2024-10-25,138.1112823486328
2024-10-28,138.02346801757812
2024-10-29,137.9941864013672
2024-10-30,137.73072814941406
2024-10-31,137.69171142578125
2024-11-01,137.769775390625
2024-11-04,137.79904174804688
2024-11-05,137.67218017578125
2024-11-06,137.97467041015625
2024-11-07,137.82830810546875
2024-11-08,137.94540405273438
2024-11-11,138.13079833984375
2024-11-12,138.10153198242188
2024-11-13,138.08200073242188
2024-11-14,138.2283935546875
2024-11-15,138.21861267089844
2024-11-18,138.09176635742188
2024-11-19,138.2088623046875
2024-11-20,138.2088623046875
2024-11-21,138.364990234375
2024-11-22,138.55038452148438
2024-11-25,138.6089324951172
2024-11-26,138.4918212890625
2024-11-27,138.48207092285156
2024-11-28,138.66748046875
2024-11-29,138.78456115722656
2024-12-02,138.92117309570312
2024-12-03,138.85287475585938
2024-12-04,138.8723907470703
2024-12-05,138.7260284423828
2024-12-06,138.8723907470703
2024-12-09,138.92117309570312
2024-12-10,138.969970703125
2024-12-11,139.0382843017578
2024-12-12,138.80409240722656
2024-12-13,138.7064971923828
2024-12-16,138.84310913085938
2024-12-17,138.7552947998047
2024-12-18,138.85287475585938
2024-12-19,138.80409240722656
2024-12-20,138.83335876464844
2024-12-23,138.7260284423828
2024-12-27,138.8821563720703
2024-12-30,138.84310913085938
2025-01-02,138.90167236328125
2025-01-03,138.67723083496094
2025-01-06,138.6089324951172
2025-01-07,138.71627807617188
2025-01-08,138.6089324951172
2025-01-09,138.56988525390625
2025-01-10,138.43328857421875
2025-01-13,138.44305419921875
2025-01-14,138.364990234375
2025-01-15,138.56988525390625
2025-01-16,138.7260284423828
2025-01-17,138.7552947998047
2025-01-20,138.79434204101562
2025-01-21,138.8236083984375
2025-01-22,138.7260284423828
2025-01-23,138.7650604248047
2025-01-24,138.63821411132812
2025-01-27,138.69674682617188
2025-01-28,138.78456115722656
2025-01-29,138.7064971923828
2025-01-30,138.89190673828125
2025-01-31,139.08705139160156
2025-02-03,139.33099365234375
2025-02-04,139.1943817138672
2025-02-05,139.36029052734375
2025-02-06,139.30172729492188
2025-02-07,139.27244567871094
2025-02-10,139.41883850097656
2025-02-11,139.2139129638672
2025-02-12,139.14561462402344
2025-02-13,139.36029052734375
2025-02-14,139.23342895507812
2025-02-17,139.2822265625
2025-02-18,139.1651153564453
2025-02-19,139.1260986328125
2025-02-20,139.2139129638672
2025-02-21,139.31149291992188
2025-02-24,139.36029052734375
2025-02-25,139.45785522460938
2025-02-26,139.39930725097656
2025-02-27,139.55543518066406
2025-02-28,139.66278076171875
2025-03-03,139.5261688232422
2025-03-04,139.61398315429688
2025-03-05,139.13584899902344
2025-03-06,139.1163330078125
2025-03-07,139.25296020507812
2025-03-10,139.24317932128906
2025-03-11,139.31149291992188
2025-03-12,139.2626953125
2025-03-13,139.29354858398438
2025-03-14,139.38255310058594
2025-03-17,139.42208862304688
2025-03-18,139.43197631835938
2025-03-19,139.43197631835938
2025-03-20,139.49131774902344
2025-03-21,139.57040405273438
2025-03-24,139.60997009277344
2025-03-25,139.60006713867188
2025-03-26,139.66929626464844
2025-03-27,139.80772399902344
2025-03-28,139.92637634277344
2025-03-31,139.83738708496094
2025-04-01,139.9066162109375
2025-04-02,139.8868408203125
2025-04-03,140.18348693847656
2025-04-04,140.31201171875
2025-04-07,140.45045471191406
2025-04-08,140.23292541503906
2025-04-09,140.51966857910156
2025-04-10,140.2032470703125
2025-04-11,140.36146545410156
2025-04-14,140.45045471191406
2025-04-15,140.51966857910156
2025-04-16,140.60865783691406
2025-04-17,140.77676391601562
2025-04-22,140.84597778320312
2025-04-23,140.74710083007812
2025-04-24,140.83609008789062
2025-04-25,140.71743774414062
2025-04-28,140.72732543945312
2025-04-29,140.77676391601562
2025-04-30,140.79653930664062
2025-05-02,140.75698852539062
2025-05-05,140.73721313476562
2025-05-06,140.80642700195312
2025-05-07,140.85586547851562
2025-05-08,140.81631469726562
2025-05-09,140.78665161132812
2025-05-12,140.46034240722656
2025-05-13,140.45045471191406
2025-05-14,140.49989318847656
2025-05-15,140.65811157226562
2025-05-16,140.64822387695312
2025-05-19,140.68777465820312
2025-05-20,140.69764709472656
2025-05-21,140.64822387695312
2025-05-22,140.83609008789062
2025-05-23,140.92507934570312
2025-05-26,140.85586547851562
2025-05-27,140.89541625976562
2025-05-28,140.88552856445312
2025-05-29,140.94485473632812
2025-05-30,140.96463012695312
2025-06-02,140.96463012695312
2025-06-03,140.99429321289062
2025-06-04,140.91519165039062
2025-06-05,140.75698852539062
2025-06-06,140.78665161132812
2025-06-09,140.80642700195312
2025-06-10,140.84597778320312
2025-06-11,140.83609008789062
2025-06-12,140.93496704101562
2025-06-13,140.81631469726562
2025-06-16,140.86575317382812
2025-06-17,140.81631469726562
2025-06-18,140.94485473632812
2025-06-19,140.93496704101562
2025-06-20,140.94485473632812
2025-06-23,140.91519165039062
2025-06-24,140.93496704101562
2025-06-25,141.0041961669922
2025-06-26,141.02395629882812
2025-06-27,140.85586547851562
2025-06-30,141.04373168945312
2025-07-01,141.01406860351562
2025-07-02,140.91519165039062
2025-07-03,141.04373168945312
2025-07-04,141.16238403320312
2025-07-07,141.04373168945312
2025-07-08,140.90530395507812
2025-07-09,141.08328247070312
2025-07-10,140.96463012695312
2025-07-11,140.94485473632812
2025-07-14,141.04373168945312
2025-07-15,141.1129608154297
2025-07-16,141.2415008544922
2025-07-17,141.2019500732422
2025-07-18,141.13272094726562
2025-07-21,141.2415008544922
2025-07-22,141.3304901123047
2025-07-23,141.3206024169922
2025-07-24,141.2019500732422
2025-07-25,140.99429321289062
2025-07-28,141.0931854248047
2025-07-29,141.0635223388672
2025-07-30,141.04373168945312
2025-07-31,141.0635223388672
2025-08-01,141.1525115966797
2025-08-04,141.2217254638672
2025-08-05,141.1821746826172
2025-08-06,141.1821746826172
2025-08-07,141.19204711914062
2025-08-08,141.1129608154297
2025-08-11,141.10305786132812
2025-08-12,141.1525115966797
2025-08-13,141.2217254638672
2025-08-14,141.2118377685547
2025-08-18,141.2019500732422
2025-08-19,141.2217254638672
2025-08-20,141.2513885498047
2025-08-21,141.2118377685547
2025-08-22,141.3008270263672
2025-08-25,141.16238403320312
2025-08-26,141.2909393310547
2025-08-27,141.3403778076172
2025-08-28,141.3304901123047
2025-08-29,141.2612762451172
2025-09-01,141.2415008544922
2025-09-02,141.1722869873047
2025-09-03,141.2612762451172
2025-09-04,141.3403778076172
2025-09-05,141.4293670654297
2025-09-08,141.3997039794922
2025-09-09,141.36016845703125
2025-09-10,141.4095916748047
2025-09-11,141.2899932861328
2025-09-12,141.25
2025-09-15,141.2899932861328
2025-09-16,141.35000610351562
2025-09-17,141.33999633789062
2025-09-18,141.36000061035156
2025-09-19,141.36000061035156
2025-09-22,141.3300018310547
2025-09-23,141.3300018310547
2025-09-24,141.38999938964844
2025-09-25,141.2899932861328
2025-09-26,141.35000610351562
2025-09-29,141.36000061035156
2025-09-30,141.41000366210938
2025-10-01,141.36000061035156
2025-10-02,141.3800048828125
2025-10-03,141.4199981689453
2025-10-06,141.4499969482422
2025-10-07,141.41000366210938
2025-10-08,141.5800018310547
2025-10-09,141.5
2025-10-10,141.6999969482422
2025-10-13,141.75
2025-10-14,141.74000549316406
2025-10-15,141.85000610351562
2025-10-16,141.88999938964844
2025-10-17,141.82000732421875
2025-10-20,141.80999755859375
2025-10-21,141.89999389648438
2025-10-22,141.82000732421875
2025-10-23,141.8800048828125
2025-10-27,141.75
2025-10-28,141.77000427246094
2025-10-29,141.75999450683594
2025-10-30,141.77000427246094
2025-10-31,141.8300018310547
2025-11-03,141.8000030517578
2025-11-04,141.7899932861328
2025-11-05,141.75
2025-11-06,141.82000732421875
2025-11-07,141.82000732421875
2025-11-10,141.8000030517578
2025-11-11,141.83999633789062
2025-11-12,141.82000732421875
2025-11-13,141.7899932861328
2025-11-14,141.77000427246094
2025-11-17,141.75999450683594
2025-11-18,141.8000030517578
2025-11-19,141.8000030517578
2025-11-20,141.80999755859375
2025-11-21,141.83999633789062
2025-11-24,141.85000610351562
2025-11-25,141.85000610351562
2025-11-26,141.9499969482422
2025-11-27,141.9600067138672
2025-11-28,141.92999267578125
