,price
2000-01-03,80.1313247680664
2000-01-04,74.6341781616211
2000-01-05,72.73133087158203
2000-01-06,67.7363052368164
2000-01-07,76.11417388916016
2000-01-10,78.22843933105469
2000-01-11,74.4227294921875
2000-01-12,72.78417205810547
2000-01-13,77.1712875366211
2000-01-14,78.96845245361328
2000-01-18,79.39131927490234
2000-01-19,81.18843078613281
2000-01-20,80.39563751220703
2000-01-21,81.3998794555664
2000-01-24,77.48844909667969
2000-01-25,78.65127563476562
2000-01-26,75.47988891601562
2000-01-27,76.5898666381836
2000-01-28,72.73133087158203
2000-01-31,75.84986114501953
2000-02-01,77.88488006591797
2000-02-02,78.54557800292969
2000-02-03,81.61131286621094
2000-02-04,82.16630554199219
2000-02-07,83.30272674560547
2000-02-08,86.79133605957031
2000-02-09,83.72560119628906
2000-02-10,86.47418975830078
2000-02-11,84.46561431884766
2000-02-14,84.35987854003906
2000-02-15,84.96768951416016
2000-02-16,84.5713119506836
2000-02-17,86.3684310913086
2000-02-18,83.24987030029297
2000-02-22,83.51417541503906
2000-02-23,88.16557312011719
2000-02-24,90.06842803955078
2000-02-25,88.00699615478516
2000-02-28,87.95415496826172
2000-02-29,90.27987670898438
2000-03-01,91.01986694335938
2000-03-02,88.91217041015625
2000-03-03,93.92703247070312
2000-03-06,94.66702270507812
2000-03-07,93.23985290527344
2000-03-08,94.08557891845703
2000-03-09,97.25699615478516
2000-03-10,96.83411407470703
2000-03-13,94.2969970703125
2000-03-14,90.80844116210938
2000-03-15,87.00276947021484
2000-03-16,91.97125244140625
2000-03-17,93.71558380126953
2000-03-20,91.07272338867188
2000-03-21,94.5084457397461
2000-03-22,96.41127014160156
2000-03-23,98.1026840209961
2000-03-24,99.42415618896484
2000-03-27,99.58270263671875
2000-03-28,97.0455551147461
2000-03-29,93.02842712402344
2000-03-30,90.70269775390625
2000-03-31,92.60558319091797
2000-04-03,87.05558013916016
2000-04-04,86.20984649658203
2000-04-05,84.67701721191406
2000-04-06,86.68557739257812
2000-04-07,90.17416381835938
2000-04-10,84.67701721191406
2000-04-11,82.66847229003906
2000-04-12,77.80560302734375
2000-04-13,74.4227294921875
2000-04-14,67.97417449951172
2000-04-17,75.79702758789062
2000-04-18,77.80560302734375
2000-04-19,75.42708587646484
2000-04-20,73.78844451904297
2000-04-24,71.67415618896484
2000-04-25,76.51058197021484
2000-04-26,73.89415740966797
2000-04-27,77.1712875366211
2000-04-28,80.1313247680664
2000-05-01,80.87129211425781
2000-05-02,76.21988677978516
2000-05-03,75.3741455078125
2000-05-04,75.53275299072266
2000-05-05,77.32986450195312
2000-05-08,74.3170394897461
2000-05-09,72.73133087158203
2000-05-10,67.44558715820312
2000-05-11,71.56846618652344
2000-05-12,71.56846618652344
2000-05-15,74.68704986572266
2000-05-16,76.80130767822266
2000-05-17,75.21563720703125
2000-05-18,72.51991271972656
2000-05-19,69.08419799804688
2000-05-22,69.03132629394531
2000-05-23,63.26992416381836
2000-05-24,67.23419189453125
2000-05-25,65.75419616699219
2000-05-26,65.75419616699219
2000-05-30,72.36133575439453
2000-05-31,70.29986572265625
2000-06-01,73.89415740966797
2000-06-02,79.17990112304688
2000-06-05,79.37809753417969
2000-06-06,77.1712875366211
2000-06-07,79.23274230957031
2000-06-08,78.86271667480469
2000-06-09,79.28559875488281
2000-06-12,76.74842071533203
2000-06-13,79.7084732055664
2000-06-14,77.91130065917969
2000-06-15,79.28559875488281
2000-06-16,79.7084732055664
2000-06-19,82.87986755371094
2000-06-20,82.56272888183594
2000-06-21,83.61988830566406
2000-06-22,80.55415344238281
2000-06-23,77.3827133178711
2000-06-26,79.49700927734375
2000-06-27,78.54557800292969
2000-06-28,79.49700927734375
2000-06-29,77.50166320800781
2000-06-30,79.0213394165039
2000-07-03,80.55415344238281
2000-07-05,77.43559265136719
2000-07-06,79.49700927734375
2000-07-07,81.13556671142578
2000-07-10,79.90666961669922
2000-07-11,80.34273529052734
2000-07-12,82.24559020996094
2000-07-13,83.30272674560547
2000-07-14,85.09982299804688
2000-07-17,86.05128479003906
2000-07-18,84.1484603881836
2000-07-19,82.24559020996094
2000-07-20,84.88843536376953
2000-07-21,82.03414916992188
2000-07-24,80.34273529052734
2000-07-25,80.97696685791016
2000-07-26,80.87129211425781
2000-07-27,77.69989776611328
2000-07-28,73.47126770019531
2000-07-31,75.63845825195312
2000-08-01,74.6341781616211
2000-08-02,73.31273651123047
2000-08-03,76.48416137695312
2000-08-04,76.21988677978516
2000-08-07,78.01701354980469
2000-08-08,79.60274505615234
2000-08-09,77.48844909667969
2000-08-10,75.95559692382812
2000-08-11,77.01274871826172
2000-08-14,78.65127563476562
2000-08-15,78.65127563476562
2000-08-16,79.44414520263672
2000-08-17,80.97696685791016
2000-08-18,80.55415344238281
2000-08-21,80.7656021118164
2000-08-22,80.7656021118164
2000-08-23,82.08700561523438
2000-08-24,83.3555679321289
2000-08-25,82.9062728881836
2000-08-28,83.30272674560547
2000-08-29,83.72560119628906
2000-08-30,83.61988830566406
2000-08-31,85.945556640625
2000-09-01,86.79133605957031
2000-09-05,84.1484603881836
2000-09-06,81.18843078613281
2000-09-07,82.98561096191406
2000-09-08,80.44844055175781
2000-09-11,78.49271392822266
2000-09-12,77.27701568603516
2000-09-13,79.07420349121094
2000-09-14,78.65127563476562
2000-09-15,77.22415924072266
2000-09-18,76.00845336914062
2000-09-19,78.80986785888672
2000-09-20,80.02558898925781
2000-09-21,74.21134948730469
2000-09-22,78.59846496582031
2000-09-25,76.51058197021484
2000-09-26,75.63845825195312
2000-09-27,75.74419403076172
2000-09-28,77.43559265136719
2000-09-29,75.05702209472656
2000-10-02,73.36561584472656
2000-10-03,71.03990173339844
2000-10-04,72.41417694091797
2000-10-05,72.62562561035156
2000-10-06,70.19415283203125
2000-10-09,69.87700653076172
2000-10-10,66.22988891601562
2000-10-11,65.1727523803711
2000-10-12,63.534175872802734
2000-10-13,68.71420288085938
2000-10-16,69.34849548339844
2000-10-17,66.17705535888672
2000-10-18,65.96561431884766
2000-10-19,71.93846893310547
2000-10-20,72.99559783935547
2000-10-23,72.88990020751953
2000-10-24,69.77132415771484
2000-10-25,65.85990905761719
2000-10-26,67.55130767822266
2000-10-27,67.419189453125
2000-10-30,64.9217300415039
2000-10-31,69.09738159179688
2000-11-01,68.50273895263672
2000-11-02,69.34849548339844
2000-11-03,70.24701690673828
2000-11-06,69.71844482421875
2000-11-07,69.45419311523438
2000-11-08,64.02307891845703
2000-11-09,64.00989532470703
2000-11-10,60.67991256713867
2000-11-13,60.77241134643555
2000-11-14,64.14202880859375
2000-11-15,65.43706512451172
2000-11-16,61.63129806518555
2000-11-17,61.591712951660156
2000-11-20,59.08100128173828
2000-11-21,58.988460540771484
2000-11-22,56.345619201660156
2000-11-24,59.569889068603516
2000-11-27,58.8299446105957
2000-11-28,55.35454177856445
2000-11-29,53.227054595947266
2000-11-30,53.26669692993164
2000-12-01,54.125640869140625
2000-12-04,54.9713249206543
2000-12-05,59.78133010864258
2000-12-06,57.50850296020508
2000-12-07,56.23988723754883
2000-12-08,57.50850296020508
2000-12-11,62.89992904663086
2000-12-12,60.60063171386719
2000-12-13,58.12957763671875
2000-12-14,55.28847885131836
2000-12-15,54.01990509033203
2000-12-18,54.125640869140625
2000-12-19,50.00275421142578
2000-12-20,47.13528060913086
2000-12-21,47.412776947021484
2000-12-22,51.1656379699707
2000-12-26,51.48278045654297
2000-12-27,52.064205169677734
2000-12-28,51.958499908447266
2000-12-29,49.368499755859375
2001-01-02,45.19277572631836
2001-01-03,52.80419921875
2001-01-04,51.852783203125
2001-01-05,47.88850784301758
2001-01-08,48.417057037353516
2001-01-09,48.417057037353516
2001-01-10,50.90135955810547
2001-01-11,52.38134765625
2001-01-12,53.05527877807617
2001-01-16,52.42098617553711
2001-01-17,54.01990509033203
2001-01-18,56.29277801513672
2001-01-19,56.081336975097656
2001-01-22,56.13418960571289
2001-01-23,57.31027603149414
2001-01-24,56.76851272583008
2001-01-25,54.548519134521484
2001-01-26,55.43385696411133
2001-01-29,56.66278839111328
2001-01-30,56.45133590698242
2001-01-31,54.379337310791016
2001-02-01,55.09820556640625
2001-02-02,52.05362319946289
2001-02-05,52.011348724365234
2001-02-06,52.09592056274414
2001-02-07,51.250179290771484
2001-02-08,49.719482421875
2001-02-09,47.6982307434082
2001-02-12,48.273284912109375
2001-02-13,46.72563552856445
2001-02-14,48.586212158203125
2001-02-15,49.3896484375
2001-02-16,46.6241569519043
2001-02-20,44.81435012817383
2001-02-21,43.55421829223633
2001-02-22,43.13136672973633
2001-02-23,43.283599853515625
2001-02-26,44.10392379760742
2001-02-27,41.43993377685547
2001-02-28,40.12908172607422
2001-03-01,41.270782470703125
2001-03-02,39.49480438232422
2001-03-05,40.213661193847656
2001-03-06,41.77823257446289
2001-03-07,41.795127868652344
2001-03-08,41.01707458496094
2001-03-09,38.14165496826172
2001-03-12,35.77365493774414
2001-03-13,37.591922760009766
2001-03-14,36.99993896484375
2001-03-15,35.646785736083984
2001-03-16,34.84336853027344
2001-03-19,36.585533142089844
2001-03-20,34.12451934814453
2001-03-21,34.12451934814453
2001-03-22,36.19652557373047
2001-03-23,36.19652557373047
2001-03-26,35.3592643737793
2001-03-27,36.577083587646484
2001-03-28,33.57479476928711
2001-03-29,32.94051742553711
2001-03-30,33.10968017578125
2001-04-02,31.62968635559082
2001-04-03,29.312410354614258
2001-04-04,28.79653549194336
2001-04-05,31.553560256958008
2001-04-06,30.40339469909668
2001-04-09,31.333663940429688
2001-04-10,33.65937423706055
2001-04-11,34.67424774169922
2001-04-12,36.19652557373047
2001-04-16,34.03996658325195
2001-04-17,34.88566207885742
2001-04-18,38.5222282409668
2001-04-19,40.847938537597656
2001-04-20,40.9325065612793
2001-04-23,38.183921813964844
2001-04-24,37.46508026123047
2001-04-25,38.14165496826172
2001-04-26,37.169105529785156
2001-04-27,38.183921813964844
2001-04-30,39.029666900634766
2001-05-01,40.636512756347656
2001-05-02,41.42302703857422
2001-05-03,39.579368591308594
2001-05-04,40.76338577270508
2001-05-07,39.91764450073242
2001-05-08,40.76338577270508
2001-05-09,39.3679313659668
2001-05-10,38.708282470703125
2001-05-11,38.5222282409668
2001-05-14,37.90485382080078
2001-05-15,38.183921813964844
2001-05-16,39.8753662109375
2001-05-17,40.50965118408203
2001-05-18,40.62804412841797
2001-05-21,43.17366027832031
2001-05-22,43.04679489135742
2001-05-23,41.14393997192383
2001-05-24,42.201072692871094
2001-05-25,41.431480407714844
2001-05-29,39.00429153442383
2001-05-30,37.57503128051758
2001-05-31,37.82874298095703
2001-06-01,38.94507598876953
2001-06-04,38.75902557373047
2001-06-05,40.46736145019531
2001-06-06,40.15443801879883
2001-06-07,41.186214447021484
2001-06-08,40.04451370239258
2001-06-11,38.94507598876953
2001-06-12,38.73366165161133
2001-06-13,37.6765251159668
2001-06-14,35.73138427734375
2001-06-15,36.02737045288086
2001-06-18,35.54530715942383
2001-06-19,35.36771011352539
2001-06-20,36.17115020751953
2001-06-21,36.661643981933594
2001-06-22,36.577083587646484
2001-06-25,36.67011642456055
2001-06-26,36.79698944091797
2001-06-27,37.033782958984375
2001-06-28,37.50736618041992
2001-06-29,38.649078369140625
2001-07-02,38.437660217285156
2001-07-03,38.59834671020508
2001-07-05,36.7462272644043
2001-07-06,35.22395324707031
2001-07-09,35.528411865234375
2001-07-10,34.25136947631836
2001-07-11,34.67424774169922
2001-07-12,36.87308120727539
2001-07-13,36.49251937866211
2001-07-16,35.81594467163086
2001-07-17,36.61936950683594
2001-07-18,35.22395324707031
2001-07-19,36.06120300292969
2001-07-20,35.22395324707031
2001-07-23,34.34440612792969
2001-07-24,33.95539093017578
2001-07-25,34.25136947631836
2001-07-26,34.75880813598633
2001-07-27,35.477657318115234
2001-07-30,35.26622772216797
2001-07-31,35.31696701049805
2001-08-01,36.45024108886719
2001-08-02,37.135276794433594
2001-08-03,36.51790237426758
2001-08-06,35.94279479980469
2001-08-07,35.75675964355469
2001-08-08,34.25136947631836
2001-08-09,34.3951530456543
2001-08-10,34.0652961730957
2001-08-13,34.75880813598633
2001-08-14,34.335941314697266
2001-08-15,33.06737518310547
2001-08-16,33.4564094543457
2001-08-17,31.934123992919922
2001-08-20,32.373905181884766
2001-08-21,31.029224395751953
2001-08-22,31.874923706054688
2001-08-23,31.562007904052734
2001-08-24,33.236515045166016
2001-08-27,33.278812408447266
2001-08-28,32.238582611083984
2001-08-29,31.764982223510742
2001-08-30,30.58944320678711
2001-08-31,30.978464126586914
2001-09-04,29.997434616088867
2001-09-05,29.8790340423584
2001-09-06,28.669679641723633
2001-09-07,28.50054359436035
2001-09-10,28.83881378173828
2001-09-17,26.386240005493164
2001-09-18,25.79424285888672
2001-09-19,25.346012115478516
2001-09-20,24.500307083129883
2001-09-21,23.84065055847168
2001-09-24,25.041563034057617
2001-09-25,25.117677688598633
2001-09-26,24.246591567993164
2001-09-27,24.085901260375977
2001-09-28,24.508760452270508
2001-10-01,24.297334671020508
2001-10-02,24.373451232910156
2001-10-03,26.21710777282715
2001-10-04,26.47081184387207
2001-10-05,26.859840393066406
2001-10-08,26.944419860839844
2001-10-09,26.293224334716797
2001-10-10,27.48566246032715
2001-10-11,29.346250534057617
2001-10-12,29.219377517700195
2001-10-15,29.092527389526367
2001-10-16,29.56612205505371
2001-10-17,27.443387985229492
2001-10-18,28.1876163482666
2001-10-19,28.373668670654297
2001-10-22,29.13482093811035
2001-10-23,29.28704261779785
2001-10-24,29.921323776245117
2001-10-25,31.12223243713379
2001-10-26,30.454113006591797
2001-10-29,28.788066864013672
2001-10-30,28.22991371154785
2001-10-31,28.669679641723633
2001-11-01,29.887502670288086
2001-11-02,30.10739517211914
2001-11-05,31.088409423828125
2001-11-06,32.297767639160156
2001-11-07,32.2554817199707
2001-11-08,31.9256534576416
2001-11-09,31.908733367919922
2001-11-12,32.137081146240234
2001-11-13,33.28728103637695
2001-11-14,33.524078369140625
2001-11-15,33.388755798339844
2001-11-16,33.29570770263672
2001-11-19,34.242923736572266
2001-11-20,32.661434173583984
2001-11-21,32.492305755615234
2001-11-23,33.2196044921875
2001-11-26,34.03996658325195
2001-11-27,33.99764633178711
2001-11-28,32.7713623046875
2001-11-29,33.78623962402344
2001-11-30,33.53252029418945
2001-12-03,32.95744323730469
2001-12-04,34.53048324584961
2001-12-05,36.23880386352539
2001-12-06,36.28954315185547
2001-12-07,35.291587829589844
2001-12-10,34.67424774169922
2001-12-11,34.868743896484375
2001-12-12,35.14784240722656
2001-12-13,33.62554931640625
2001-12-14,33.92155838012695
2001-12-17,34.50508499145508
2001-12-18,34.89411926269531
2001-12-19,34.259830474853516
2001-12-20,32.80521011352539
2001-12-21,33.388755798339844
2001-12-24,33.25344467163086
2001-12-26,33.56635284423828
2001-12-27,33.83696746826172
2001-12-28,34.10759735107422
2001-12-31,32.90669250488281
2002-01-02,33.92155838012695
2002-01-03,35.097076416015625
2002-01-04,35.24086380004883
2002-01-07,34.85182571411133
2002-01-08,35.08863830566406
2002-01-09,34.76728057861328
2002-01-10,34.995609283447266
2002-01-11,34.54737091064453
2002-01-14,33.79469680786133
2002-01-15,34.11607360839844
2002-01-16,32.79673767089844
2002-01-17,33.53252029418945
2002-01-18,32.63605880737305
2002-01-22,31.62968635559082
2002-01-23,32.500755310058594
2002-01-24,32.932064056396484
2002-01-25,32.839046478271484
2002-01-28,33.02508544921875
2002-01-29,32.120182037353516
2002-01-30,32.36545181274414
2002-01-31,32.56841278076172
2002-02-01,32.2554817199707
2002-02-04,31.223730087280273
2002-02-05,30.707841873168945
2002-02-06,30.496410369873047
2002-02-07,29.760637283325195
2002-02-08,30.58944320678711
2002-02-11,30.978464126586914
2002-02-12,30.724761962890625
2002-02-13,31.249095916748047
2002-02-14,31.189882278442383
2002-02-15,30.259601593017578
2002-02-19,29.32932472229004
2002-02-20,29.726810455322266
2002-02-21,28.31447410583496
2002-02-22,28.458248138427734
2002-02-25,29.60840606689453
2002-02-26,29.49846649169922
2002-02-27,29.092527389526367
2002-02-28,28.56817626953125
2002-03-01,30.225791931152344
2002-03-04,31.418237686157227
2002-03-05,31.646568298339844
2002-03-06,31.798797607421875
2002-03-07,31.866470336914062
2002-03-08,32.70371627807617
2002-03-11,32.585323333740234
2002-03-12,32.137081146240234
2002-03-13,31.359052658081055
2002-03-14,31.1729736328125
2002-03-15,31.485885620117188
2002-03-18,31.663475036621094
2002-03-19,31.612756729125977
2002-03-20,30.496410369873047
2002-03-21,31.30829620361328
2002-03-22,31.02074432373047
2002-03-25,30.073551177978516
2002-03-26,30.352638244628906
2002-03-27,30.115842819213867
2002-03-28,30.496410369873047
2002-04-01,31.0799560546875
2002-04-02,29.676071166992188
2002-04-03,29.625324249267578
2002-04-04,29.39698028564453
2002-04-05,29.06714630126953
2002-04-08,29.43081283569336
2002-04-09,28.407508850097656
2002-04-10,28.61893653869629
2002-04-11,27.90852165222168
2002-04-12,28.348291397094727
2002-04-15,28.576650619506836
2002-04-16,29.769107818603516
2002-04-17,29.61686897277832
2002-04-18,29.050235748291016
2002-04-19,29.143259048461914
2002-04-22,28.407508850097656
2002-04-23,27.916988372802734
2002-04-24,27.48566246032715
2002-04-25,27.418012619018555
2002-04-26,26.25094223022461
2002-04-29,26.318588256835938
2002-04-30,26.8344783782959
2002-05-01,26.690698623657227
2002-05-02,25.80270004272461
2002-05-03,25.15150260925293
2002-05-06,24.500307083129883
2002-05-07,24.27196502685547
2002-05-08,26.868295669555664
2002-05-09,26.17481803894043
2002-05-10,24.99927520751953
2002-05-13,26.01413917541504
2002-05-14,27.54487419128418
2002-05-15,27.74784278869629
2002-05-16,27.790132522583008
2002-05-17,27.849321365356445
2002-05-20,27.24041175842285
2002-05-21,26.49619483947754
2002-05-22,26.555395126342773
2002-05-23,27.088186264038086
2002-05-24,26.420080184936523
2002-05-28,26.301677703857422
2002-05-29,25.608190536499023
2002-05-30,25.82807731628418
2002-05-31,25.40521240234375
2002-06-03,24.508760452270508
2002-06-04,24.830129623413086
2002-06-05,25.08384132385254
2002-06-06,24.424192428588867
2002-06-07,23.933683395385742
2002-06-10,23.89138412475586
2002-06-11,23.22327995300293
2002-06-12,23.561565399169922
2002-06-13,23.409339904785156
2002-06-14,23.358591079711914
2002-06-17,24.153564453125
2002-06-18,24.542593002319336
2002-06-19,23.12178611755371
2002-06-20,22.377565383911133
2002-06-21,21.8363037109375
2002-06-24,22.267629623413086
2002-06-25,21.5318546295166
2002-06-26,21.692537307739258
2002-06-27,22.1661319732666
2002-06-28,22.07309913635254
2002-07-01,21.015966415405273
2002-07-02,20.254825592041016
2002-07-03,20.931400299072266
2002-07-05,22.276081085205078
2002-07-08,21.46419334411621
2002-07-09,20.85528564453125
2002-07-10,20.21253776550293
2002-07-11,20.97368621826172
2002-07-12,20.97368621826172
2002-07-15,21.624879837036133
2002-07-16,21.30351448059082
2002-07-17,21.692537307739258
2002-07-18,20.914478302001953
2002-07-19,20.288660049438477
2002-07-22,19.789684295654297
2002-07-23,18.943965911865234
2002-07-24,19.975740432739258
2002-07-25,18.817115783691406
2002-07-26,19.17230987548828
2002-07-29,20.153343200683594
2002-07-30,20.559276580810547
2002-07-31,20.170249938964844
2002-08-01,19.22305679321289
2002-08-02,18.817115783691406
2002-08-05,18.132091522216797
2002-08-06,19.02854347229004
2002-08-07,19.282255172729492
2002-08-08,19.933452606201172
2002-08-09,19.730484008789062
2002-08-12,19.789684295654297
2002-08-13,19.113113403320312
2002-08-14,20.330944061279297
2002-08-15,20.745346069335938
2002-08-16,20.889116287231445
2002-08-19,21.396533966064453
2002-08-20,21.30351448059082
2002-08-21,21.777109146118164
2002-08-22,22.12384605407715
2002-08-23,21.269678115844727
2002-08-26,21.3542537689209
2002-08-27,20.61003303527832
2002-08-28,19.857332229614258
2002-08-29,20.119518280029297
2002-08-30,19.86579132080078
2002-09-03,19.14694595336914
2002-09-04,19.22305679321289
2002-09-05,18.749454498291016
2002-09-06,19.324539184570312
2002-09-09,19.519052505493164
2002-09-10,20.00111198425293
2002-09-11,19.83197021484375
2002-09-12,19.29071617126465
2002-09-13,19.442935943603516
2002-09-16,19.163856506347656
2002-09-17,18.75791358947754
2002-09-18,18.546491622924805
2002-09-19,18.25048828125
2002-09-20,18.32659912109375
2002-09-23,17.776884078979492
2002-09-24,17.785348892211914
2002-09-25,18.495744705200195
2002-09-26,18.26739501953125
2002-09-27,18.02215003967285
2002-09-30,17.52317237854004
2002-10-01,18.58877944946289
2002-10-02,17.971397399902344
2002-10-03,17.540090560913086
2002-10-04,17.210264205932617
2002-10-07,17.049577713012695
2002-10-08,17.083404541015625
2002-10-09,16.965002059936523
2002-10-10,17.827638626098633
2002-10-11,18.791738510131836
2002-10-14,19.011625289916992
2002-10-15,19.924999237060547
2002-10-16,19.265344619750977
2002-10-17,19.916540145874023
2002-10-18,20.13642120361328
2002-10-21,20.54237174987793
2002-10-22,20.415512084960938
2002-10-23,20.80453872680664
2002-10-24,20.280197143554688
2002-10-25,20.889116287231445
2002-10-28,20.71151351928711
2002-10-29,20.229454040527344
2002-10-30,20.770713806152344
2002-10-31,20.76225471496582
2002-11-01,21.3542537689209
2002-11-04,21.90397071838379
2002-11-05,22.07309913635254
2002-11-06,22.38602638244629
2002-11-07,21.599510192871094
2002-11-08,21.202028274536133
2002-11-11,20.559276580810547
2002-11-12,21.0836238861084
2002-11-13,21.33733367919922
2002-11-14,22.07309913635254
2002-11-15,22.360658645629883
2002-11-18,22.030818939208984
2002-11-19,21.692537307739258
2002-11-20,22.614362716674805
2002-11-21,23.451627731323242
2002-11-22,23.443157196044922
2002-11-25,23.671506881713867
2002-11-26,22.87653923034668
2002-11-27,23.603851318359375
2002-11-29,23.443157196044922
2002-12-02,23.679967880249023
2002-12-03,22.9780216217041
2002-12-04,22.470590591430664
2002-12-05,22.157669067382812
2002-12-06,22.38602638244629
2002-12-09,21.328876495361328
2002-12-10,21.65024757385254
2002-12-11,21.751739501953125
2002-12-12,21.87013816833496
2002-12-13,21.176651000976562
2002-12-16,21.86167335510254
2002-12-17,21.929338455200195
2002-12-18,21.46419334411621
2002-12-19,21.19356346130371
2002-12-20,21.413461685180664
2002-12-23,21.709457397460938
2002-12-24,21.43882179260254
2002-12-26,21.3796329498291
2002-12-27,20.990604400634766
2002-12-30,20.829912185668945
2002-12-31,20.61003303527832
2003-01-02,21.481101989746094
2003-01-03,21.717912673950195
2003-01-06,22.259164810180664
2003-01-07,22.53826141357422
2003-01-08,21.90397071838379
2003-01-09,22.580541610717773
2003-01-10,22.91881561279297
2003-01-13,22.78350830078125
2003-01-14,22.90190887451172
2003-01-15,22.614362716674805
2003-01-16,22.360658645629883
2003-01-17,21.405000686645508
2003-01-21,21.168201446533203
2003-01-22,21.0836238861084
2003-01-23,21.574138641357422
2003-01-24,20.990604400634766
2003-01-27,20.745346069335938
2003-01-28,20.956762313842773
2003-01-29,21.269678115844727
2003-01-30,20.719966888427734
2003-01-31,20.66922950744629
2003-02-03,20.71151351928711
2003-02-04,20.45779800415039
2003-02-05,20.364770889282227
2003-02-06,20.47471809387207
2003-02-07,20.13642120361328
2003-02-10,20.314022064208984
2003-02-11,20.423969268798828
2003-02-12,20.144887924194336
2003-02-13,20.246366500854492
2003-02-14,20.71151351928711
2003-02-18,21.3542537689209
2003-02-19,21.210487365722656
2003-02-20,21.12591552734375
2003-02-21,21.286596298217773
2003-02-24,20.922941207885742
2003-02-25,20.948312759399414
2003-02-26,20.483163833618164
2003-02-27,20.948312759399414
2003-02-28,21.278135299682617
2003-03-03,20.846820831298828
2003-03-04,20.719966888427734
2003-03-05,20.76225471496582
2003-03-06,20.71151351928711
2003-03-07,20.753803253173828
2003-03-10,20.305564880371094
2003-03-11,20.12796401977539
2003-03-12,20.491622924804688
2003-03-13,21.66716766357422
2003-03-14,21.751739501953125
2003-03-17,22.495973587036133
2003-03-18,22.775047302246094
2003-03-19,22.580541610717773
2003-03-20,22.66511344909668
2003-03-21,22.9780216217041
2003-03-24,22.02237319946289
2003-03-25,22.335281372070312
2003-03-26,22.462127685546875
2003-03-27,22.30144691467285
2003-03-28,22.056209564208984
2003-03-31,21.3542537689209
2003-04-01,21.52339744567871
2003-04-02,22.115392684936523
2003-04-03,22.394474029541016
2003-04-04,22.030818939208984
2003-04-07,22.064655303955078
2003-04-08,22.039287567138672
2003-04-09,21.5318546295166
2003-04-10,21.794031143188477
2003-04-11,21.574138641357422
2003-04-14,22.013912200927734
2003-04-15,22.225341796875
2003-04-16,22.174592971801758
2003-04-17,22.682018280029297
2003-04-21,22.7665958404541
2003-04-22,23.19790267944336
2003-04-23,23.367050170898438
2003-04-24,23.24019432067871
2003-04-25,22.791963577270508
2003-04-28,23.24019432067871
2003-04-29,23.451627731323242
2003-04-30,23.214824676513672
2003-05-01,23.417795181274414
2003-05-02,23.916759490966797
2003-05-05,23.89138412475586
2003-05-06,24.19585418701172
2003-05-07,23.92522621154785
2003-05-08,23.485454559326172
2003-05-09,24.026700973510742
2003-05-12,24.390365600585938
2003-05-13,24.238126754760742
2003-05-14,24.18738555908203
2003-05-15,24.458023071289062
2003-05-16,24.27196502685547
2003-05-19,23.417795181274414
2003-05-20,23.485454559326172
2003-05-21,23.417795181274414
2003-05-22,23.75607681274414
2003-05-23,23.764528274536133
2003-05-27,24.610254287719727
2003-05-28,24.686368942260742
2003-05-29,24.787843704223633
2003-05-30,25.19378662109375
2003-06-02,25.01618766784668
2003-06-03,25.25299644470215
2003-06-04,25.726593017578125
2003-06-05,25.912643432617188
2003-06-06,25.481327056884766
2003-06-09,25.143043518066406
2003-06-10,25.523616790771484
2003-06-11,25.81116485595703
2003-06-12,25.921106338500977
2003-06-13,25.337570190429688
2003-06-16,26.115619659423828
2003-06-17,26.01413917541504
2003-06-18,26.149438858032227
2003-06-19,25.726593017578125
2003-06-20,25.692768096923828
2003-06-23,25.29528045654297
2003-06-24,25.100753784179688
2003-06-25,24.965444564819336
2003-06-26,25.55744743347168
2003-06-27,25.227617263793945
2003-06-30,25.329111099243164
2003-07-01,25.667396545410156
2003-07-02,26.191726684570312
2003-07-03,25.861909866333008
2003-07-07,26.969783782958984
2003-07-08,27.29961585998535
2003-07-09,27.231964111328125
2003-07-10,26.72452735900879
2003-07-11,26.927494049072266
2003-07-14,27.248868942260742
2003-07-15,27.282697677612305
2003-07-16,27.19812774658203
2003-07-17,26.36933135986328
2003-07-18,26.453899383544922
2003-07-21,26.115619659423828
2003-07-22,26.504642486572266
2003-07-23,26.72452735900879
2003-07-24,26.36933135986328
2003-07-25,26.893672943115234
2003-07-28,26.969783782958984
2003-07-29,26.766815185546875
2003-07-30,26.57230567932129
2003-07-31,26.893672943115234
2003-08-01,26.606122970581055
2003-08-04,26.59767723083496
2003-08-05,25.548994064331055
2003-08-06,25.532073974609375
2003-08-07,25.63356590270996
2003-08-08,25.430591583251953
2003-08-11,25.709674835205078
2003-08-12,26.098695755004883
2003-08-13,26.107162475585938
2003-08-14,26.13253402709961
2003-08-15,26.36087989807129
2003-08-18,27.037450790405273
2003-08-19,27.375728607177734
2003-08-20,27.308076858520508
2003-08-21,27.604068756103516
2003-08-22,27.434934616088867
2003-08-25,27.494123458862305
2003-08-26,27.519502639770508
2003-08-27,27.739383697509766
2003-08-28,27.984636306762695
2003-08-29,28.238359451293945
2003-09-02,28.644296646118164
2003-09-03,28.627384185791016
2003-09-04,28.889564514160156
2003-09-05,28.703495025634766
2003-09-08,29.177091598510742
2003-09-09,28.830358505249023
2003-09-10,28.13687515258789
2003-09-11,28.44978141784668
2003-09-12,28.602008819580078
2003-09-15,28.322933197021484
2003-09-16,29.092527389526367
2003-09-17,28.974123001098633
2003-09-18,29.413890838623047
2003-09-19,29.24476432800293
2003-09-22,28.686580657958984
2003-09-23,29.19400978088379
2003-09-24,28.09458351135254
2003-09-25,27.730920791625977
2003-09-26,27.5533390045166
2003-09-29,28.026920318603516
2003-09-30,27.418012619018555
2003-10-01,28.035388946533203
2003-10-02,28.128402709960938
2003-10-03,28.914932250976562
2003-10-06,29.126346588134766
2003-10-07,29.303956985473633
2003-10-08,29.117887496948242
2003-10-09,29.33778190612793
2003-10-10,29.60840606689453
2003-10-13,29.802928924560547
2003-10-14,29.8790340423584
2003-10-15,29.752187728881836
2003-10-16,29.988996505737305
2003-10-17,29.2701416015625
2003-10-20,29.633787155151367
2003-10-21,29.811378479003906
2003-10-22,29.23629379272461
2003-10-23,28.898008346557617
2003-10-24,28.923389434814453
2003-10-27,28.931835174560547
2003-10-28,29.90441131591797
2003-10-29,29.870594024658203
2003-10-30,29.929786682128906
2003-10-31,29.752187728881836
2003-11-03,30.24270248413086
2003-11-04,30.039716720581055
2003-11-05,30.310344696044922
2003-11-06,30.394926071166992
2003-11-07,30.13274574279785
2003-11-10,29.760637283325195
2003-11-11,29.650707244873047
2003-11-12,30.284984588623047
2003-11-13,30.25115394592285
2003-11-14,29.633787155151367
2003-11-17,29.32932472229004
2003-11-18,28.652759552001953
2003-11-19,28.931835174560547
2003-11-20,28.652759552001953
2003-11-21,28.948740005493164
2003-11-24,29.752187728881836
2003-11-25,29.752187728881836
2003-11-26,29.887502670288086
2003-11-28,29.921323776245117
2003-12-01,30.361099243164062
2003-12-02,30.19196319580078
2003-12-03,29.811378479003906
2003-12-04,30.13274574279785
2003-12-05,29.633787155151367
2003-12-08,29.802928924560547
2003-12-09,29.117887496948242
2003-12-10,29.22784996032715
2003-12-11,29.85365867614746
2003-12-12,29.802928924560547
2003-12-15,29.413890838623047
2003-12-16,29.47309112548828
2003-12-17,29.523845672607422
2003-12-18,30.073551177978516
2003-12-19,29.988996505737305
2003-12-22,30.08200454711914
2003-12-23,30.310344696044922
2003-12-24,30.372966766357422
2003-12-26,30.330644607543945
2003-12-29,30.829822540283203
2003-12-30,30.931354522705078
2003-12-31,30.846736907958984
2004-01-02,30.76215362548828
2004-01-05,31.379751205444336
2004-01-06,31.591262817382812
2004-01-07,31.878931045532227
2004-01-08,32.13273620605469
2004-01-09,31.921218872070312
2004-01-12,32.428855895996094
2004-01-13,32.10733413696289
2004-01-14,32.217350006103516
2004-01-15,32.30195617675781
2004-01-16,32.63188934326172
2004-01-20,32.606529235839844
2004-01-21,32.47114562988281
2004-01-22,32.27656555175781
2004-01-23,32.158111572265625
2004-01-26,32.6488151550293
2004-01-27,31.929672241210938
2004-01-28,31.388212203979492
2004-01-29,31.50666618347168
2004-01-30,31.362838745117188
2004-02-02,31.278226852416992
2004-02-03,31.244394302368164
2004-02-04,30.73676872253418
2004-02-05,30.85520362854004
2004-02-06,31.413602828979492
2004-02-09,31.405132293701172
2004-02-10,31.45590591430664
2004-02-11,31.7943058013916
2004-02-12,31.515106201171875
2004-02-13,31.252832412719727
2004-02-17,31.675859451293945
2004-02-18,31.768932342529297
2004-02-19,31.28668785095215
2004-02-20,31.185155868530273
2004-02-23,30.83827781677246
2004-02-24,30.76215362548828
2004-02-25,30.94826889038086
2004-02-26,31.0244083404541
2004-02-27,30.939804077148438
2004-03-01,31.345905303955078
2004-03-02,30.982118606567383
2004-03-03,30.81290626525879
2004-03-04,31.10055923461914
2004-03-05,30.990568161010742
2004-03-08,30.26297950744629
2004-03-09,30.169904708862305
2004-03-10,29.77227210998535
2004-03-11,29.50153923034668
2004-03-12,30.04300308227539
2004-03-15,29.518457412719727
2004-03-16,29.569210052490234
2004-03-17,30.034542083740234
2004-03-18,29.8991756439209
2004-03-19,29.400009155273438
2004-03-22,29.027755737304688
2004-03-23,28.790870666503906
2004-03-24,29.120820999145508
2004-03-25,29.8991756439209
2004-03-26,29.797651290893555
2004-03-29,30.27989959716797
2004-03-30,30.381418228149414
2004-03-31,30.32219886779785
2004-04-01,30.592920303344727
2004-04-02,31.388212203979492
2004-04-05,31.684345245361328
2004-04-06,31.28668785095215
2004-04-07,31.252832412719727
2004-04-08,31.252832412719727
2004-04-12,31.447431564331055
2004-04-13,30.990568161010742
2004-04-14,31.14286994934082
2004-04-15,30.584470748901367
2004-04-16,30.533716201782227
2004-04-19,30.90597152709961
2004-04-20,30.186824798583984
2004-04-21,30.4491024017334
2004-04-22,31.23592758178711
2004-04-23,31.481279373168945
2004-04-26,31.252832412719727
2004-04-27,31.193628311157227
2004-04-28,30.62676239013672
2004-04-29,30.15298080444336
2004-04-30,29.416942596435547
2004-05-03,29.696125030517578
2004-05-04,29.823030471801758
2004-05-05,30.059925079345703
2004-05-06,29.831485748291016
2004-05-07,29.586130142211914
2004-05-10,29.33232879638672
2004-05-11,29.77227210998535
2004-05-12,29.831485748291016
2004-05-13,29.619972229003906
2004-05-14,29.400009155273438
2004-05-17,29.120820999145508
2004-05-18,29.383089065551758
2004-05-19,29.3492488861084
2004-05-20,29.484609603881836
2004-05-21,29.628446578979492
2004-05-24,29.831485748291016
2004-05-25,30.423721313476562
2004-05-26,30.61832618713379
2004-05-27,30.81290626525879
2004-05-28,30.922901153564453
2004-06-01,30.880592346191406
2004-06-02,30.81290626525879
2004-06-03,30.440637588500977
2004-06-04,30.61832618713379
2004-06-07,31.345905303955078
2004-06-08,31.388212203979492
2004-06-09,30.94826889038086
2004-06-10,31.16823387145996
2004-06-14,30.72831153869629
2004-06-15,31.125947952270508
2004-06-16,31.07517433166504
2004-06-17,30.787513732910156
2004-06-18,30.829822540283203
2004-06-21,30.584470748901367
2004-06-22,31.032867431640625
2004-06-23,31.405132293701172
2004-06-24,31.345905303955078
2004-06-25,31.582799911499023
2004-06-28,31.32053565979004
2004-06-29,31.616662979125977
2004-06-30,31.929672241210938
2004-07-01,31.337461471557617
2004-07-02,31.15131378173828
2004-07-06,30.482954025268555
2004-07-07,30.54216766357422
2004-07-08,30.20376968383789
2004-07-09,30.24605369567871
2004-07-12,30.11916160583496
2004-07-13,30.076841354370117
2004-07-14,29.77227210998535
2004-07-15,29.670747756958008
2004-07-16,29.33232879638672
2004-07-19,29.27311134338379
2004-07-20,29.975324630737305
2004-07-21,29.103893280029297
2004-07-22,29.50153923034668
2004-07-23,28.943145751953125
2004-07-26,28.816246032714844
2004-07-27,29.213884353637695
2004-07-28,29.086978912353516
2004-07-29,29.425378799438477
2004-07-30,29.518457412719727
2004-08-02,29.57767677307129
2004-08-03,28.96004867553711
2004-08-04,28.968542098999023
2004-08-05,28.42705726623535
2004-08-06,27.682546615600586
2004-08-09,27.750226974487305
2004-08-10,28.09709930419922
2004-08-11,27.851749420166016
2004-08-12,27.471033096313477
2004-08-13,27.513341903686523
2004-08-16,27.826372146606445
2004-08-17,28.139402389526367
2004-08-18,28.63857078552246
2004-08-19,28.48629379272461
2004-08-20,28.773937225341797
2004-08-23,28.841623306274414
2004-08-24,28.833166122436523
2004-08-25,29.23079490661621
2004-08-26,29.103893280029297
2004-08-27,29.23926544189453
2004-08-30,28.74855613708496
2004-08-31,28.78240203857422
2004-09-01,28.99391746520996
2004-09-02,29.425378799438477
2004-09-03,28.88392448425293
2004-09-07,29.1292724609375
2004-09-08,29.0192928314209
2004-09-09,29.264636993408203
2004-09-10,29.713050842285156
2004-09-13,30.10222053527832
2004-09-14,30.144529342651367
2004-09-15,29.823030471801758
2004-09-16,29.88226318359375
2004-09-17,29.975324630737305
2004-09-20,29.975324630737305
2004-09-21,30.093761444091797
2004-09-22,29.569210052490234
2004-09-23,29.543827056884766
2004-09-24,29.44231605529785
2004-09-27,29.188493728637695
2004-09-28,29.247716903686523
2004-09-29,29.67921257019043
2004-09-30,29.729969024658203
2004-10-01,30.54216766357422
2004-10-04,30.719846725463867
2004-10-05,30.76215362548828
2004-10-06,31.007492065429688
2004-10-07,30.660619735717773
2004-10-08,30.10222053527832
2004-10-11,30.24605369567871
2004-10-12,30.195283889770508
2004-10-13,30.127613067626953
2004-10-14,29.99224853515625
2004-10-15,30.144529342651367
2004-10-18,30.576019287109375
2004-10-19,30.35603904724121
2004-10-20,30.499874114990234
2004-10-21,30.965185165405273
2004-10-22,30.288372039794922
2004-10-25,30.144529342651367
2004-10-26,30.305280685424805
2004-10-27,31.07517433166504
2004-10-28,31.269765853881836
2004-10-29,31.219022750854492
2004-11-01,31.337461471557617
2004-11-02,31.438993453979492
2004-11-03,31.650484085083008
2004-11-04,31.828147888183594
2004-11-05,32.11579895019531
2004-11-08,32.14964294433594
2004-11-09,32.081966400146484
2004-11-10,31.971973419189453
2004-11-11,32.39500045776367
2004-11-12,32.70805358886719
2004-11-15,32.85188674926758
2004-11-16,32.6488151550293
2004-11-17,33.08876037597656
2004-11-18,33.24103546142578
2004-11-19,32.72496795654297
2004-11-22,33.038002014160156
2004-11-23,32.98723602294922
2004-11-24,33.274906158447266
2004-11-26,33.173377990722656
2004-11-29,33.16490173339844
2004-11-30,33.09721374511719
2004-12-01,33.77406692504883
2004-12-02,33.90095520019531
2004-12-03,33.951725006103516
2004-12-06,34.070159912109375
2004-12-07,33.48640441894531
2004-12-08,33.680999755859375
2004-12-09,33.8840446472168
2004-12-10,33.782535552978516
2004-12-13,34.078617095947266
2004-12-14,34.247840881347656
2004-12-15,34.12092971801758
2004-12-16,33.79943084716797
2004-12-17,33.71317672729492
2004-12-20,33.482547760009766
2004-12-21,33.89254379272461
2004-12-22,33.93524932861328
2004-12-23,33.96086502075195
2004-12-27,33.81565856933594
2004-12-28,34.14025115966797
2004-12-29,34.18296432495117
2004-12-30,34.15731430053711
2004-12-31,34.0975227355957
2005-01-03,33.73878860473633
2005-01-04,33.12381362915039
2005-01-05,32.918819427490234
2005-01-06,32.75654983520508
2005-01-07,32.927337646484375
2005-01-10,32.91026306152344
2005-01-11,32.67964553833008
2005-01-12,32.95299530029297
2005-01-13,32.51736831665039
2005-01-14,32.824859619140625
2005-01-18,33.072566986083984
2005-01-19,32.52589797973633
2005-01-20,31.90237045288086
2005-01-21,31.646127700805664
2005-01-24,31.201967239379883
2005-01-25,31.355724334716797
2005-01-26,31.731538772583008
2005-01-27,31.688846588134766
2005-01-28,31.53510284423828
2005-01-31,31.94508171081543
2005-02-01,32.047584533691406
2005-02-02,32.09882354736328
2005-02-03,31.731538772583008
2005-02-04,32.2440299987793
2005-02-07,32.17570114135742
2005-02-08,32.23550033569336
2005-02-09,31.697397232055664
2005-02-10,31.731538772583008
2005-02-11,32.201332092285156
2005-02-14,32.346519470214844
2005-02-15,32.56007385253906
2005-02-16,32.440486907958984
2005-02-17,32.0048713684082
2005-02-18,31.90237045288086
2005-02-22,31.509464263916016
2005-02-23,31.552160263061523
2005-02-24,31.953638076782227
2005-02-25,32.132991790771484
2005-02-28,31.791324615478516
2005-03-01,32.14153289794922
2005-03-02,32.12445068359375
2005-03-03,31.859668731689453
2005-03-04,32.047584533691406
2005-03-07,32.50881576538086
2005-03-08,32.18425369262695
2005-03-09,32.090301513671875
2005-03-10,32.047584533691406
2005-03-11,31.74863052368164
2005-03-14,31.893835067749023
2005-03-15,31.63759422302246
2005-03-16,31.278839111328125
2005-03-17,31.355724334716797
2005-03-18,31.18489646911621
2005-03-21,31.244686126708984
2005-03-22,30.860307693481445
2005-03-23,30.97136116027832
2005-03-24,30.979894638061523
2005-03-28,31.0396728515625
2005-03-29,30.79198455810547
2005-03-30,31.37281608581543
2005-03-31,31.23614501953125
2005-04-01,30.920103073120117
2005-04-04,31.142183303833008
2005-04-05,31.22758674621582
2005-04-06,31.176340103149414
2005-04-07,31.552160263061523
2005-04-08,31.295930862426758
2005-04-11,31.159269332885742
2005-04-12,31.31299591064453
2005-04-13,30.800535202026367
2005-04-14,30.364913940429688
2005-04-15,29.673065185546875
2005-04-18,29.681596755981445
2005-04-19,29.886592864990234
2005-04-20,29.63889503479004
2005-04-21,30.424713134765625
2005-04-22,29.97200584411621
2005-04-25,30.21971893310547
2005-04-26,29.937847137451172
2005-04-27,29.980554580688477
2005-04-28,29.681596755981445
2005-04-29,29.8780574798584
2005-05-02,29.997629165649414
2005-05-03,30.1513671875
2005-05-04,30.518667221069336
2005-05-05,30.544282913208008
2005-05-06,30.629701614379883
2005-05-09,30.77490234375
2005-05-10,30.55283546447754
2005-05-11,30.706584930419922
2005-05-12,30.621143341064453
2005-05-13,30.954282760620117
2005-05-16,31.159269332885742
2005-05-17,31.347190856933594
2005-05-18,31.774248123168945
2005-05-19,32.03904724121094
2005-05-20,32.16716384887695
2005-05-23,32.32944107055664
2005-05-24,32.431949615478516
2005-05-25,32.295284271240234
2005-05-26,32.61984634399414
2005-05-27,32.636940002441406
2005-05-31,32.52589797973633
2005-06-01,32.79071807861328
2005-06-02,33.021324157714844
2005-06-03,32.54298782348633
2005-06-06,32.55154037475586
2005-06-07,32.27820587158203
2005-06-08,32.20987319946289
2005-06-09,32.41487121582031
2005-06-10,32.073219299316406
2005-06-13,32.226951599121094
2005-06-14,32.09882354736328
2005-06-15,32.201332092285156
2005-06-16,32.37217712402344
2005-06-17,32.37641906738281
2005-06-20,32.37641906738281
2005-06-21,32.35932159423828
2005-06-22,32.32514190673828
2005-06-23,31.966047286987305
2005-06-24,31.606977462768555
2005-06-27,31.46164894104004
2005-06-28,31.7608699798584
2005-06-29,31.69248390197754
2005-06-30,31.44455337524414
2005-07-01,31.401813507080078
2005-07-05,31.72669792175293
2005-07-06,31.57280731201172
2005-07-07,31.683929443359375
2005-07-08,32.29094314575195
2005-07-11,32.59016799926758
2005-07-12,32.74404525756836
2005-07-13,32.82102584838867
2005-07-14,33.14588928222656
2005-07-15,33.24848175048828
2005-07-18,33.11167907714844
2005-07-19,33.49638748168945
2005-07-20,33.73578643798828
2005-07-21,33.74434280395508
2005-07-22,33.70158767700195
2005-07-25,33.573360443115234
2005-07-26,33.70158767700195
2005-07-27,33.95806884765625
2005-07-28,34.12050247192383
2005-07-29,33.83837127685547
2005-08-01,33.898223876953125
2005-08-02,34.265838623046875
2005-08-03,34.24875259399414
2005-08-04,33.915313720703125
2005-08-05,33.75288391113281
2005-08-08,33.50495147705078
2005-08-09,33.72722244262695
2005-08-10,33.436546325683594
2005-08-11,33.710113525390625
2005-08-12,33.522056579589844
2005-08-15,33.72722244262695
2005-08-16,33.1800651550293
2005-08-17,33.376712799072266
2005-08-18,33.205718994140625
2005-08-19,33.18861770629883
2005-08-22,33.205718994140625
2005-08-23,33.11167907714844
2005-08-24,32.91504669189453
2005-08-25,32.99198913574219
2005-08-26,32.88083267211914
2005-08-29,33.1373176574707
2005-08-30,33.01762008666992
2005-08-31,33.32542037963867
2005-09-01,33.27412033081055
2005-09-02,33.14588928222656
2005-09-06,33.6331901550293
2005-09-07,33.69301986694336
2005-09-08,33.68450164794922
2005-09-09,33.87256622314453
2005-09-12,33.96662139892578
2005-09-13,33.88113021850586
2005-09-14,33.49638748168945
2005-09-15,33.47929382324219
2005-09-16,33.68450164794922
2005-09-19,33.419464111328125
2005-09-20,33.28264617919922
2005-09-21,32.91504669189453
2005-09-22,33.03474044799805
2005-09-23,33.12876892089844
2005-09-26,33.1373176574707
2005-09-27,33.06037139892578
2005-09-28,33.06893539428711
2005-09-29,33.51350021362305
2005-09-30,33.73578643798828
2005-10-03,33.8212776184082
2005-10-04,33.59900665283203
2005-10-05,33.1373176574707
2005-10-06,32.7013053894043
2005-10-07,32.77824020385742
2005-10-10,32.598731994628906
2005-10-11,32.436283111572266
2005-10-12,32.05156707763672
2005-10-13,32.29949188232422
2005-10-14,32.53886413574219
2005-10-17,32.64145278930664
2005-10-18,32.41062927246094
2005-10-19,33.06037139892578
2005-10-20,32.752620697021484
2005-10-21,32.9577751159668
2005-10-24,33.47929382324219
2005-10-25,33.35108184814453
2005-10-26,33.1800651550293
2005-10-27,32.51323699951172
2005-10-28,32.76115036010742
2005-10-31,33.23135757446289
2005-11-01,33.205718994140625
2005-11-02,33.64175033569336
2005-11-03,34.14614486694336
2005-11-04,34.265838623046875
2005-11-07,34.30860137939453
2005-11-08,34.31714630126953
2005-11-09,34.334232330322266
2005-11-10,34.710411071777344
2005-11-11,34.80445098876953
2005-11-14,34.80445098876953
2005-11-15,34.642005920410156
2005-11-16,34.855751037597656
2005-11-17,35.31739807128906
2005-11-18,35.43710708618164
2005-11-21,35.52259826660156
2005-11-22,35.65085220336914
2005-11-23,35.73632049560547
2005-11-25,35.81325912475586
2005-11-28,35.51405334472656
2005-11-29,35.34306335449219
2005-11-30,35.257568359375
2005-12-01,35.91587829589844
2005-12-02,36.00135040283203
2005-12-05,35.73632049560547
2005-12-06,35.856014251708984
2005-12-07,35.78764343261719
2005-12-08,35.53114700317383
2005-12-09,35.667945861816406
2005-12-12,35.79619216918945
2005-12-13,35.94152069091797
2005-12-14,35.821815490722656
2005-12-15,35.88168716430664
2005-12-16,35.633995056152344
2005-12-19,35.0683708190918
2005-12-20,35.094093322753906
2005-12-21,35.248355865478516
2005-12-22,35.47972869873047
2005-12-23,35.47972869873047
2005-12-27,35.17121505737305
2005-12-28,35.12836837768555
2005-12-29,34.896995544433594
2005-12-30,34.63129425048828
2006-01-03,35.40260314941406
2006-01-04,35.771114349365234
2006-01-05,35.925376892089844
2006-01-06,36.57671356201172
2006-01-09,36.7224006652832
2006-01-10,36.74810028076172
2006-01-11,37.03089904785156
2006-01-12,36.8509407043457
2006-01-13,36.833797454833984
2006-01-17,36.59382629394531
2006-01-18,36.17390060424805
2006-01-19,36.439571380615234
2006-01-20,35.3511848449707
2006-01-23,35.359764099121094
2006-01-24,35.51401138305664
2006-01-25,35.359764099121094
2006-01-26,35.60828399658203
2006-01-27,36.08820724487305
2006-01-30,36.15676498413086
2006-01-31,35.99393844604492
2006-02-01,36.12248611450195
2006-02-02,35.50543975830078
2006-02-03,35.0683708190918
2006-02-06,34.974117279052734
2006-02-07,34.81986618041992
2006-02-08,35.22262954711914
2006-02-09,34.8884162902832
2006-02-10,35.10265350341797
2006-02-13,34.69987869262695
2006-02-14,35.05122756958008
2006-02-15,35.27405548095703
2006-02-16,35.59971237182617
2006-02-17,35.31690979003906
2006-02-21,34.92267990112305
2006-02-22,35.359764099121094
2006-02-23,35.26549530029297
2006-02-24,35.359764099121094
2006-02-27,35.75397872924805
2006-02-28,35.22262954711914
2006-03-01,35.70255661010742
2006-03-02,35.72825622558594
2006-03-03,35.5225944519043
2006-03-06,35.21408462524414
2006-03-07,35.008392333984375
2006-03-08,35.02552795410156
2006-03-09,34.7255744934082
2006-03-10,34.759857177734375
2006-03-13,34.862701416015625
2006-03-14,35.45404815673828
2006-03-15,35.75397872924805
2006-03-16,35.45404815673828
2006-03-17,35.547508239746094
2006-03-20,35.63325881958008
2006-03-21,35.255924224853516
2006-03-22,35.341678619384766
2006-03-23,35.2387809753418
2006-03-24,35.418861389160156
2006-03-27,35.42743682861328
2006-03-28,35.28163528442383
2006-03-29,35.95056915283203
2006-03-30,36.062068939208984
2006-03-31,35.95914840698242
2006-04-03,36.00202560424805
2006-04-04,36.19926834106445
2006-04-05,36.542335510253906
2006-04-06,36.645225524902344
2006-04-07,36.29363250732422
2006-04-10,36.2421760559082
2006-04-11,35.95056915283203
2006-04-12,35.95914840698242
2006-04-13,36.10494613647461
2006-04-17,35.72760772705078
2006-04-18,36.41368865966797
2006-04-19,36.57664108276367
2006-04-20,36.4479866027832
2006-04-21,36.019195556640625
2006-04-24,35.98487091064453
2006-04-25,35.90769958496094
2006-04-26,35.89914321899414
2006-04-27,36.2421760559082
2006-04-28,35.89052963256836
2006-05-01,35.53892135620117
2006-05-02,35.63325881958008
2006-05-03,35.581817626953125
2006-05-04,35.873409271240234
2006-05-05,36.15641784667969
2006-05-08,36.19070816040039
2006-05-09,36.05348587036133
2006-05-10,35.73617935180664
2006-05-11,34.9385986328125
2006-05-12,34.46693801879883
2006-05-15,34.44120407104492
2006-05-16,34.183921813964844
2006-05-17,33.72081756591797
2006-05-18,33.4892692565918
2006-05-19,33.746551513671875
2006-05-22,33.42064666748047
2006-05-23,33.09476089477539
2006-05-24,33.317745208740234
2006-05-25,33.755130767822266
2006-05-26,33.866607666015625
2006-05-30,33.137657165527344
2006-05-31,33.29201889038086
2006-06-01,34.08100509643555
2006-06-02,33.99525833129883
2006-06-05,33.25770568847656
2006-06-06,33.23198699951172
2006-06-07,32.98329162597656
2006-06-08,32.931854248046875
2006-06-09,32.717430114746094
2006-06-12,32.07421875
2006-06-13,31.945587158203125
2006-06-14,32.271461486816406
2006-06-15,33.146244049072266
2006-06-16,32.90249252319336
2006-06-19,32.636478424072266
2006-06-20,32.679386138916016
2006-06-21,33.194278717041016
2006-06-22,32.77378463745117
2006-06-23,32.73945999145508
2006-06-26,32.82526779174805
2006-06-27,32.20740509033203
2006-06-28,32.44767761230469
2006-06-29,33.43457794189453
2006-06-30,33.27152633666992
2006-07-03,33.46890640258789
2006-07-05,32.73945999145508
2006-07-06,32.70512771606445
2006-07-07,32.34467697143555
2006-07-10,32.061500549316406
2006-07-11,32.30178451538086
2006-07-12,31.692476272583008
2006-07-13,31.160396575927734
2006-07-14,30.842885971069336
2006-07-17,30.920116424560547
2006-07-18,31.02309799194336
2006-07-19,31.426427841186523
2006-07-20,30.963029861450195
2006-07-21,30.636920928955078
2006-07-24,31.24622344970703
2006-07-25,31.426427841186523
2006-07-26,31.400699615478516
2006-07-27,31.194734573364258
2006-07-28,31.846954345703125
2006-07-31,31.83837127685547
2006-08-01,31.306278228759766
2006-08-02,31.658145904541016
2006-08-03,31.855518341064453
2006-08-04,31.709657669067383
2006-08-07,31.503684997558594
2006-08-08,31.306278228759766
2006-08-09,31.349199295043945
2006-08-10,31.572343826293945
2006-08-11,31.349199295043945
2006-08-14,31.55518341064453
2006-08-15,32.3532829284668
2006-08-16,33.11704635620117
2006-08-17,33.2371940612793
2006-08-18,33.28868865966797
2006-08-21,32.971160888671875
2006-08-22,32.97975540161133
2006-08-23,32.730865478515625
2006-08-24,32.82526779174805
2006-08-25,32.88532257080078
2006-08-28,33.13420867919922
2006-08-29,33.2371940612793
2006-08-30,33.39167404174805
2006-08-31,33.35732650756836
2006-09-01,33.53756332397461
2006-09-05,33.8636589050293
2006-09-06,33.185707092285156
2006-09-07,33.03122329711914
2006-09-08,33.228614807128906
2006-09-11,33.43457794189453
2006-09-12,34.05247497558594
2006-09-13,34.28417205810547
2006-09-14,34.31850051879883
2006-09-15,34.441287994384766
2006-09-18,34.44988250732422
2006-09-19,34.21803283691406
2006-09-20,34.71604919433594
2006-09-21,34.50139617919922
2006-09-22,34.23518371582031
2006-09-25,34.83625793457031
2006-09-26,35.00801467895508
2006-09-27,34.965065002441406
2006-09-28,35.059532165527344
2006-09-29,34.904964447021484
2006-10-02,34.46705627441406
2006-10-03,34.613014221191406
2006-10-04,35.46308517456055
2006-10-05,35.63481903076172
2006-10-06,35.557552337646484
2006-10-09,35.67778396606445
2006-10-10,35.73789596557617
2006-10-11,35.66918182373047
2006-10-12,36.235904693603516
2006-10-13,36.43339538574219
2006-10-16,36.46774673461914
2006-10-17,36.064186096191406
2006-10-18,35.89244079589844
2006-10-19,35.978309631347656
2006-10-20,36.064186096191406
2006-10-23,36.43339538574219
2006-10-24,36.18439483642578
2006-10-25,36.43339538574219
2006-10-26,36.768280029296875
2006-10-27,36.2445182800293
2006-10-30,36.47633743286133
2006-10-31,36.56221008300781
2006-11-01,36.064186096191406
2006-11-02,36.0985107421875
2006-11-03,36.004085540771484
2006-11-06,36.527862548828125
2006-11-07,36.77687454223633
2006-11-08,36.9485969543457
2006-11-09,36.77687454223633
2006-11-10,36.9485969543457
2006-11-13,37.326416015625
2006-11-14,37.721397399902344
2006-11-15,37.8759765625
2006-11-16,38.03913497924805
2006-11-17,38.03913497924805
2006-11-20,38.116390228271484
2006-11-21,38.16791534423828
2006-11-22,38.40833282470703
2006-11-24,38.33966827392578
2006-11-27,37.47239685058594
2006-11-28,37.58403778076172
2006-11-29,37.84162902832031
2006-11-30,37.81588363647461
2006-12-01,37.48957443237305
2006-12-04,38.00476837158203
2006-12-05,38.14215087890625
2006-12-06,38.00476837158203
2006-12-07,37.5239143371582
2006-12-08,37.6956672668457
2006-12-11,37.83302307128906
2006-12-12,37.60977554321289
2006-12-13,37.678462982177734
2006-12-14,38.099212646484375
2006-12-15,38.19723129272461
2006-12-18,37.81896209716797
2006-12-19,37.6985969543457
2006-12-20,37.56104278564453
2006-12-21,37.294525146484375
2006-12-22,36.907649993896484
2006-12-26,37.06239318847656
2006-12-27,37.25154495239258
2006-12-28,37.07102584838867
2006-12-29,37.10538864135742
2007-01-03,37.17417526245117
2007-01-04,37.879119873046875
2007-01-05,37.6985969543457
2007-01-08,37.72439193725586
2007-01-09,37.91353225708008
2007-01-10,38.360572814941406
2007-01-11,38.75605773925781
2007-01-12,38.95380783081055
2007-01-16,38.9279899597168
2007-01-17,38.609901428222656
2007-01-18,37.89633560180664
2007-01-19,37.97370147705078
2007-01-22,37.56104278564453
2007-01-23,37.46649169921875
2007-01-24,38.08547592163086
2007-01-25,37.595428466796875
2007-01-26,37.4578857421875
2007-01-29,37.49224090576172
2007-01-30,37.50946044921875
2007-01-31,37.887733459472656
2007-02-01,37.82756423950195
2007-02-02,37.9650993347168
2007-02-05,37.930721282958984
2007-02-06,37.879119873046875
2007-02-07,38.223026275634766
2007-02-08,38.214447021484375
2007-02-09,37.72439193725586
2007-02-12,37.5782356262207
2007-02-13,37.70719909667969
2007-02-14,38.343379974365234
2007-02-15,38.5669059753418
2007-02-16,38.43796157836914
2007-02-20,38.730255126953125
2007-02-21,38.850616455078125
2007-02-22,39.04834747314453
2007-02-23,38.91080093383789
2007-02-26,38.721656799316406
2007-02-27,37.13119125366211
2007-02-28,37.25154495239258
2007-03-01,37.07959747314453
2007-03-02,36.52078628540039
2007-03-05,36.237064361572266
2007-03-06,36.83888244628906
2007-03-07,36.6927375793457
2007-03-08,36.94205093383789
2007-03-09,36.907649993896484
2007-03-12,37.148380279541016
2007-03-13,36.42621994018555
2007-03-14,36.95923614501953
2007-03-15,36.87327575683594
2007-03-16,36.844886779785156
2007-03-19,37.2234001159668
2007-03-20,37.49009704589844
2007-03-21,38.21268081665039
2007-03-22,38.075042724609375
2007-03-23,37.954620361328125
2007-03-26,38.109474182128906
2007-03-27,37.8427848815918
2007-03-28,37.43846130371094
2007-03-29,37.48147964477539
2007-03-30,37.44706344604492
2007-04-02,37.49867248535156
2007-04-03,37.98902130126953
2007-04-04,38.143863677978516
2007-04-05,38.33312225341797
2007-04-09,38.23851776123047
2007-04-10,38.43635177612305
2007-04-11,38.03206253051758
2007-04-12,38.33312225341797
2007-04-13,38.41057205200195
2007-04-16,38.763267517089844
2007-04-17,38.84929275512695
2007-04-18,38.720237731933594
2007-04-19,38.840675354003906
2007-04-20,39.05574417114258
2007-04-23,39.115966796875
2007-04-24,39.31382751464844
2007-04-25,39.83857727050781
2007-04-26,40.045021057128906
2007-04-27,40.062232971191406
2007-04-30,39.537506103515625
2007-05-01,39.50307083129883
2007-05-02,39.93319320678711
2007-05-03,40.07945251464844
2007-05-04,40.11385726928711
2007-05-07,40.11385726928711
2007-05-08,40.19990158081055
2007-05-09,40.28594207763672
2007-05-10,39.735355377197266
2007-05-11,40.2429084777832
2007-05-14,39.967620849609375
2007-05-15,39.657928466796875
2007-05-16,40.045021057128906
2007-05-17,39.85580062866211
2007-05-18,40.182682037353516
2007-05-21,40.44075012207031
2007-05-22,40.475154876708984
2007-05-23,40.28594207763672
2007-05-24,39.70956039428711
2007-05-25,39.95901107788086
2007-05-29,40.26871109008789
2007-05-30,40.59561538696289
2007-05-31,40.784873962402344
2007-06-01,40.81068420410156
2007-06-04,40.93110656738281
2007-06-05,40.93110656738281
2007-06-06,40.49238586425781
2007-06-07,39.86438751220703
2007-06-08,40.354740142822266
2007-06-11,40.27730941772461
2007-06-12,40.03643798828125
2007-06-13,40.475154876708984
2007-06-14,40.741859436035156
2007-06-15,41.11807632446289
2007-06-18,41.12668991088867
2007-06-19,41.11807632446289
2007-06-20,40.73067092895508
2007-06-21,41.10085678100586
2007-06-22,40.71345138549805
2007-06-25,40.541259765625
2007-06-26,40.30879592895508
2007-06-27,40.92866134643555
2007-06-28,40.911468505859375
2007-06-29,40.9803352355957
2007-07-02,41.35053634643555
2007-07-03,41.59157943725586
2007-07-05,41.892913818359375
2007-07-06,42.065128326416016
2007-07-09,42.09093475341797
2007-07-10,41.73795700073242
2007-07-11,42.022056579589844
2007-07-12,42.66775131225586
2007-07-13,42.96048355102539
2007-07-16,42.91743087768555
2007-07-17,43.24458312988281
2007-07-18,43.19293212890625
2007-07-19,43.32207489013672
2007-07-20,43.089622497558594
2007-07-23,43.106815338134766
2007-07-24,42.4697380065918
2007-07-25,42.530029296875
2007-07-26,42.168418884277344
2007-07-27,41.31608581542969
2007-07-30,41.79821014404297
2007-07-31,40.92005157470703
2007-08-01,41.238616943359375
2007-08-02,41.617431640625
2007-08-03,40.825374603271484
2007-08-06,41.298885345458984
2007-08-07,41.59157943725586
2007-08-08,42.04788589477539
2007-08-09,41.07503890991211
2007-08-10,40.70481872558594
2007-08-13,40.9803352355957
2007-08-14,40.282989501953125
2007-08-15,39.516746520996094
2007-08-16,39.12932586669922
2007-08-17,39.86973190307617
2007-08-20,40.05914306640625
2007-08-21,40.48099136352539
2007-08-22,41.0319938659668
2007-08-23,40.92005157470703
2007-08-24,41.496891021728516
2007-08-27,41.22138977050781
2007-08-28,40.239933013916016
2007-08-29,41.39357376098633
2007-08-30,41.60880661010742
2007-08-31,42.073692321777344
2007-09-04,42.77107620239258
2007-09-05,42.340606689453125
2007-09-06,42.30617141723633
2007-09-07,41.52272033691406
2007-09-10,41.496891021728516
2007-09-11,42.1253776550293
2007-09-12,42.13396453857422
2007-09-13,42.340606689453125
2007-09-14,42.37504196166992
2007-09-17,42.022056579589844
2007-09-18,43.08100891113281
2007-09-19,43.19293212890625
2007-09-20,43.072391510009766
2007-09-21,43.37905502319336
2007-09-24,43.577171325683594
2007-09-25,43.990631103515625
2007-09-26,44.20596694946289
2007-09-27,44.429931640625
2007-09-28,44.28346633911133
2007-10-01,44.79171371459961
2007-10-02,44.800323486328125
2007-10-03,44.490211486816406
2007-10-04,44.593589782714844
2007-10-05,45.498043060302734
2007-10-08,45.78229522705078
2007-10-09,45.98041534423828
2007-10-10,46.09238815307617
2007-10-11,45.3602180480957
2007-10-12,46.10961151123047
2007-10-15,45.75645065307617
2007-10-16,45.54110336303711
2007-10-17,46.126834869384766
2007-10-18,46.3249626159668
2007-10-19,45.170719146728516
2007-10-22,45.713382720947266
2007-10-23,46.669525146484375
2007-10-24,46.31632995605469
2007-10-25,45.6961669921875
2007-10-26,46.45417785644531
2007-10-29,46.643680572509766
2007-10-30,46.73841857910156
2007-10-31,47.401676177978516
2007-11-01,46.514469146728516
2007-11-02,46.876243591308594
2007-11-05,46.57476043701172
2007-11-06,47.100196838378906
2007-11-07,45.954566955566406
2007-11-08,44.55915069580078
2007-11-09,43.0689582824707
2007-11-12,41.97500228881836
2007-11-13,43.70637130737305
2007-11-14,43.14647674560547
2007-11-15,42.913902282714844
2007-11-16,43.310123443603516
2007-11-19,42.81053924560547
2007-11-20,42.982818603515625
2007-11-21,42.474586486816406
2007-11-23,42.93112564086914
2007-11-26,42.19034194946289
2007-11-27,43.03449249267578
2007-11-28,44.34379196166992
2007-11-29,44.533294677734375
2007-11-30,44.19735336303711
2007-12-03,43.82695770263672
2007-12-04,43.64607620239258
2007-12-05,44.429931640625
2007-12-06,45.067359924316406
2007-12-07,45.075950622558594
2007-12-10,45.2568473815918
2007-12-11,44.20596694946289
2007-12-12,44.602210998535156
2007-12-13,44.361019134521484
2007-12-14,43.90449142456055
2007-12-17,42.83638381958008
2007-12-18,42.974185943603516
2007-12-19,42.965579986572266
2007-12-20,43.84420394897461
2007-12-21,44.70905303955078
2007-12-24,45.04533386230469
2007-12-26,45.269535064697266
2007-12-27,44.726295471191406
2007-12-28,44.68317794799805
2007-12-31,44.16581726074219
2008-01-02,43.46736526489258
2008-01-03,43.64845657348633
2008-01-04,41.73419189453125
2008-01-07,41.535865783691406
2008-01-08,40.458045959472656
2008-01-09,41.3203125
2008-01-10,41.38066101074219
2008-01-11,40.57011413574219
2008-01-14,41.27717971801758
2008-01-15,40.13898468017578
2008-01-16,39.707855224609375
2008-01-17,39.15599822998047
2008-01-18,39.104248046875
2008-01-22,38.095394134521484
2008-01-23,37.94879150390625
2008-01-24,38.72484588623047
2008-01-25,37.93156814575195
2008-01-28,38.22474670410156
2008-01-29,38.293724060058594
2008-01-30,38.259212493896484
2008-01-31,38.91455841064453
2008-02-01,39.311214447021484
2008-02-04,38.75933074951172
2008-02-05,37.655616760253906
2008-02-06,36.9140739440918
2008-02-07,37.1727409362793
2008-02-08,37.59526824951172
2008-02-11,38.00054168701172
2008-02-12,37.78498458862305
2008-02-13,38.612762451171875
2008-02-14,37.91431427001953
2008-02-15,37.78498458862305
2008-02-19,37.71598434448242
2008-02-20,37.88844299316406
2008-02-21,37.526283264160156
2008-02-22,37.66424560546875
2008-02-25,37.85395431518555
2008-02-26,38.00054168701172
2008-02-27,38.190242767333984
2008-02-28,38.04365158081055
2008-02-29,37.034786224365234
2008-03-03,36.79335021972656
2008-03-04,37.000301361083984
2008-03-05,37.18136978149414
2008-03-06,36.36220169067383
2008-03-07,36.275978088378906
2008-03-10,35.57752990722656
2008-03-11,36.93131637573242
2008-03-12,36.82783126831055
2008-03-13,37.11240768432617
2008-03-14,36.431190490722656
2008-03-17,35.76723861694336
2008-03-18,37.36245346069336
2008-03-19,36.43981170654297
2008-03-20,37.18455123901367
2008-03-24,38.4703483581543
2008-03-25,38.68607711791992
2008-03-26,38.57389831542969
2008-03-27,37.71958541870117
2008-03-28,37.52973937988281
2008-03-31,37.72822189331055
2008-04-01,39.34193420410156
2008-04-02,39.255619049072266
2008-04-03,39.34193420410156
2008-04-04,39.574928283691406
2008-04-07,39.488624572753906
2008-04-08,39.18659591674805
2008-04-09,38.746482849121094
2008-04-10,39.298770904541016
2008-04-11,38.21145248413086
2008-04-14,38.03887939453125
2008-04-15,38.09064483642578
2008-04-16,39.15206527709961
2008-04-17,39.0657844543457
2008-04-18,40.30842971801758
2008-04-21,40.593196868896484
2008-04-22,39.98911666870117
2008-04-23,40.42923355102539
2008-04-24,40.79167556762695
2008-04-25,40.68811798095703
2008-04-28,40.76578903198242
2008-04-29,41.076454162597656
2008-04-30,40.739891052246094
2008-05-01,42.02570343017578
2008-05-02,42.08610534667969
2008-05-05,41.96528625488281
2008-05-06,42.22417449951172
2008-05-07,41.45615005493164
2008-05-08,41.76681137084961
2008-05-09,41.602848052978516
2008-05-12,42.36224365234375
2008-05-13,42.474422454833984
2008-05-14,42.37952423095703
2008-05-15,43.12165451049805
2008-05-16,43.15615463256836
2008-05-19,42.84551239013672
2008-05-20,42.517581939697266
2008-05-21,41.57695388793945
2008-05-22,41.723663330078125
2008-05-23,41.59422302246094
2008-05-27,42.32773208618164
2008-05-28,42.50032043457031
2008-05-29,42.880035400390625
2008-05-30,43.15615463256836
2008-06-02,42.62977600097656
2008-06-03,42.39677429199219
2008-06-04,42.94041442871094
2008-06-05,43.62216567993164
2008-06-06,42.31046676635742
2008-06-09,42.08610534667969
2008-06-10,41.887630462646484
2008-06-11,40.87796401977539
2008-06-12,40.921138763427734
2008-06-13,41.74092102050781
2008-06-16,42.11198806762695
2008-06-17,41.887630462646484
2008-06-18,41.43888473510742
2008-06-19,42.08610534667969
2008-06-20,40.949676513671875
2008-06-23,40.63014221191406
2008-06-24,40.42291259765625
2008-06-25,41.079185485839844
2008-06-26,39.42117691040039
2008-06-27,39.42117691040039
2008-06-30,39.00666809082031
2008-07-01,39.5593376159668
2008-07-02,38.60944747924805
2008-07-03,38.540367126464844
2008-07-07,38.77350997924805
2008-07-08,39.69750213623047
2008-07-09,38.643978118896484
2008-07-10,39.10166931152344
2008-07-11,38.47990798950195
2008-07-14,38.19493103027344
2008-07-15,38.20357894897461
2008-07-16,39.15347671508789
2008-07-17,39.412532806396484
2008-07-18,38.50581741333008
2008-07-21,38.669883728027344
2008-07-22,38.669883728027344
2008-07-23,39.179378509521484
2008-07-24,38.59217071533203
2008-07-25,39.09303665161133
2008-07-28,38.3590087890625
2008-07-29,39.15347671508789
2008-07-30,39.35209655761719
2008-07-31,39.257102966308594
2008-08-01,38.75624465942383
2008-08-04,38.36764144897461
2008-08-05,39.662986755371094
2008-08-06,40.26747512817383
2008-08-07,39.956565856933594
2008-08-08,40.86332702636719
2008-08-11,41.234649658203125
2008-08-12,41.2778205871582
2008-08-13,41.19145202636719
2008-08-14,41.666439056396484
2008-08-15,41.588706970214844
2008-08-18,41.10511016845703
2008-08-19,40.595603942871094
2008-08-20,40.66469192504883
2008-08-21,40.47470474243164
2008-08-22,41.0101203918457
2008-08-25,40.14655685424805
2008-08-26,40.094749450683594
2008-08-27,40.353797912597656
2008-08-28,40.68197250366211
2008-08-29,39.82704544067383
2008-09-02,39.3348274230957
2008-09-03,38.963497161865234
2008-09-04,37.70271301269531
2008-09-05,37.5213623046875
2008-09-08,37.452274322509766
2008-09-09,36.65781784057617
2008-09-10,36.96006774902344
2008-09-11,37.650909423828125
2008-09-12,37.50409698486328
2008-09-15,36.338287353515625
2008-09-16,36.62327194213867
2008-09-17,34.72346496582031
2008-09-18,35.897884368896484
2008-09-19,37.071372985839844
2008-09-22,35.325843811035156
2008-09-23,35.05794143676758
2008-09-24,35.29991149902344
2008-09-25,35.861572265625
2008-09-26,35.49867630004883
2008-09-29,32.681583404541016
2008-09-30,33.62348556518555
2008-10-01,33.269195556640625
2008-10-02,31.75694465637207
2008-10-03,31.264404296875
2008-10-06,30.123743057250977
2008-10-07,28.213993072509766
2008-10-08,27.98932456970215
2008-10-09,27.23752784729004
2008-10-10,27.064701080322266
2008-10-13,30.357059478759766
2008-10-14,29.043567657470703
2008-10-15,26.442523956298828
2008-10-16,27.876985549926758
2008-10-17,27.911556243896484
2008-10-20,28.689279556274414
2008-10-21,27.202959060668945
2008-10-22,26.451171875
2008-10-23,26.347471237182617
2008-10-24,25.50061798095703
2008-10-27,24.79201889038086
2008-10-28,27.531328201293945
2008-10-29,27.462203979492188
2008-10-30,28.378185272216797
2008-10-31,28.42139434814453
2008-11-03,28.36089515686035
2008-11-04,29.164539337158203
2008-11-05,27.643674850463867
2008-11-06,26.4079532623291
2008-11-07,26.952356338500977
2008-11-10,26.58942985534668
2008-11-11,26.010461807250977
2008-11-12,24.80931282043457
2008-11-13,26.321542739868164
2008-11-14,25.04262351989746
2008-11-17,24.515504837036133
2008-11-18,24.489580154418945
2008-11-19,23.21065330505371
2008-11-20,22.087284088134766
2008-11-21,23.046472549438477
2008-11-24,24.45501708984375
2008-11-25,24.342668533325195
2008-11-26,25.362356185913086
2008-11-28,25.163606643676758
2008-12-01,23.271142959594727
2008-12-02,24.048871994018555
2008-12-03,24.731538772583008
2008-12-04,24.031583786010742
2008-12-05,25.008056640625
2008-12-08,25.993175506591797
2008-12-09,25.932689666748047
2008-12-10,25.846277236938477
2008-12-11,25.137678146362305
2008-12-12,25.647512435913086
2008-12-15,25.198171615600586
2008-12-16,26.4079532623291
2008-12-17,26.088226318359375
2008-12-18,25.630239486694336
2008-12-19,25.84052085876465
2008-12-22,25.278017044067383
2008-12-23,25.14822006225586
2008-12-24,25.217445373535156
2008-12-26,25.20878791809082
2008-12-29,25.001100540161133
2008-12-30,25.52033233642578
2008-12-31,25.736679077148438
2009-01-02,26.853031158447266
2009-01-05,26.84438133239746
2009-01-06,27.11264419555664
2009-01-07,26.342456817626953
2009-01-08,26.619382858276367
2009-01-09,26.022258758544922
2009-01-12,25.54628562927246
2009-01-13,25.554950714111328
2009-01-14,24.776103973388672
2009-01-15,25.182817459106445
2009-01-16,25.459762573242188
2009-01-20,24.196285247802734
2009-01-21,25.22610092163086
2009-01-22,24.88859748840332
2009-01-23,25.009754180908203
2009-01-26,25.19148826599121
2009-01-27,25.373201370239258
2009-01-28,26.26456069946289
2009-01-29,25.598228454589844
2009-01-30,25.14822006225586
2009-02-02,25.45110321044922
2009-02-03,25.849180221557617
2009-02-04,25.883800506591797
2009-02-05,26.454954147338867
2009-02-06,27.147262573242188
2009-02-09,27.259769439697266
2009-02-10,26.25591278076172
2009-02-11,26.134763717651367
2009-02-12,26.454954147338867
2009-02-13,26.333803176879883
2009-02-17,25.286680221557617
2009-02-18,25.30398941040039
2009-02-19,24.91456413269043
2009-02-20,24.983787536621094
2009-02-23,24.1097469329834
2009-02-24,24.905906677246094
2009-02-25,24.741483688354492
2009-02-26,24.049169540405273
2009-02-27,23.824172973632812
2009-03-02,23.053972244262695
2009-03-03,23.036664962768555
2009-03-04,23.651092529296875
2009-03-05,22.941478729248047
2009-03-06,22.759733200073242
2009-03-09,22.275123596191406
2009-03-10,23.651092529296875
2009-03-11,24.01454734802246
2009-03-12,24.81070899963379
2009-03-13,24.87129020690918
2009-03-16,24.45591163635254
2009-03-17,25.38187026977539
2009-03-18,25.702062606811523
2009-03-19,25.68475341796875
2009-03-20,25.2938175201416
2009-03-23,26.784753799438477
2009-03-24,26.290664672851562
2009-03-25,26.412019729614258
2009-03-26,27.226829528808594
2009-03-27,26.71540641784668
2009-03-30,26.056621551513672
2009-03-31,26.2819881439209
2009-04-01,26.672067642211914
2009-04-02,27.530221939086914
2009-04-03,28.041643142700195
2009-04-06,27.972299575805664
2009-04-07,27.23550033569336
2009-04-08,27.694915771484375
2009-04-09,28.553058624267578
2009-04-13,28.509733200073242
2009-04-14,28.16299819946289
2009-04-15,28.084989547729492
2009-04-16,28.8131046295166
2009-04-17,28.87378692626953
2009-04-20,27.9462947845459
2009-04-21,28.336349487304688
2009-04-22,28.423038482666016
2009-04-23,28.700422286987305
2009-04-24,29.203174591064453
2009-04-27,29.237838745117188
2009-04-28,29.02114486694336
2009-04-29,29.419885635375977
2009-04-30,29.714609146118164
2009-05-01,29.792612075805664
2009-05-04,30.38206672668457
2009-05-05,30.356061935424805
2009-05-06,30.364713668823242
2009-05-07,29.6539249420166
2009-05-08,29.671268463134766
2009-05-11,29.775270462036133
2009-05-12,29.41121482849121
2009-05-13,28.622419357299805
2009-05-14,28.943138122558594
2009-05-15,28.925792694091797
2009-05-18,29.6799373626709
2009-05-19,29.818622589111328
2009-05-20,29.714609146118164
2009-05-21,29.168498992919922
2009-05-22,29.073150634765625
2009-05-26,30.15668487548828
2009-05-27,29.948637008666992
2009-05-28,30.29537582397461
2009-05-29,30.66811180114746
2009-06-01,31.543577194213867
2009-06-02,31.58692741394043
2009-06-03,31.491579055786133
2009-06-04,31.846988677978516
2009-06-05,31.881643295288086
2009-06-08,31.78630256652832
2009-06-09,32.02900314331055
2009-06-10,31.916330337524414
2009-06-11,31.916330337524414
2009-06-12,31.768972396850586
2009-06-15,31.11884880065918
2009-06-16,30.815465927124023
2009-06-17,31.110172271728516
2009-06-18,31.049501419067383
2009-06-19,31.382768630981445
2009-06-22,30.44546890258789
2009-06-23,30.37602424621582
2009-06-24,30.88807487487793
2009-06-25,31.4955997467041
2009-06-26,31.565019607543945
2009-06-29,31.634469985961914
2009-06-30,31.57371711730957
2009-07-01,31.591068267822266
2009-07-02,30.89676284790039
2009-07-06,30.731868743896484
2009-07-07,29.96813201904297
2009-07-08,30.124340057373047
2009-07-09,30.176403045654297
2009-07-10,30.30659294128418
2009-07-13,30.88807487487793
2009-07-14,31.000904083251953
2009-07-15,32.04236602783203
2009-07-16,32.42424011230469
2009-07-17,32.59781265258789
2009-07-20,32.910247802734375
2009-07-21,33.13589859008789
2009-07-22,33.413631439208984
2009-07-23,34.15132522583008
2009-07-24,33.89097595214844
2009-07-27,34.15132522583008
2009-07-28,33.916988372802734
2009-07-29,34.142642974853516
2009-07-30,34.34226989746094
2009-07-31,34.238121032714844
2009-08-03,34.75016784667969
2009-08-04,34.75016784667969
2009-08-05,34.481143951416016
2009-08-06,34.177364349365234
2009-08-07,34.6113166809082
2009-08-10,34.36830139160156
2009-08-11,34.073211669921875
2009-08-12,34.602638244628906
2009-08-13,34.793575286865234
2009-08-14,34.39433670043945
2009-08-17,33.39628219604492
2009-08-18,33.87361526489258
2009-08-19,34.10793685913086
2009-08-20,34.507164001464844
2009-08-21,34.967166900634766
2009-08-24,34.932430267333984
2009-08-25,35.036590576171875
2009-08-26,34.97583770751953
2009-08-27,35.0626220703125
2009-08-28,35.09732437133789
2009-08-31,34.74149703979492
2009-09-01,34.090579986572266
2009-09-02,34.06455993652344
2009-09-03,34.29020309448242
2009-09-04,35.02790069580078
2009-09-08,35.357696533203125
2009-09-09,35.66145324707031
2009-09-10,35.99991226196289
2009-09-11,36.03464126586914
2009-09-14,36.173526763916016
2009-09-15,36.286346435546875
2009-09-16,36.81574630737305
2009-09-17,36.807071685791016
2009-09-18,36.86872863769531
2009-09-21,36.9816780090332
2009-09-22,37.051185607910156
2009-09-23,36.877437591552734
2009-09-24,36.54732131958008
2009-09-25,36.22589874267578
2009-09-28,36.84268569946289
2009-09-29,36.67763900756836
2009-09-30,36.703678131103516
2009-10-01,35.61778259277344
2009-10-02,35.513519287109375
2009-10-05,35.80022048950195
2009-10-06,36.43437957763672
2009-10-07,36.53862762451172
2009-10-08,36.69500732421875
2009-10-09,36.90351104736328
2009-10-12,36.9816780090332
2009-10-13,36.99037170410156
2009-10-14,37.49421691894531
2009-10-15,37.40736770629883
2009-10-16,37.164119720458984
2009-10-19,37.53767776489258
2009-10-20,37.54636001586914
2009-10-21,37.47685241699219
2009-10-22,37.62452697753906
2009-10-23,37.46816635131836
2009-10-26,37.34654235839844
2009-10-27,36.78187561035156
2009-10-28,35.95658874511719
2009-10-29,36.564697265625
2009-10-30,35.58302688598633
2009-11-02,35.73072052001953
2009-11-03,35.84364318847656
2009-11-04,35.90446472167969
2009-11-05,36.79054260253906
2009-11-06,37.00774383544922
2009-11-09,37.79829025268555
2009-11-10,37.89385223388672
2009-11-11,38.13709259033203
2009-11-12,37.919921875
2009-11-13,38.23264694213867
2009-11-16,38.62356185913086
2009-11-17,38.74519729614258
2009-11-18,38.528011322021484
2009-11-19,37.928592681884766
2009-11-20,37.73745346069336
2009-11-23,38.3455810546875
2009-11-24,38.215267181396484
2009-11-25,38.38033676147461
2009-11-27,37.79829025268555
2009-11-30,37.84171676635742
2009-12-01,38.23264694213867
2009-12-02,38.28478240966797
2009-12-03,38.128414154052734
2009-12-04,38.328189849853516
2009-12-07,38.145774841308594
2009-12-08,37.91121292114258
2009-12-09,38.29346466064453
2009-12-10,38.48457717895508
2009-12-11,38.33688735961914
2009-12-14,38.70176696777344
2009-12-15,38.48457717895508
2009-12-16,38.536705017089844
2009-12-17,38.067596435546875
2009-12-18,38.688026428222656
2009-12-21,39.12310028076172
2009-12-22,39.35807800292969
2009-12-23,39.64522171020508
2009-12-24,40.010704040527344
2009-12-28,40.219539642333984
2009-12-29,40.054203033447266
2009-12-30,40.176029205322266
2009-12-31,39.81055450439453
2010-01-04,40.3935661315918
2010-01-05,40.3935661315918
2010-01-06,40.14992141723633
2010-01-07,40.176029205322266
2010-01-08,40.50669479370117
2010-01-11,40.341365814208984
2010-01-12,39.836666107177734
2010-01-13,40.3326416015625
2010-01-14,40.36743927001953
2010-01-15,39.89756393432617
2010-01-19,40.541500091552734
2010-01-20,39.95847702026367
2010-01-21,39.584312438964844
2010-01-22,38.426963806152344
2010-01-25,38.55748748779297
2010-01-26,38.59230422973633
2010-01-27,38.89685821533203
2010-01-28,37.896141052246094
2010-01-29,37.234832763671875
2010-02-01,37.64381408691406
2010-02-02,37.98316955566406
2010-02-03,38.19202423095703
2010-02-04,37.0869026184082
2010-02-05,37.40016174316406
2010-02-08,37.13041687011719
2010-02-09,37.513275146484375
2010-02-10,37.434967041015625
2010-02-11,38.00057601928711
2010-02-12,38.07889175415039
2010-02-16,38.566200256347656
2010-02-17,38.783756256103516
2010-02-18,39.02739715576172
2010-02-19,39.00999450683594
2010-02-22,38.931663513183594
2010-02-23,38.426963806152344
2010-02-24,38.81853485107422
2010-02-25,38.809852600097656
2010-02-26,38.949073791503906
2010-03-01,39.51469039916992
2010-03-02,39.63650894165039
2010-03-03,39.68001937866211
2010-03-04,39.81055450439453
2010-03-05,40.41095733642578
2010-03-08,40.48929214477539
2010-03-09,40.71552658081055
2010-03-10,41.04618453979492
2010-03-11,41.20283126831055
2010-03-12,41.21152877807617
2010-03-15,41.10711669921875
2010-03-16,41.36815643310547
2010-03-17,41.481292724609375
2010-03-18,41.620513916015625
2010-03-19,41.36878204345703
2010-03-22,41.74333572387695
2010-03-23,42.030799865722656
2010-03-24,41.8304557800293
2010-03-25,41.769466400146484
2010-03-26,41.813026428222656
2010-03-29,42.01337432861328
2010-03-30,42.152774810791016
2010-03-31,41.95240783691406
2010-04-01,41.95240783691406
2010-04-05,42.34440231323242
2010-04-06,42.46637725830078
2010-04-07,42.361820220947266
2010-04-08,42.45764923095703
2010-04-09,42.71026611328125
2010-04-12,42.7451057434082
2010-04-13,42.96287155151367
2010-04-14,43.47685623168945
2010-04-15,43.668479919433594
2010-04-16,43.145816802978516
2010-04-19,43.119693756103516
2010-04-20,43.337459564208984
2010-04-21,43.58137893676758
2010-04-22,43.82529830932617
2010-04-23,44.00821304321289
2010-04-26,43.91238784790039
2010-04-27,42.980316162109375
2010-04-28,43.00645446777344
2010-04-29,43.755584716796875
2010-04-30,42.89320373535156
2010-05-03,43.4942512512207
2010-05-04,42.187591552734375
2010-05-05,41.96983337402344
2010-05-06,40.567352294921875
2010-05-07,39.55687713623047
2010-05-10,41.612674713134766
2010-05-11,41.56912612915039
2010-05-12,42.35309600830078
2010-05-13,41.68234634399414
2010-05-14,40.880943298339844
2010-05-17,41.011619567871094
2010-05-18,40.445396423339844
2010-05-19,40.12309646606445
2010-05-20,38.63351058959961
2010-05-21,39.06032943725586
2010-05-24,38.90353775024414
2010-05-25,38.938377380371094
2010-05-26,38.50283432006836
2010-05-27,39.95756530761719
2010-05-28,39.72238540649414
2010-06-01,39.35650634765625
2010-06-02,40.28860855102539
2010-06-03,40.6718864440918
2010-06-04,39.27812194824219
2010-06-07,38.56380081176758
2010-06-08,38.49412536621094
2010-06-09,38.17182159423828
2010-06-10,39.26069259643555
2010-06-11,39.635257720947266
2010-06-14,39.62657165527344
2010-06-15,40.68932342529297
2010-06-16,40.85481262207031
2010-06-17,40.98546600341797
2010-06-18,41.01952362060547
2010-06-21,40.670413970947266
2010-06-22,40.356239318847656
2010-06-23,40.190391540527344
2010-06-24,39.5794792175293
2010-06-25,39.58734893798828
2010-06-28,39.44742202758789
2010-06-29,37.92586135864258
2010-06-30,37.34869384765625
2010-07-01,37.24375915527344
2010-07-02,37.13882064819336
2010-07-06,37.252506256103516
2010-07-07,38.44178009033203
2010-07-08,38.65165710449219
2010-07-09,39.018951416015625
2010-07-12,39.13262176513672
2010-07-13,39.63981246948242
2010-07-14,39.8409423828125
2010-07-15,39.875911712646484
2010-07-16,38.774070739746094
2010-07-19,39.106388092041016
2010-07-20,39.578609466552734
2010-07-21,39.03642272949219
2010-07-22,40.024593353271484
2010-07-23,40.27818298339844
2010-07-26,40.61046600341797
2010-07-27,40.59298324584961
2010-07-28,40.26942443847656
2010-07-29,39.972103118896484
2010-07-30,40.05955123901367
2010-08-02,40.811607360839844
2010-08-03,40.63670349121094
2010-08-04,41.04770278930664
2010-08-05,40.95152282714844
2010-08-06,40.890296936035156
2010-08-09,41.170143127441406
2010-08-10,40.811607360839844
2010-08-11,39.70102310180664
2010-08-12,39.38622283935547
2010-08-13,39.106388092041016
2010-08-16,39.17633056640625
2010-08-17,39.674781799316406
2010-08-18,39.83218002319336
2010-08-19,39.228816986083984
2010-08-20,39.28127670288086
2010-08-23,38.89649200439453
2010-08-24,38.17070007324219
2010-08-25,38.5379753112793
2010-08-26,38.074501037597656
2010-08-27,38.5379753112793
2010-08-30,38.135719299316406
2010-08-31,38.004539489746094
2010-09-01,39.141357421875
2010-09-02,39.578609466552734
2010-09-03,40.23445510864258
2010-09-07,39.96335983276367
2010-09-08,40.44432830810547
2010-09-09,40.60174560546875
2010-09-10,40.75038528442383
2010-09-13,41.31880569458008
2010-09-14,41.49369430541992
2010-09-15,41.75602340698242
2010-09-16,41.92218780517578
2010-09-17,42.06417465209961
2010-09-20,42.800453186035156
2010-09-21,42.791690826416016
2010-09-22,42.67774200439453
2010-09-23,42.66020965576172
2010-09-24,43.527957916259766
2010-09-27,43.29130935668945
2010-09-28,43.273765563964844
2010-09-29,43.203670501708984
2010-09-30,43.01081466674805
2010-10-01,42.958229064941406
2010-10-04,42.49365997314453
2010-10-05,43.527957916259766
2010-10-06,43.15105056762695
2010-10-07,43.308834075927734
2010-10-08,43.606849670410156
2010-10-11,43.6243782043457
2010-10-12,43.92241287231445
2010-10-13,44.281776428222656
2010-10-14,44.194122314453125
2010-10-15,45.131996154785156
2010-10-18,44.96544647216797
2010-10-19,44.54472732543945
2010-10-20,44.86904525756836
2010-10-21,44.95669937133789
2010-10-22,45.26346969604492
2010-10-25,45.48260498046875
2010-10-26,45.60531997680664
2010-10-27,45.74555969238281
2010-10-28,45.84198760986328
2010-10-29,45.73679733276367
2010-11-01,45.77186584472656
2010-11-02,46.26271057128906
2010-11-03,46.47307586669922
2010-11-04,47.042816162109375
2010-11-05,47.042816162109375
2010-11-08,47.10416793823242
2010-11-09,46.84996795654297
2010-11-10,47.08663558959961
2010-11-11,46.788631439208984
2010-11-12,46.02605438232422
2010-11-15,45.850730895996094
2010-11-16,45.0969352722168
2010-11-17,45.22842788696289
2010-11-18,45.95592498779297
2010-11-19,45.990989685058594
2010-11-22,46.376670837402344
2010-11-23,45.6403694152832
2010-11-24,46.56073760986328
2010-11-26,46.253944396972656
2010-11-29,46.218868255615234
2010-11-30,45.65790939331055
2010-12-01,46.6220817565918
2010-12-02,47.09539031982422
2010-12-03,47.21812057495117
2010-12-06,47.20060348510742
2010-12-07,47.226890563964844
2010-12-08,47.402198791503906
2010-12-09,47.446014404296875
2010-12-10,47.761566162109375
2010-12-13,47.59502410888672
2010-12-14,47.682674407958984
2010-12-15,47.47230529785156
2010-12-16,47.840450286865234
2010-12-17,47.88261795043945
2010-12-20,47.91773986816406
2010-12-21,48.20754623413086
2010-12-22,48.198768615722656
2010-12-23,48.07582092285156
2010-12-27,48.10215377807617
2010-12-28,48.01431655883789
2010-12-29,48.119747161865234
2010-12-30,48.00554656982422
2010-12-31,47.82990264892578
2011-01-03,48.576438903808594
2011-01-04,48.54130172729492
2011-01-05,48.95408248901367
2011-01-06,49.11215591430664
2011-01-07,49.06824493408203
2011-01-10,49.252685546875
2011-01-11,49.32294845581055
2011-01-12,49.674251556396484
2011-01-13,49.691802978515625
2011-01-14,50.060665130615234
2011-01-18,50.201202392578125
2011-01-19,49.630340576171875
2011-01-20,49.2790412902832
2011-01-21,48.90138244628906
2011-01-24,49.57763671875
2011-01-25,49.647911071777344
2011-01-26,49.91136932373047
2011-01-27,50.21876525878906
2011-01-28,48.94528579711914
2011-01-31,49.182437896728516
2011-02-01,50.104591369628906
2011-02-02,50.025550842285156
2011-02-03,50.113380432128906
2011-02-04,50.394412994384766
2011-02-07,50.63153839111328
2011-02-08,50.96528244018555
2011-02-09,50.87745666503906
2011-02-10,50.956504821777344
2011-02-11,51.32537841796875
2011-02-14,51.448341369628906
2011-02-15,51.37807083129883
2011-02-16,51.711795806884766
2011-02-17,51.694252014160156
2011-02-18,51.58005142211914
2011-02-22,50.08701705932617
2011-02-23,49.674251556396484
2011-02-24,49.93772888183594
2011-02-25,50.63153839111328
2011-02-28,50.7369384765625
2011-03-01,49.92015075683594
2011-03-02,50.18364334106445
2011-03-03,51.17607116699219
2011-03-04,50.9125862121582
2011-03-07,50.22755813598633
2011-03-08,50.429542541503906
2011-03-09,50.08701705932617
2011-03-10,49.305381774902344
2011-03-11,49.61277389526367
2011-03-14,49.4371337890625
2011-03-15,48.73452377319336
2011-03-16,47.557640075683594
2011-03-17,47.99678039550781
2011-03-18,47.888607025146484
2011-03-21,48.81206512451172
2011-03-22,48.7241325378418
2011-03-23,48.996768951416016
2011-03-24,49.86747360229492
2011-03-25,49.990604400634766
2011-03-28,49.717952728271484
2011-03-29,50.20167922973633
2011-03-30,50.43912887573242
2011-03-31,50.50950622558594
2011-04-01,50.5358772277832
2011-04-04,50.3687744140625
2011-04-05,50.23686218261719
2011-04-06,50.359989166259766
2011-04-07,50.324806213378906
2011-04-08,50.08733367919922
2011-04-11,49.92023468017578
2011-04-12,49.577247619628906
2011-04-13,49.99938201904297
2011-04-14,49.911434173583984
2011-04-15,49.8234977722168
2011-04-18,49.47169876098633
2011-04-19,49.77952575683594
2011-04-20,50.9052619934082
2011-04-21,51.30985641479492
2011-04-25,51.441768646240234
2011-04-26,51.73201370239258
2011-04-27,52.08379364013672
2011-04-28,52.004661560058594
2011-04-29,51.96067810058594
2011-05-02,51.86393356323242
2011-05-03,51.61765670776367
2011-05-04,51.53850555419922
2011-05-05,51.25706481933594
2011-05-06,51.424171447753906
2011-05-09,51.61765670776367
2011-05-10,52.05741882324219
2011-05-11,51.67922592163086
2011-05-12,51.987064361572266
2011-05-13,51.37141036987305
2011-05-16,50.48310089111328
2011-05-17,50.623844146728516
2011-05-18,51.045982360839844
2011-05-19,51.19551086425781
2011-05-20,50.80851745605469
2011-05-23,50.06095504760742
2011-05-24,49.753143310546875
2011-05-25,49.9466438293457
2011-05-26,50.25444030761719
2011-05-27,50.50950622558594
2011-05-31,51.32743453979492
2011-06-01,50.2104606628418
2011-06-02,50.316009521484375
2011-06-03,49.55963134765625
2011-06-06,49.155086517333984
2011-06-07,49.06712341308594
2011-06-08,48.71533203125
2011-06-09,48.80327606201172
2011-06-10,48.05570602416992
2011-06-13,48.05570602416992
2011-06-14,48.67134475708008
2011-06-15,47.74788284301758
2011-06-16,47.56317901611328
2011-06-17,47.41422653198242
2011-06-20,47.6610221862793
2011-06-21,48.68353271484375
2011-06-22,48.33094787597656
2011-06-23,48.78048324584961
2011-06-24,47.93429946899414
2011-06-27,48.701168060302734
2011-06-28,49.423973083496094
2011-06-29,49.62669372558594
2011-06-30,50.287811279296875
2011-07-01,51.045860290527344
2011-07-05,51.30148696899414
2011-07-06,51.46896743774414
2011-07-07,52.17416000366211
2011-07-08,52.033119201660156
2011-07-11,51.089927673339844
2011-07-12,50.70210266113281
2011-07-13,50.91365051269531
2011-07-14,50.323055267333984
2011-07-15,50.99298095703125
2011-07-18,50.719722747802734
2011-07-19,51.87444305419922
2011-07-20,51.65407943725586
2011-07-21,51.99784851074219
2011-07-22,52.535552978515625
2011-07-25,52.429771423339844
2011-07-26,52.562007904052734
2011-07-27,51.20454025268555
2011-07-28,51.29267120361328
2011-07-29,51.12519454956055
2011-08-01,50.88720703125
2011-08-02,49.60026168823242
2011-08-03,50.076255798339844
2011-08-04,47.74915313720703
2011-08-05,47.4494743347168
2011-08-08,44.59352493286133
2011-08-09,46.744293212890625
2011-08-10,44.83152389526367
2011-08-11,46.805992126464844
2011-08-12,47.22029113769531
2011-08-15,47.91665267944336
2011-08-16,47.51118850708008
2011-08-17,47.22909927368164
2011-08-18,44.91083908081055
2011-08-19,44.09989547729492
2011-08-22,44.25857925415039
2011-08-23,46.08320236206055
2011-08-24,46.444618225097656
2011-08-25,45.6865348815918
2011-08-26,46.83245086669922
2011-08-29,48.137020111083984
2011-08-30,48.4543571472168
2011-08-31,48.533687591552734
2011-09-01,48.092952728271484
2011-09-02,46.964664459228516
2011-09-06,46.973480224609375
2011-09-07,48.1634635925293
2011-09-08,47.9431037902832
2011-09-09,46.87651443481445
2011-09-12,47.475929260253906
2011-09-13,48.11056900024414
2011-09-14,48.79811477661133
2011-09-15,49.52093505859375
2011-09-16,49.97483825683594
2011-09-19,49.99250411987305
2011-09-20,49.771728515625
2011-09-21,48.906280517578125
2011-09-22,47.31669998168945
2011-09-23,47.820072174072266
2011-09-26,48.37641906738281
2011-09-27,48.879791259765625
2011-09-28,48.1556510925293
2011-09-29,47.58164596557617
2011-09-30,46.354103088378906
2011-10-03,45.16194152832031
2011-10-04,46.08918762207031
2011-10-05,47.27254867553711
2011-10-06,48.067344665527344
2011-10-07,47.749412536621094
2011-10-10,49.40083694458008
2011-10-11,49.73640823364258
2011-10-12,49.98368835449219
2011-10-13,50.442909240722656
2011-10-14,51.37898254394531
2011-10-17,50.58418273925781
2011-10-18,51.21119689941406
2011-10-19,50.22211837768555
2011-10-20,49.97483825683594
2011-10-21,50.601837158203125
2011-10-24,51.652732849121094
2011-10-25,50.637176513671875
2011-10-26,50.575347900390625
2011-10-27,51.97065734863281
2011-10-28,52.05012893676758
2011-10-31,51.17584991455078
2011-11-01,49.84237289428711
2011-11-02,50.266265869140625
2011-11-03,51.30832290649414
2011-11-04,51.04340362548828
2011-11-07,51.405479431152344
2011-11-08,51.99716567993164
2011-11-09,50.16912841796875
2011-11-10,50.14263153076172
2011-11-11,51.08755111694336
2011-11-14,50.769630432128906
2011-11-15,51.334815979003906
2011-11-16,50.48704147338867
2011-11-17,49.30368423461914
2011-11-18,48.92396545410156
2011-11-21,47.98786544799805
2011-11-22,48.14682388305664
2011-11-23,47.06059265136719
2011-11-25,46.69853591918945
2011-11-28,48.32344055175781
2011-11-29,48.023193359375
2011-11-30,49.7982292175293
2011-12-01,50.14263153076172
2011-12-02,50.001338958740234
2011-12-05,50.54886245727539
2011-12-06,50.40756607055664
2011-12-07,50.40756607055664
2011-12-08,49.55978775024414
2011-12-09,50.354576110839844
2011-12-12,49.78940200805664
2011-12-13,49.24188232421875
2011-12-14,48.473567962646484
2011-12-15,48.34109878540039
2011-12-16,48.58999252319336
2011-12-19,48.11168670654297
2011-12-20,49.53769302368164
2011-12-21,48.82914352416992
2011-12-22,49.245399475097656
2011-12-23,49.67055130004883
2011-12-27,49.8558235168457
2011-12-28,49.27960205078125
2011-12-29,49.63418960571289
2011-12-30,49.49237060546875
2012-01-03,50.440914154052734
2012-01-04,50.65365219116211
2012-01-05,51.0703010559082
2012-01-06,51.24760818481445
2012-01-09,51.07917022705078
2012-01-10,51.45148849487305
2012-01-11,51.55787658691406
2012-01-12,51.76176071166992
2012-01-13,51.57561111450195
2012-01-17,52.045440673828125
2012-01-18,52.736900329589844
2012-01-19,53.06489562988281
2012-01-20,52.985107421875
2012-01-23,53.00284194946289
2012-01-24,52.90532302856445
2012-01-25,53.5702018737793
2012-01-26,53.384033203125
2012-01-27,53.54359817504883
2012-01-30,53.58792495727539
2012-01-31,53.658843994140625
2012-02-01,54.09321594238281
2012-02-02,54.26164245605469
2012-02-03,55.006290435791016
2012-02-06,54.961978912353516
2012-02-07,55.07720947265625
2012-02-08,55.36975860595703
2012-02-09,55.768672943115234
2012-02-10,55.37861251831055
2012-02-13,55.89278030395508
2012-02-14,56.03461456298828
2012-02-15,55.64456558227539
2012-02-16,56.40693664550781
2012-02-17,56.22964096069336
2012-02-21,56.38920974731445
2012-02-22,56.13212966918945
2012-02-23,56.504459381103516
2012-02-24,56.69947814941406
2012-02-27,56.77925109863281
2012-02-28,57.3554801940918
2012-02-29,57.098392486572266
2012-03-01,57.550498962402344
2012-03-02,57.50619125366211
2012-03-05,56.9122200012207
2012-03-06,56.35375213623047
2012-03-07,56.78813171386719
2012-03-08,57.39980697631836
2012-03-09,57.6391487121582
2012-03-12,57.665733337402344
2012-03-13,58.738407135009766
2012-03-14,58.942298889160156
2012-03-15,59.1107063293457
2012-03-16,59.06896209716797
2012-03-19,59.4863395690918
2012-03-20,59.59288024902344
2012-03-21,59.601768493652344
2012-03-22,59.47746276855469
2012-03-23,59.44194030761719
2012-03-26,60.48086929321289
2012-03-27,60.56966781616211
2012-03-28,60.329933166503906
2012-03-29,60.09904098510742
2012-03-30,59.98360824584961
2012-04-02,60.605186462402344
2012-04-03,60.58744812011719
2012-04-04,59.76160430908203
2012-04-05,60.13457107543945
2012-04-09,59.681697845458984
2012-04-10,58.722652435302734
2012-04-11,59.00681686401367
2012-04-12,59.681697845458984
2012-04-13,58.775962829589844
2012-04-16,58.11882400512695
2012-04-17,59.299869537353516
2012-04-18,59.148902893066406
2012-04-19,58.48292541503906
2012-04-20,58.323055267333984
2012-04-23,57.7902717590332
2012-04-24,57.47948455810547
2012-04-25,59.00681686401367
2012-04-26,59.353126525878906
2012-04-27,59.70832443237305
2012-04-30,59.28212356567383
2012-05-01,59.379791259765625
2012-05-02,59.54849624633789
2012-05-03,58.918025970458984
2012-05-04,57.452842712402344
2012-05-07,57.50611877441406
2012-05-08,57.293006896972656
2012-05-09,57.11539840698242
2012-05-10,56.999977111816406
2012-05-11,56.991085052490234
2012-05-14,56.45829772949219
2012-05-15,56.271820068359375
2012-05-16,55.88998794555664
2012-05-17,54.70895767211914
2012-05-18,53.99856185913086
2012-05-21,55.50814437866211
2012-05-22,55.44599151611328
2012-05-23,55.55254364013672
2012-05-24,55.1884651184082
2012-05-25,55.1174430847168
2012-05-29,55.81894302368164
2012-05-30,55.348297119140625
2012-05-31,55.10856628417969
2012-06-01,53.64335632324219
2012-06-04,54.05183792114258
2012-06-05,54.27385330200195
2012-06-06,55.51703643798828
2012-06-07,55.29502487182617
2012-06-08,55.827816009521484
2012-06-11,54.886558532714844
2012-06-12,55.55254364013672
2012-06-13,55.17070388793945
2012-06-14,55.37493896484375
2012-06-15,56.06294250488281
2012-06-18,56.588043212890625
2012-06-19,57.17548370361328
2012-06-20,57.219966888427734
2012-06-21,55.795928955078125
2012-06-22,56.38334274291992
2012-06-25,55.29751968383789
2012-06-26,55.64461898803711
2012-06-27,55.98283767700195
2012-06-28,55.35981369018555
2012-06-29,57.10426712036133
2012-07-02,57.27338409423828
2012-07-03,57.75398635864258
2012-07-05,57.78960418701172
2012-07-06,57.06866455078125
2012-07-09,56.96186447143555
2012-07-10,56.40114974975586
2012-07-11,56.089630126953125
2012-07-12,55.56452178955078
2012-07-13,56.410057067871094
2012-07-16,56.249847412109375
2012-07-17,56.54355239868164
2012-07-18,57.30897903442383
2012-07-19,57.940895080566406
2012-07-20,57.17548370361328
2012-07-23,56.481239318847656
2012-07-24,56.0362434387207
2012-07-25,55.66243362426758
2012-07-26,56.40114974975586
2012-07-27,57.7361946105957
2012-07-30,57.69169998168945
2012-07-31,57.67390060424805
2012-08-01,57.50477600097656
2012-08-02,57.30008316040039
2012-08-03,58.385921478271484
2012-08-06,58.830936431884766
2012-08-07,59.32045364379883
2012-08-08,59.293739318847656
2012-08-09,59.471763610839844
2012-08-10,59.50735092163086
2012-08-13,59.64976119995117
2012-08-14,59.676475524902344
2012-08-15,59.82776641845703
2012-08-16,60.539756774902344
2012-08-17,60.80679702758789
2012-08-20,60.89579772949219
2012-08-21,60.655494689941406
2012-08-22,60.904693603515625
2012-08-23,60.40629196166992
2012-08-24,60.780094146728516
2012-08-27,60.877994537353516
2012-08-28,60.877994537353516
2012-08-29,60.877994537353516
2012-08-30,60.263858795166016
2012-08-31,60.66437911987305
2012-09-04,60.60209274291992
2012-09-05,60.539756774902344
2012-09-06,61.88372802734375
2012-09-07,61.794734954833984
2012-09-10,61.002601623535156
2012-09-11,60.904693603515625
2012-09-12,61.082698822021484
2012-09-13,61.91040802001953
2012-09-14,62.462242126464844
2012-09-17,62.48893737792969
2012-09-18,62.54237365722656
2012-09-19,62.65806198120117
2012-09-20,62.59575271606445
2012-09-21,62.61360168457031
2012-09-24,62.24765396118164
2012-09-25,61.372955322265625
2012-09-26,60.87311553955078
2012-09-27,61.71210861206055
2012-09-28,61.203346252441406
2012-10-01,61.11408615112305
2012-10-02,61.29262161254883
2012-10-03,61.685340881347656
2012-10-04,61.8995361328125
2012-10-05,61.56930160522461
2012-10-08,61.00697326660156
2012-10-09,60.03407287597656
2012-10-10,59.73060989379883
2012-10-11,59.543190002441406
2012-10-12,59.516380310058594
2012-10-15,59.953765869140625
2012-10-16,60.80171585083008
2012-10-17,60.76600646972656
2012-10-18,60.06087875366211
2012-10-19,58.62382888793945
2012-10-22,58.92728805541992
2012-10-23,58.3649787902832
2012-10-24,58.15970230102539
2012-10-25,58.15970230102539
2012-10-26,58.32928466796875
2012-10-31,57.972251892089844
2012-11-01,58.79340744018555
2012-11-02,58.168617248535156
2012-11-05,58.55241394042969
2012-11-06,58.6595344543457
2012-11-07,57.27605438232422
2012-11-08,56.37455368041992
2012-11-09,56.615543365478516
2012-11-12,56.606624603271484
2012-11-13,56.213890075683594
2012-11-14,55.55339431762695
2012-11-15,55.3659553527832
2012-11-16,55.60696029663086
2012-11-19,56.92795181274414
2012-11-20,56.94580078125
2012-11-21,57.06184005737305
2012-11-23,57.92761993408203
2012-11-26,58.17753601074219
2012-11-27,57.9811897277832
2012-11-28,58.48101806640625
2012-11-29,58.82912063598633
2012-11-30,58.73093795776367
2012-12-03,58.614898681640625
2012-12-04,58.57919692993164
2012-12-05,57.92761993408203
2012-12-06,58.30249786376953
2012-12-07,57.95441436767578
2012-12-10,58.12399673461914
2012-12-11,58.88267517089844
2012-12-12,58.757713317871094
2012-12-13,58.293575286865234
2012-12-14,57.74018478393555
2012-12-17,58.507781982421875
2012-12-18,59.400352478027344
2012-12-19,59.14152908325195
2012-12-20,59.14152908325195
2012-12-21,58.5195198059082
2012-12-24,58.402854919433594
2012-12-26,57.89124298095703
2012-12-27,57.80149459838867
2012-12-28,57.24502182006836
2012-12-31,58.45668411254883
2013-01-02,60.314613342285156
2013-01-03,60.00046920776367
2013-01-04,59.803001403808594
2013-01-07,59.82095718383789
2013-01-08,59.70426559448242
2013-01-09,59.92864990234375
2013-01-10,60.28767013549805
2013-01-11,60.368431091308594
2013-01-14,60.099205017089844
2013-01-15,59.803001403808594
2013-01-16,60.04534149169922
2013-01-17,60.33255386352539
2013-01-18,60.19792175292969
2013-01-22,60.29664611816406
2013-01-23,60.66462326049805
2013-01-24,59.829917907714844
2013-01-25,60.13508987426758
2013-01-28,60.26972198486328
2013-01-29,60.27872085571289
2013-01-30,60.15304946899414
2013-01-31,60.01840591430664
2013-02-01,60.72747039794922
2013-02-04,59.668357849121094
2013-02-05,60.547950744628906
2013-02-06,60.350521087646484
2013-02-07,60.40436553955078
2013-02-08,61.02364730834961
2013-02-11,61.0416145324707
2013-02-12,60.7902946472168
2013-02-13,61.0057258605957
2013-02-14,60.98775100708008
2013-02-15,60.80826187133789
2013-02-19,61.24806594848633
2013-02-20,60.30561828613281
2013-02-21,59.659393310546875
2013-02-22,60.260746002197266
2013-02-25,59.515777587890625
2013-02-26,59.740135192871094
2013-02-27,60.350521087646484
2013-02-28,60.22483444213867
2013-03-01,60.47616195678711
2013-03-04,60.74542236328125
2013-03-05,61.6429443359375
2013-03-06,61.49037170410156
2013-03-07,61.65193176269531
2013-03-08,61.72372055053711
2013-03-11,61.90325164794922
2013-03-12,61.67885971069336
2013-03-13,61.59804153442383
2013-03-14,61.804500579833984
2013-03-15,61.63269805908203
2013-03-18,61.49774169921875
2013-03-19,61.38080596923828
2013-03-20,61.81260681152344
2013-03-21,61.11090087890625
2013-03-22,61.70462417602539
2013-03-25,61.47975158691406
2013-03-26,61.81260681152344
2013-03-27,61.893585205078125
2013-03-28,62.04651641845703
2013-04-01,61.62369918823242
2013-04-02,62.109493255615234
2013-04-03,61.54271697998047
2013-04-04,61.56069564819336
2013-04-05,61.047950744628906
2013-04-08,61.371788024902344
2013-04-09,61.78562545776367
2013-04-10,62.99110794067383
2013-04-11,62.96410369873047
2013-04-12,62.91911315917969
2013-04-15,61.67768096923828
2013-04-16,62.49633026123047
2013-04-17,61.2728385925293
2013-04-18,60.427207946777344
2013-04-19,61.25484848022461
2013-04-22,61.88459777832031
2013-04-23,62.478328704833984
2013-04-24,62.45133590698242
2013-04-25,62.78421401977539
2013-04-26,62.58628845214844
2013-04-29,63.16203689575195
2013-04-30,63.620819091796875
2013-05-01,63.323974609375
2013-05-02,64.12461853027344
2013-05-03,64.88029479980469
2013-05-06,65.13219451904297
2013-05-07,65.0962142944336
2013-05-08,65.41104888916016
2013-05-09,65.32112121582031
2013-05-10,65.71693420410156
2013-05-13,65.79791259765625
2013-05-14,66.1397705078125
2013-05-15,66.27469635009766
2013-05-16,66.2027359008789
2013-05-17,66.84146118164062
2013-05-20,66.74250793457031
2013-05-21,66.814453125
2013-05-22,66.229736328125
2013-05-23,66.07677459716797
2013-05-24,66.04080200195312
2013-05-28,66.47261810302734
2013-05-29,66.15775299072266
2013-05-30,66.50859832763672
2013-05-31,65.8968734741211
2013-06-03,66.01380157470703
2013-06-04,65.67195129394531
2013-06-05,64.81729125976562
2013-06-06,65.13219451904297
2013-06-07,66.02281188964844
2013-06-10,66.0497817993164
2013-06-11,65.39305877685547
2013-06-12,64.63741302490234
2013-06-13,65.4560317993164
2013-06-14,65.02422332763672
2013-06-17,65.65396118164062
2013-06-18,66.19375610351562
2013-06-19,65.4560317993164
2013-06-20,63.89973831176758
2013-06-21,63.56041717529297
2013-06-24,62.92867660522461
2013-06-25,63.388912200927734
2013-06-26,63.957496643066406
2013-06-27,64.22821044921875
2013-06-28,64.31844329833984
2013-07-01,64.71554565429688
2013-07-02,64.74259948730469
2013-07-03,65.00435638427734
2013-07-05,65.50069427490234
2013-07-08,65.56383514404297
2013-07-09,65.96092987060547
2013-07-10,66.33995819091797
2013-07-11,67.6575698852539
2013-07-12,67.95539855957031
2013-07-15,68.10881042480469
2013-07-16,68.01854705810547
2013-07-17,68.1900405883789
2013-07-18,68.01854705810547
2013-07-19,67.31465148925781
2013-07-22,67.51317596435547
2013-07-23,67.0168228149414
2013-07-24,67.23340606689453
2013-07-25,67.6575698852539
2013-07-26,68.01854705810547
2013-07-29,67.8921890258789
2013-07-30,68.25321197509766
2013-07-31,68.37956237792969
2013-08-01,69.074462890625
2013-08-02,69.46246337890625
2013-08-05,69.50759887695312
2013-08-06,69.09248352050781
2013-08-07,68.9661636352539
2013-08-08,69.30908203125
2013-08-09,69.02931213378906
2013-08-12,69.1917495727539
2013-08-13,69.57979583740234
2013-08-14,69.31809997558594
2013-08-15,68.1448974609375
2013-08-16,68.11783599853516
2013-08-19,68.0005111694336
2013-08-20,68.29830169677734
2013-08-21,68.06369018554688
2013-08-22,68.73149108886719
2013-08-23,69.1917495727539
2013-08-26,69.22785186767578
2013-08-27,67.81098175048828
2013-08-28,68.07269287109375
2013-08-29,68.55097961425781
2013-08-30,68.10881042480469
2013-09-03,68.4968490600586
2013-09-04,69.22785186767578
2013-09-05,69.34516906738281
2013-09-06,69.4263916015625
2013-09-09,70.23860931396484
2013-09-10,70.58152770996094
2013-09-11,70.44618225097656
2013-09-12,70.40105438232422
2013-09-13,70.44618225097656
2013-09-16,70.25664520263672
2013-09-17,70.7259521484375
2013-09-18,71.57426452636719
2013-09-19,71.7457275390625
2013-09-20,71.4994888305664
2013-09-23,71.35470581054688
2013-09-24,71.35470581054688
2013-09-25,71.11028289794922
2013-09-26,71.66244506835938
2013-09-27,71.57193756103516
2013-09-30,71.39994812011719
2013-10-01,72.12408447265625
2013-10-02,72.09691619873047
2013-10-03,71.25511169433594
2013-10-04,71.87065887451172
2013-10-07,71.27320098876953
2013-10-08,69.8973617553711
2013-10-09,69.68011474609375
2013-10-10,71.15554809570312
2013-10-11,71.71676635742188
2013-10-14,72.22364807128906
2013-10-15,71.94303131103516
2013-10-16,72.75772094726562
2013-10-17,73.17406463623047
2013-10-18,74.35983276367188
2013-10-21,74.52276611328125
2013-10-22,74.63137817382812
2013-10-23,74.17882537841797
2013-10-24,74.50467681884766
2013-10-25,75.03872680664062
2013-10-28,75.05681610107422
2013-10-29,75.18355560302734
2013-10-30,75.11111450195312
2013-10-31,74.93914031982422
2013-11-01,74.957275390625
2013-11-04,75.06587219238281
2013-11-05,75.14735412597656
2013-11-06,75.12921905517578
2013-11-07,73.71721649169922
2013-11-08,74.7128677368164
2013-11-11,74.59518432617188
2013-11-12,74.7128677368164
2013-11-13,75.6180648803711
2013-11-14,75.85340118408203
2013-11-15,75.99821472167969
2013-11-18,75.25597381591797
2013-11-19,75.03872680664062
2013-11-20,74.8576889038086
2013-11-21,75.6180648803711
2013-11-22,76.02537536621094
2013-11-25,76.20640563964844
2013-11-26,76.60467529296875
2013-11-27,77.13872528076172
2013-11-29,77.60038757324219
2013-12-02,77.37406921386719
2013-12-03,77.31076049804688
2013-12-04,77.3831558227539
2013-12-05,77.28356170654297
2013-12-06,77.84477996826172
2013-12-09,78.16156005859375
2013-12-10,78.10726928710938
2013-12-11,77.10253143310547
2013-12-12,76.90338897705078
2013-12-13,76.80381774902344
2013-12-16,77.22924041748047
2013-12-17,77.07537841796875
2013-12-18,77.97147369384766
2013-12-19,77.7542495727539
2013-12-20,78.54608917236328
2013-12-23,79.37238311767578
2013-12-24,79.40872192382812
2013-12-26,79.6720199584961
2013-12-27,79.4722671508789
2013-12-30,79.35424041748047
2013-12-31,79.87181091308594
2014-01-02,79.2452621459961
2014-01-03,78.6731948852539
2014-01-06,78.38263702392578
2014-01-07,79.10910034179688
2014-01-08,79.28158569335938
2014-01-09,79.01825714111328
2014-01-10,79.27250671386719
2014-01-13,78.10111999511719
2014-01-14,79.59033203125
2014-01-15,80.24414825439453
2014-01-16,80.25321960449219
2014-01-17,79.7991714477539
2014-01-21,80.4075927734375
2014-01-22,80.61643981933594
2014-01-23,80.3440170288086
2014-01-24,78.76399230957031
2014-01-27,78.00125122070312
2014-01-28,77.95584869384766
2014-01-29,77.12044525146484
2014-01-30,78.54608917236328
2014-01-31,78.33717346191406
2014-02-03,76.5392837524414
2014-02-04,77.1022720336914
2014-02-05,76.90249633789062
2014-02-06,77.8831787109375
2014-02-07,79.27250671386719
2014-02-10,79.72653198242188
2014-02-11,80.63459014892578
2014-02-12,80.7889404296875
2014-02-13,81.38824462890625
2014-02-14,81.55171203613281
2014-02-18,81.9512710571289
2014-02-19,81.38824462890625
2014-02-20,81.7696533203125
2014-02-21,81.66069793701172
2014-02-24,82.09652709960938
2014-02-25,82.00572967529297
2014-02-26,81.93311309814453
2014-02-27,82.46466827392578
2014-02-28,82.37351989746094
2014-03-03,81.76256561279297
2014-03-04,82.80204772949219
2014-03-05,83.02997589111328
2014-03-06,82.9570541381836
2014-03-07,82.54672241210938
2014-03-10,82.61968994140625
2014-03-11,82.26406860351562
2014-03-12,82.57411193847656
2014-03-13,81.40697479248047
2014-03-14,80.85075378417969
2014-03-17,81.5619888305664
2014-03-18,82.54672241210938
2014-03-19,82.09996032714844
2014-03-20,82.32791137695312
2014-03-21,81.33724212646484
2014-03-24,80.6243896484375
2014-03-25,80.88943481445312
2014-03-26,79.84756469726562
2014-03-27,79.39977264404297
2014-03-28,79.55514526367188
2014-03-31,80.12173461914062
2014-04-01,81.52914428710938
2014-04-02,81.7394027709961
2014-04-03,81.09049224853516
2014-04-04,78.93367004394531
2014-04-07,78.18428039550781
2014-04-08,78.90624237060547
2014-04-09,80.25886535644531
2014-04-10,77.77301788330078
2014-04-11,76.86827087402344
2014-04-14,77.47142028808594
2014-04-15,77.72733306884766
2014-04-16,78.76004028320312
2014-04-17,78.77827453613281
2014-04-21,79.36319732666016
2014-04-22,79.9937973022461
2014-04-23,79.29010009765625
2014-04-24,80.04862213134766
2014-04-25,78.7691879272461
2014-04-28,79.0250473022461
2014-04-29,79.6556625366211
2014-04-30,79.8658447265625
2014-05-01,80.10346984863281
2014-05-02,79.95724487304688
2014-05-05,80.37764739990234
2014-05-06,79.3357925415039
2014-05-07,79.10730743408203
2014-05-08,79.03419494628906
2014-05-09,79.32664489746094
2014-05-12,80.633544921875
2014-05-13,80.68839263916016
2014-05-14,80.26798248291016
2014-05-15,79.63740539550781
2014-05-16,80.15827941894531
2014-05-19,80.71574401855469
2014-05-20,80.42332458496094
2014-05-21,81.19100952148438
2014-05-22,81.54743957519531
2014-05-23,82.1414566040039
2014-05-27,83.16503143310547
2014-05-28,82.90914916992188
2014-05-29,83.4392318725586
2014-05-30,83.44835662841797
2014-06-02,83.36608123779297
2014-06-03,83.32955169677734
2014-06-04,83.64027404785156
2014-06-05,84.34396362304688
2014-06-06,84.82835388183594
2014-06-09,84.76435089111328
2014-06-10,84.91059875488281
2014-06-11,84.89228820800781
2014-06-12,84.1246109008789
2014-06-13,84.37139129638672
2014-06-16,84.44451141357422
2014-06-17,84.49020385742188
2014-06-18,84.96541595458984
2014-06-19,84.91059875488281
2014-06-20,85.01045989990234
2014-06-23,85.02880096435547
2014-06-24,84.94629669189453
2014-06-25,85.48698425292969
2014-06-26,85.53279113769531
2014-06-27,85.90851593017578
2014-06-30,86.05513000488281
2014-07-01,86.99896240234375
2014-07-02,87.14557647705078
2014-07-03,87.6954116821289
2014-07-07,87.42965698242188
2014-07-08,86.3758316040039
2014-07-09,87.01726531982422
2014-07-10,86.7424087524414
2014-07-11,87.30138397216797
2014-07-14,87.82369232177734
2014-07-15,87.52130126953125
2014-07-16,87.86949157714844
2014-07-17,86.70574951171875
2014-07-18,88.08024597167969
2014-07-21,87.9703140258789
2014-07-22,88.529296875
2014-07-23,89.09744262695312
2014-07-24,88.99662017822266
2014-07-25,88.64840698242188
2014-07-28,88.67588806152344
2014-07-29,88.52011108398438
2014-07-30,88.86833953857422
2014-07-31,87.072265625
2014-08-01,86.7515640258789
2014-08-04,87.34717559814453
2014-08-05,86.67826080322266
2014-08-06,86.61408996582031
2014-08-07,86.33919525146484
2014-08-08,86.96229553222656
2014-08-11,87.47549438476562
2014-08-12,87.4388198852539
2014-08-13,88.36433410644531
2014-08-14,88.8225326538086
2014-08-15,89.2531967163086
2014-08-18,89.94050598144531
2014-08-19,90.44447326660156
2014-08-20,90.44447326660156
2014-08-21,90.62773895263672
2014-08-22,90.76520538330078
2014-08-25,91.08592987060547
2014-08-26,91.17755889892578
2014-08-27,91.19586181640625
2014-08-28,91.09510040283203
2014-08-29,91.43413543701172
2014-09-02,91.69986724853516
2014-09-03,91.15923309326172
2014-09-04,91.07675170898438
2014-09-05,91.53495788574219
2014-09-08,91.70903015136719
2014-09-09,90.94847869873047
2014-09-10,91.69986724853516
2014-09-11,91.62659454345703
2014-09-12,91.15923309326172
2014-09-15,90.27951049804688
2014-09-16,91.06759643554688
2014-09-17,91.20503997802734
2014-09-18,91.89231872558594
2014-09-19,91.83536529541016
2014-09-22,90.98111724853516
2014-09-23,90.73311614990234
2014-09-24,91.70677947998047
2014-09-25,89.77783966064453
2014-09-26,90.73311614990234
2014-09-29,90.61370086669922
2014-09-30,90.7422866821289
2014-10-01,89.29103088378906
2014-10-02,89.29103088378906
2014-10-03,90.17282104492188
2014-10-06,89.97990417480469
2014-10-07,88.70317840576172
2014-10-08,90.43000030517578
2014-10-09,88.96951293945312
2014-10-10,86.74668884277344
2014-10-13,85.38722229003906
2014-10-14,85.39640808105469
2014-10-15,84.84530639648438
2014-10-16,84.31255340576172
2014-10-17,85.42395782470703
2014-10-20,86.70074462890625
2014-10-21,88.97872161865234
2014-10-22,88.51943969726562
2014-10-23,89.85134887695312
2014-10-24,90.58617401123047
2014-10-27,90.65044403076172
2014-10-28,92.0190658569336
2014-10-29,91.67919158935547
2014-10-30,91.87211608886719
2014-10-31,93.13969421386719
2014-11-03,93.41527557373047
2014-11-04,93.10293579101562
2014-11-05,93.1121597290039
2014-11-06,93.40605163574219
2014-11-07,93.32340240478516
2014-11-10,93.6540756225586
2014-11-11,93.94798278808594
2014-11-12,94.11334228515625
2014-11-13,94.51750183105469
2014-11-14,94.81143951416016
2014-11-17,94.52669525146484
2014-11-18,95.23397064208984
2014-11-19,94.80223846435547
2014-11-20,95.22477722167969
2014-11-21,95.40846252441406
2014-11-24,96.1524887084961
2014-11-25,96.2994613647461
2014-11-26,96.924072265625
2014-11-28,97.3741226196289
2014-12-01,96.27191925048828
2014-12-02,96.65769958496094
2014-12-03,96.83221435546875
2014-12-04,96.7862777709961
2014-12-05,96.79548645019531
2014-12-08,96.10655975341797
2014-12-09,96.40967559814453
2014-12-10,94.89409637451172
2014-12-11,95.34416961669922
2014-12-12,94.30621337890625
2014-12-15,93.33258819580078
2014-12-16,91.83536529541016
2014-12-17,93.50712585449219
2014-12-18,95.75751495361328
2014-12-19,96.17884063720703
2014-12-22,96.41857147216797
2014-12-23,96.07743072509766
2014-12-24,96.1604232788086
2014-12-26,96.8426513671875
2014-12-29,96.82421112060547
2014-12-30,96.17884063720703
2014-12-31,95.19236755371094
2015-01-02,94.90653228759766
2015-01-05,93.5143814086914
2015-01-06,92.2605209350586
2015-01-07,93.44985961914062
2015-01-08,95.23845672607422
2015-01-09,94.61153411865234
2015-01-12,93.62501525878906
2015-01-13,93.59737396240234
2015-01-14,93.08106994628906
2015-01-15,91.87329864501953
2015-01-16,92.9520034790039
2015-01-20,93.68958282470703
2015-01-21,94.16899108886719
2015-01-22,95.91148376464844
2015-01-23,96.12354278564453
2015-01-26,96.01289367675781
2015-01-27,93.52364349365234
2015-01-28,93.0441665649414
2015-01-29,93.9384994506836
2015-01-30,93.21014404296875
2015-02-02,94.02144622802734
2015-02-03,94.92498016357422
2015-02-04,94.842041015625
2015-02-05,95.66258239746094
2015-02-06,95.08173370361328
2015-02-09,94.77747344970703
2015-02-10,96.25259399414062
2015-02-11,96.60295104980469
2015-02-12,97.72772979736328
2015-02-13,98.5667495727539
2015-02-17,98.65892791748047
2015-02-18,98.79723358154297
2015-02-19,99.28585815429688
2015-02-20,99.94967651367188
2015-02-23,100.05109405517578
2015-02-24,100.12482452392578
2015-02-25,99.87590789794922
2015-02-26,100.38299560546875
2015-02-27,99.9404525756836
2015-03-02,100.84395599365234
2015-03-03,100.37377166748047
2015-03-04,99.9865493774414
2015-03-05,100.1617202758789
2015-03-06,99.0277328491211
2015-03-09,99.31352996826172
2015-03-10,97.46961212158203
2015-03-11,96.90721893310547
2015-03-12,97.54337310791016
2015-03-13,97.1192626953125
2015-03-16,98.37310028076172
2015-03-17,98.52983856201172
2015-03-18,99.49793243408203
2015-03-19,99.64544677734375
2015-03-20,100.2904052734375
2015-03-23,100.09636688232422
2015-03-24,99.73599243164062
2015-03-25,97.45350646972656
2015-03-26,97.12081909179688
2015-03-27,97.50894927978516
2015-03-30,98.6270751953125
2015-03-31,97.58287811279297
2015-04-01,97.07462310791016
2015-04-02,97.13932800292969
2015-04-06,97.93402862548828
2015-04-07,97.7677001953125
2015-04-08,98.54391479492188
2015-04-09,99.16304779052734
2015-04-10,99.56964874267578
2015-04-13,99.32010650634766
2015-04-14,99.0336685180664
2015-04-15,99.6528091430664
2015-04-16,99.51422119140625
2015-04-17,97.96173858642578
2015-04-20,99.43106842041016
2015-04-21,99.85609436035156
2015-04-22,100.40131378173828
2015-04-23,100.78020477294922
2015-04-24,102.14785766601562
2015-04-27,101.88909912109375
2015-04-28,101.68577575683594
2015-04-29,101.04817962646484
2015-04-30,99.4587631225586
2015-05-01,100.7709732055664
2015-05-04,100.93731689453125
2015-05-05,99.29243469238281
2015-05-06,98.60862731933594
2015-05-07,99.20001983642578
2015-05-08,100.43830108642578
2015-05-11,100.0501708984375
2015-05-12,99.59736633300781
2015-05-13,99.8006820678711
2015-05-14,101.2607421875
2015-05-15,101.2607421875
2015-05-18,101.70427703857422
2015-05-19,101.59339904785156
2015-05-20,101.65806579589844
2015-05-21,102.18478393554688
2015-05-22,102.08314514160156
2015-05-26,100.90956115722656
2015-05-27,102.53591918945312
2015-05-28,102.30492401123047
2015-05-29,101.69503784179688
2015-06-01,102.03694915771484
2015-06-02,101.71350860595703
2015-06-03,102.0184555053711
2015-06-04,101.24223327636719
2015-06-05,101.00200653076172
2015-06-08,99.97625732421875
2015-06-09,99.8099136352539
2015-06-10,101.17752838134766
2015-06-11,101.32539367675781
2015-06-12,100.49373626708984
2015-06-15,99.99469757080078
2015-06-16,100.53994750976562
2015-06-17,100.81714630126953
2015-06-18,102.28643798828125
2015-06-19,101.78073120117188
2015-06-22,102.53096008300781
2015-06-23,102.61431884765625
2015-06-24,102.08638763427734
2015-06-25,101.88262176513672
2015-06-26,101.20648956298828
2015-06-29,98.81688690185547
2015-06-30,99.16883087158203
2015-07-01,99.95610046386719
2015-07-02,99.98387908935547
2015-07-06,99.75235748291016
2015-07-07,100.00244140625
2015-07-08,98.26113891601562
2015-07-09,98.2055892944336
2015-07-10,99.70604705810547
2015-07-13,101.45657348632812
2015-07-14,102.1234359741211
2015-07-15,102.23457336425781
2015-07-16,103.679443359375
2015-07-17,105.20769500732422
2015-07-20,105.56892395019531
2015-07-21,105.50408935546875
2015-07-22,104.30928802490234
2015-07-23,103.92028045654297
2015-07-24,102.90145874023438
2015-07-27,102.0493392944336
2015-07-28,102.92926025390625
2015-07-29,103.31824493408203
2015-07-30,103.80915069580078
2015-07-31,103.68871307373047
2015-08-03,103.36454010009766
2015-08-04,103.17005157470703
2015-08-05,103.96659088134766
2015-08-06,102.29939270019531
2015-08-07,102.16974639892578
2015-08-10,103.3367691040039
2015-08-11,102.01229858398438
2015-08-12,102.36422729492188
2015-08-13,102.1975326538086
2015-08-14,102.35501098632812
2015-08-17,103.20709991455078
2015-08-18,102.67916107177734
2015-08-19,102.00304412841797
2015-08-20,99.17811584472656
2015-08-21,94.84343719482422
2015-08-24,91.19420623779297
2015-08-25,90.85150146484375
2015-08-26,95.42697143554688
2015-08-27,97.8443832397461
2015-08-28,97.82585144042969
2015-08-31,96.6125259399414
2015-09-01,93.59305572509766
2015-09-02,96.23279571533203
2015-09-03,95.76040649414062
2015-09-04,94.62117004394531
2015-09-08,97.28863525390625
2015-09-09,96.19568634033203
2015-09-10,97.24231719970703
2015-09-11,97.779541015625
2015-09-14,97.48310852050781
2015-09-15,98.63164520263672
2015-09-16,99.1873550415039
2015-09-17,99.22440338134766
2015-09-18,97.81315612792969
2015-09-21,98.11958312988281
2015-09-22,96.65258026123047
2015-09-23,96.72685241699219
2015-09-24,96.37403869628906
2015-09-25,95.55702209472656
2015-09-28,92.83661651611328
2015-09-29,92.35379028320312
2015-09-30,94.4800033569336
2015-10-01,94.90709686279297
2015-10-02,96.56902313232422
2015-10-05,97.95243835449219
2015-10-06,97.48820495605469
2015-10-07,98.07311248779297
2015-10-08,98.46308135986328
2015-10-09,98.90875244140625
2015-10-12,99.15017700195312
2015-10-13,98.50950622558594
2015-10-14,98.35166931152344
2015-10-15,99.9671630859375
2015-10-16,100.38500213623047
2015-10-19,100.96061706542969
2015-10-20,100.44068145751953
2015-10-21,99.8279037475586
2015-10-22,101.86122131347656
2015-10-23,104.71159362792969
2015-10-26,104.77658081054688
2015-10-27,104.99014282226562
2015-10-28,105.8629150390625
2015-10-29,105.6957778930664
2015-10-30,105.22225952148438
2015-11-02,106.41069030761719
2015-11-03,106.78205871582031
2015-11-04,106.79135131835938
2015-11-05,106.50352478027344
2015-11-06,106.57779693603516
2015-11-09,105.44508361816406
2015-11-10,105.17582702636719
2015-11-11,105.04584503173828
2015-11-12,104.02456665039062
2015-11-13,101.98191833496094
2015-11-16,103.44889831542969
2015-11-17,103.51390838623047
2015-11-18,105.50078582763672
2015-11-19,105.5750732421875
2015-11-20,106.28998565673828
2015-11-23,105.98359680175781
2015-11-24,105.89075469970703
2015-11-25,105.98359680175781
2015-11-27,106.13215637207031
2015-11-30,105.8629150390625
2015-12-01,106.92134857177734
2015-12-02,106.26215362548828
2015-12-03,104.4609146118164
2015-12-04,106.90277862548828
2015-12-07,106.41998291015625
2015-12-08,106.42926788330078
2015-12-09,104.81373596191406
2015-12-10,105.2872543334961
2015-12-11,102.86396789550781
2015-12-14,103.64386749267578
2015-12-15,104.27522277832031
2015-12-16,105.82576751708984
2015-12-17,104.28451538085938
2015-12-18,102.2840805053711
2015-12-21,103.4202880859375
2015-12-22,104.10009765625
2015-12-23,104.87310028076172
2015-12-24,104.85445404052734
2015-12-28,104.79859161376953
2015-12-29,106.44696807861328
2015-12-30,105.48773193359375
2015-12-31,104.17461395263672
2016-01-04,101.97679138183594
2016-01-05,101.79981994628906
2016-01-06,100.82198333740234
2016-01-07,97.66488647460938
2016-01-08,96.86396789550781
2016-01-11,97.16195678710938
2016-01-12,98.28884887695312
2016-01-13,94.89893341064453
2016-01-14,96.91986846923828
2016-01-15,93.9117431640625
2016-01-19,94.11661529541016
2016-01-20,93.82794189453125
2016-01-21,93.92106628417969
2016-01-22,96.64043426513672
2016-01-25,95.20624542236328
2016-01-26,96.06304168701172
2016-01-27,93.66959381103516
2016-01-28,94.9920654296875
2016-01-29,96.97571563720703
2016-02-01,97.23648071289062
2016-02-02,95.13175964355469
2016-02-03,94.6754379272461
2016-02-04,94.66610717773438
2016-02-05,91.37863159179688
2016-02-08,89.981689453125
2016-02-09,89.70227813720703
2016-02-10,90.04686737060547
2016-02-11,89.91651153564453
2016-02-12,91.28549194335938
2016-02-16,93.34368133544922
2016-02-17,95.45772552490234
2016-02-18,94.36808776855469
2016-02-19,94.64747619628906
2016-02-22,96.1841049194336
2016-02-23,94.60092163085938
2016-02-24,95.50425720214844
2016-02-25,96.44487762451172
2016-02-26,96.32380676269531
2016-02-29,95.45772552490234
2016-03-01,98.52165222167969
2016-03-02,98.55891418457031
2016-03-03,98.37264251708984
2016-03-04,98.4098892211914
2016-03-07,97.80455017089844
2016-03-08,96.9943618774414
2016-03-09,97.61829376220703
2016-03-10,97.46932983398438
2016-03-11,99.17357635498047
2016-03-14,99.34119415283203
2016-03-15,99.303955078125
2016-03-16,100.18867492675781
2016-03-17,100.13280487060547
2016-03-18,100.28972625732422
2016-03-21,100.68204498291016
2016-03-22,100.9902572631836
2016-03-23,100.15896606445312
2016-03-24,100.18697357177734
2016-03-28,100.04685974121094
2016-03-29,101.65345001220703
2016-03-30,102.14851379394531
2016-03-31,101.99903106689453
2016-04-01,103.08255004882812
2016-04-04,102.69025421142578
2016-04-05,101.70014953613281
2016-04-06,103.37210845947266
2016-04-07,101.88697052001953
2016-04-08,101.812255859375
2016-04-11,101.43862915039062
2016-04-12,102.28860473632812
2016-04-13,103.5962905883789
2016-04-14,103.60562133789062
2016-04-15,103.34410095214844
2016-04-18,103.89520263671875
2016-04-19,103.26002502441406
2016-04-20,103.34410095214844
2016-04-21,103.35342407226562
2016-04-22,101.79354095458984
2016-04-25,101.79354095458984
2016-04-26,101.29850769042969
2016-04-27,100.48585510253906
2016-04-28,99.27162170410156
2016-04-29,98.74852752685547
2016-05-02,99.68260192871094
2016-05-03,98.75788879394531
2016-05-04,98.12268829345703
2016-05-05,98.09468078613281
2016-05-06,98.61775970458984
2016-05-09,98.89798736572266
2016-05-10,100.25236511230469
2016-05-11,99.34632873535156
2016-05-12,98.90731811523438
2016-05-13,98.54303741455078
2016-05-16,99.7760009765625
2016-05-17,98.52436828613281
2016-05-18,98.87930297851562
2016-05-19,98.36556243896484
2016-05-20,99.44906616210938
2016-05-23,99.31829071044922
2016-05-24,101.30784606933594
2016-05-25,102.03642272949219
2016-05-26,102.33529663085938
2016-05-27,102.8676986694336
2016-05-31,103.0638656616211
2016-06-01,103.07323455810547
2016-06-02,103.28805541992188
2016-06-03,102.80233764648438
2016-06-06,103.17597961425781
2016-06-07,102.91441345214844
2016-06-08,103.09188842773438
2016-06-09,102.92375946044922
2016-06-10,101.75617980957031
2016-06-13,100.90618133544922
2016-06-14,100.90618133544922
2016-06-15,100.61664581298828
2016-06-16,100.9155502319336
2016-06-17,99.73269653320312
2016-06-20,100.36017608642578
2016-06-21,100.6785659790039
2016-06-22,100.43509674072266
2016-06-23,101.86799621582031
2016-06-24,97.67228698730469
2016-06-27,95.73362731933594
2016-06-28,97.83151245117188
2016-06-29,99.56409454345703
2016-06-30,100.71604919433594
2016-07-01,101.22176361083984
2016-07-05,100.60365295410156
2016-07-06,101.42782592773438
2016-07-07,101.72754669189453
2016-07-08,103.3009262084961
2016-07-11,103.89094543457031
2016-07-12,104.4154052734375
2016-07-13,104.16255950927734
2016-07-14,104.87432098388672
2016-07-15,104.70570373535156
2016-07-18,105.3987808227539
2016-07-19,105.01480102539062
2016-07-20,106.24169921875
2016-07-21,105.9981689453125
2016-07-22,106.43834686279297
2016-07-25,106.44770050048828
2016-07-26,106.56947326660156
2016-07-27,107.30934143066406
2016-07-28,107.68395233154297
2016-07-29,107.9180908203125
2016-08-01,108.48936462402344
2016-08-02,107.66523742675781
2016-08-03,108.02110290527344
2016-08-04,108.33016967773438
2016-08-05,109.36970520019531
2016-08-08,109.24799346923828
2016-08-09,109.50086975097656
2016-08-10,109.21989440917969
2016-08-11,109.68817138671875
2016-08-12,109.76307678222656
2016-08-15,110.2313461303711
2016-08-16,109.62261199951172
2016-08-17,109.81925964355469
2016-08-18,109.84738159179688
2016-08-19,109.81925964355469
2016-08-22,109.90355682373047
2016-08-23,110.10022735595703
2016-08-24,109.38849639892578
2016-08-25,109.21052551269531
2016-08-26,109.36970520019531
2016-08-29,109.51959228515625
2016-08-30,109.16371154785156
2016-08-31,109.05130767822266
2016-09-01,109.33226013183594
2016-09-02,109.68817138671875
2016-09-06,110.3718032836914
2016-09-07,110.4373779296875
2016-09-08,109.79118347167969
2016-09-09,107.02836608886719
2016-09-12,108.94830322265625
2016-09-13,107.9742660522461
2016-09-14,108.48936462402344
2016-09-15,110.1751480102539
2016-09-16,110.1225814819336
2016-09-19,109.64373779296875
2016-09-20,109.85028839111328
2016-09-21,110.93002319335938
2016-09-22,111.81258392333984
2016-09-23,111.09903717041016
2016-09-26,110.16952514648438
2016-09-27,111.25865173339844
2016-09-28,111.44639587402344
2016-09-29,110.63897705078125
2016-09-30,111.4651870727539
2016-10-03,111.30561065673828
2016-10-04,111.1365966796875
2016-10-05,111.53091430664062
2016-10-06,111.47457885742188
2016-10-07,111.23048400878906
2016-10-10,111.93466186523438
2016-10-11,110.33851623535156
2016-10-12,110.2446517944336
2016-10-13,109.85028839111328
2016-10-14,109.98175048828125
2016-10-17,109.6812973022461
2016-10-18,110.6577377319336
2016-10-19,110.64835357666016
2016-10-20,110.51692962646484
2016-10-21,110.93002319335938
2016-10-24,112.26325988769531
2016-10-25,111.90647888183594
2016-10-26,111.14596557617188
2016-10-27,110.63897705078125
2016-10-28,109.9441909790039
2016-10-31,109.8409194946289
2016-11-01,109.01468658447266
2016-11-02,108.14151763916016
2016-11-03,107.0805892944336
2016-11-04,106.70500946044922
2016-11-07,109.24000549316406
2016-11-08,109.95359802246094
2016-11-09,110.46058654785156
2016-11-10,108.67668151855469
2016-11-11,108.72364807128906
2016-11-14,107.62513732910156
2016-11-15,109.11795806884766
2016-11-16,109.76580047607422
2016-11-17,110.56385803222656
2016-11-18,110.1507568359375
2016-11-21,111.29620361328125
2016-11-22,111.63418579101562
2016-11-23,111.18350982666016
2016-11-25,111.54031372070312
2016-11-28,111.28681182861328
2016-11-29,111.6717529296875
2016-11-30,110.31974792480469
2016-12-01,108.413818359375
2016-12-02,108.62974548339844
2016-12-05,109.47473907470703
2016-12-06,109.73763275146484
2016-12-07,111.12718963623047
2016-12-08,111.3243637084961
2016-12-09,112.19752502441406
2016-12-12,111.6905288696289
2016-12-13,113.09886932373047
2016-12-14,112.8641357421875
2016-12-15,113.04252624511719
2016-12-16,112.62349700927734
2016-12-19,113.08488464355469
2016-12-20,113.51805877685547
2016-12-21,113.43331909179688
2016-12-22,113.11317443847656
2016-12-23,113.18848419189453
2016-12-27,113.7723388671875
2016-12-28,112.88716125488281
2016-12-29,112.7270736694336
2016-12-30,111.56884765625
2017-01-03,112.5669937133789
2017-01-04,113.17908477783203
2017-01-05,113.81941986083984
2017-01-06,114.81758880615234
2017-01-09,115.19425964355469
2017-01-10,115.44849395751953
2017-01-11,115.75926208496094
2017-01-12,115.5803451538086
2017-01-13,115.97583770751953
2017-01-17,115.6274185180664
2017-01-18,115.86283874511719
2017-01-19,115.80633544921875
2017-01-20,116.06059265136719
2017-01-23,116.15473175048828
2017-01-24,116.93636322021484
2017-01-25,118.1134033203125
2017-01-26,118.23585510253906
2017-01-27,118.46182250976562
2017-01-30,117.53899383544922
2017-01-31,117.3035888671875
2017-02-01,118.1134033203125
2017-02-02,118.00981903076172
2017-02-03,118.34883117675781
2017-02-06,118.4900894165039
2017-02-07,118.92325592041016
2017-02-08,119.12101745605469
2017-02-09,119.55416107177734
2017-02-10,119.9496841430664
2017-02-13,120.627685546875
2017-02-14,121.03258514404297
2017-02-15,121.7482681274414
2017-02-16,121.71058654785156
2017-02-17,122.2379150390625
2017-02-21,122.84062194824219
2017-02-22,122.88768005371094
2017-02-23,122.42627716064453
2017-02-24,122.66165161132812
2017-02-27,122.8123550415039
2017-02-28,122.43567657470703
2017-03-01,123.77288055419922
2017-03-02,123.1513442993164
2017-03-03,123.3773422241211
2017-03-06,123.10430145263672
2017-03-07,122.8971176147461
2017-03-08,123.1136474609375
2017-03-09,123.20783996582031
2017-03-10,123.7257308959961
2017-03-13,123.93293762207031
2017-03-14,123.63157653808594
2017-03-15,124.3943099975586
2017-03-16,124.30958557128906
2017-03-17,124.26617431640625
2017-03-20,124.37943267822266
2017-03-21,122.49214935302734
2017-03-22,123.32258605957031
2017-03-23,123.01115417480469
2017-03-24,123.26590728759766
2017-03-27,123.46406555175781
2017-03-28,124.21898651123047
2017-03-29,124.7946548461914
2017-03-30,125.00225067138672
2017-03-31,124.91729736328125
2017-04-03,124.84180450439453
2017-04-04,125.03996276855469
2017-04-05,124.53044128417969
2017-04-06,124.59649658203125
2017-04-07,124.53044128417969
2017-04-10,124.5776138305664
2017-04-11,124.03970336914062
2017-04-12,123.53958892822266
2017-04-13,123.04889678955078
2017-04-17,124.0680160522461
2017-04-18,123.87928009033203
2017-04-19,124.07748413085938
2017-04-20,125.11547088623047
2017-04-21,125.0871353149414
2017-04-24,126.59693145751953
2017-04-25,127.5123062133789
2017-04-26,127.33296966552734
2017-04-27,128.09732055664062
2017-04-28,128.32382202148438
2017-05-01,129.4655303955078
2017-05-02,129.6825714111328
2017-05-03,129.2673797607422
2017-05-04,129.31459045410156
2017-05-05,129.7864532470703
2017-05-08,130.06954956054688
2017-05-09,130.5224609375
2017-05-10,130.59791564941406
2017-05-11,130.49411010742188
2017-05-12,130.78665161132812
2017-05-15,131.20184326171875
2017-05-16,131.7491455078125
2017-05-17,128.3992919921875
2017-05-18,129.52218627929688
2017-05-19,130.06954956054688
2017-05-22,131.1641387939453
2017-05-23,131.29620361328125
2017-05-24,131.90011596679688
2017-05-25,133.0229949951172
2017-05-26,133.2589874267578
2017-05-30,133.37220764160156
2017-05-31,133.3249969482422
2017-06-01,133.843994140625
2017-06-02,135.3726806640625
2017-06-05,135.3443603515625
2017-06-06,134.8065185546875
2017-06-07,135.3349151611328
2017-06-08,135.4764862060547
2017-06-09,132.08883666992188
2017-06-12,131.38113403320312
2017-06-13,132.44741821289062
2017-06-14,131.871826171875
2017-06-15,131.2867889404297
2017-06-16,130.71717834472656
2017-06-19,132.9028778076172
2017-06-20,131.86207580566406
2017-06-21,133.16783142089844
2017-06-22,133.12994384765625
2017-06-23,133.640869140625
2017-06-26,133.0164337158203
2017-06-27,130.6035614013672
2017-06-28,132.48658752441406
2017-06-29,130.1873016357422
2017-06-30,130.23460388183594
2017-07-03,128.86264038085938
2017-07-05,130.1304931640625
2017-07-06,128.95730590820312
2017-07-07,130.34815979003906
2017-07-10,131.19976806640625
2017-07-11,131.56875610351562
2017-07-12,133.12994384765625
2017-07-13,133.4232940673828
2017-07-14,134.47357177734375
2017-07-17,134.53977966308594
2017-07-18,135.43862915039062
2017-07-19,136.23350524902344
2017-07-20,136.4132537841797
2017-07-21,136.3564453125
2017-07-24,136.98098754882812
2017-07-25,136.63092041015625
2017-07-26,137.07566833496094
2017-07-27,136.21461486816406
2017-07-28,136.10105895996094
2017-07-31,135.52383422851562
2017-08-01,135.83612060546875
2017-08-02,136.20510864257812
2017-08-03,135.67526245117188
2017-08-04,135.92124938964844
2017-08-07,136.7822723388672
2017-08-08,136.54571533203125
2017-08-09,136.36593627929688
2017-08-10,133.4422149658203
2017-08-11,134.4546661376953
2017-08-14,136.18617248535156
2017-08-15,136.2808380126953
2017-08-16,136.5172882080078
2017-08-17,133.72605895996094
2017-08-18,133.6314239501953
2017-08-21,133.461181640625
2017-08-22,135.4954376220703
2017-08-23,135.01287841796875
2017-08-24,134.615478515625
2017-08-25,134.33168029785156
2017-08-28,134.7480010986328
2017-08-29,135.27780151367188
2017-08-30,136.86746215820312
2017-08-31,138.33401489257812
2017-09-01,138.14480590820312
2017-09-05,136.9052734375
2017-09-06,137.32162475585938
2017-09-07,137.64332580566406
2017-09-08,136.45108032226562
2017-09-11,138.02175903320312
2017-09-12,138.3529815673828
2017-09-13,138.54225158691406
2017-09-14,137.7284393310547
2017-09-15,138.2015838623047
2017-09-18,138.02047729492188
2017-09-19,138.2575225830078
2017-09-20,137.8308563232422
2017-09-21,136.98687744140625
2017-09-22,136.8541259765625
2017-09-25,135.41270446777344
2017-09-26,135.76358032226562
2017-09-27,136.98687744140625
2017-09-28,136.93943786621094
2017-09-29,137.92564392089844
2017-10-02,138.0489501953125
2017-10-03,138.34288024902344
2017-10-04,138.47564697265625
2017-10-05,139.83164978027344
2017-10-06,140.0213165283203
2017-10-09,139.860107421875
2017-10-10,139.9644317626953
2017-10-11,140.38165283203125
2017-10-12,140.12564086914062
2017-10-13,140.66616821289062
2017-10-16,141.1497344970703
2017-10-17,141.3299102783203
2017-10-18,141.15921020507812
2017-10-19,140.63772583007812
2017-10-20,141.0170135498047
2017-10-23,140.09719848632812
2017-10-24,140.33424377441406
2017-10-25,139.80322265625
2017-10-26,139.35751342773438
2017-10-27,143.4161376953125
2017-10-30,143.73851013183594
2017-10-31,144.27902221679688
2017-11-01,144.2315673828125
2017-11-02,143.95663452148438
2017-11-03,145.3411102294922
2017-11-06,145.83424377441406
2017-11-07,145.91954040527344
2017-11-08,146.50746154785156
2017-11-09,145.73936462402344
2017-11-10,145.72987365722656
2017-11-13,145.91004943847656
2017-11-14,145.37901306152344
2017-11-15,144.69630432128906
2017-11-16,146.54537963867188
2017-11-17,145.98593139648438
2017-11-20,145.87213134765625
2017-11-21,147.45571899414062
2017-11-22,147.63589477539062
2017-11-24,148.17642211914062
2017-11-27,148.11007690429688
2017-11-28,148.48939514160156
2017-11-29,145.90054321289062
2017-11-30,147.12388610839844
2017-12-01,146.4979705810547
2017-12-04,144.81008911132812
2017-12-05,144.90492248535156
2017-12-06,145.55917358398438
2017-12-07,146.05227661132812
2017-12-08,146.69712829589844
2017-12-11,147.83499145507812
2017-12-12,147.63589477539062
2017-12-13,147.92039489746094
2017-12-14,147.81607055664062
2017-12-15,149.49452209472656
2017-12-18,150.7478485107422
2017-12-19,149.85464477539062
2017-12-20,149.693115234375
2017-12-21,149.71212768554688
2017-12-22,149.54104614257812
2017-12-26,148.73333740234375
2017-12-27,148.75238037109375
2017-12-28,148.9329071044922
2017-12-29,148.0111541748047
2018-01-02,150.6053466796875
2018-01-03,152.06878662109375
2018-01-04,152.33477783203125
2018-01-05,153.86474609375
2018-01-08,154.46334838867188
2018-01-09,154.47288513183594
2018-01-10,154.11175537109375
2018-01-11,155.1665496826172
2018-01-12,156.3068389892578
2018-01-16,155.8602294921875
2018-01-17,157.5421905517578
2018-01-18,157.57070922851562
2018-01-19,158.06475830078125
2018-01-22,159.7563018798828
2018-01-23,161.07708740234375
2018-01-24,160.03184509277344
2018-01-25,159.97483825683594
2018-01-26,162.42649841308594
2018-01-29,161.63778686523438
2018-01-30,160.30740356445312
2018-01-31,160.97264099121094
2018-02-01,159.604248046875
2018-02-02,156.42086791992188
2018-02-05,150.25376892089844
2018-02-06,154.23532104492188
2018-02-07,152.2398223876953
2018-02-08,145.8160858154297
2018-02-09,148.33424377441406
2018-02-12,150.96644592285156
2018-02-13,151.74566650390625
2018-02-14,154.58688354492188
2018-02-15,157.45664978027344
2018-02-16,156.75352478027344
2018-02-20,157.06703186035156
2018-02-21,156.62046813964844
2018-02-22,156.60142517089844
2018-02-23,159.80381774902344
2018-02-26,161.92288208007812
2018-02-27,159.91781616210938
2018-02-28,158.89158630371094
2018-03-01,156.29737854003906
2018-03-02,157.73223876953125
2018-03-05,159.48069763183594
2018-03-06,160.1553955078125
2018-03-07,160.52597045898438
2018-03-08,161.40969848632812
2018-03-09,164.54551696777344
2018-03-12,165.4197540283203
2018-03-13,163.16770935058594
2018-03-14,163.13916015625
2018-03-15,162.9966583251953
2018-03-16,162.51199340820312
2018-03-19,159.04461669921875
2018-03-20,159.568115234375
2018-03-21,158.87330627441406
2018-03-22,154.95193481445312
2018-03-23,150.8687286376953
2018-03-26,156.47476196289062
2018-03-27,151.41122436523438
2018-03-28,149.66943359375
2018-03-29,152.41065979003906
2018-04-02,148.01339721679688
2018-04-03,149.67897033691406
2018-04-04,152.03944396972656
2018-04-05,152.9055633544922
2018-04-06,149.07936096191406
2018-04-09,150.12632751464844
2018-04-10,153.4385528564453
2018-04-11,152.55345153808594
2018-04-12,154.3903350830078
2018-04-13,153.59083557128906
2018-04-16,154.76156616210938
2018-04-17,158.0928497314453
2018-04-18,158.4164581298828
2018-04-19,156.960205078125
2018-04-20,154.47601318359375
2018-04-23,154.08580017089844
2018-04-24,150.8210906982422
2018-04-25,151.001953125
2018-04-26,154.1809844970703
2018-04-27,154.27615356445312
2018-04-30,153.18157958984375
2018-05-01,154.932861328125
2018-05-02,154.01918029785156
2018-05-03,154.0001220703125
2018-05-04,156.922119140625
2018-05-07,158.22610473632812
2018-05-08,158.0642547607422
2018-05-09,159.78704833984375
2018-05-10,161.44313049316406
2018-05-11,161.2908477783203
2018-05-14,161.56689453125
2018-05-15,159.77752685546875
2018-05-16,160.833984375
2018-05-17,160.21531677246094
2018-05-18,159.38729858398438
2018-05-21,160.28195190429688
2018-05-22,160.0725860595703
2018-05-23,161.424072265625
2018-05-24,161.37652587890625
2018-05-25,161.53836059570312
2018-05-29,160.824462890625
2018-05-30,161.9761199951172
2018-05-31,161.8714599609375
2018-06-01,164.4127655029297
2018-06-04,165.8975372314453
2018-06-05,166.41146850585938
2018-06-06,167.38235473632812
2018-06-07,166.02125549316406
2018-06-08,166.03077697753906
2018-06-11,166.4781494140625
2018-06-12,167.353759765625
2018-06-13,167.34426879882812
2018-06-14,169.03846740722656
2018-06-15,168.44830322265625
2018-06-18,168.35107421875
2018-06-19,167.8740997314453
2018-06-20,169.06642150878906
2018-06-21,167.59751892089844
2018-06-22,167.2255096435547
2018-06-25,163.4579315185547
2018-06-26,164.12559509277344
2018-06-27,161.89361572265625
2018-06-28,163.2862091064453
2018-06-29,163.7249755859375
2018-07-02,164.8218536376953
2018-07-03,162.91419982910156
2018-07-05,164.93634033203125
2018-07-06,167.5021514892578
2018-07-09,169.00921630859375
2018-07-10,169.1332244873047
2018-07-11,168.2747344970703
2018-07-12,171.1743927001953
2018-07-13,171.31744384765625
2018-07-16,170.90728759765625
2018-07-17,171.94700622558594
2018-07-18,171.6226806640625
2018-07-19,170.76425170898438
2018-07-20,170.72608947753906
2018-07-23,171.26971435546875
2018-07-24,171.97557067871094
2018-07-25,174.37925720214844
2018-07-26,171.73712158203125
2018-07-27,169.4193115234375
2018-07-30,167.0252227783203
2018-07-31,168.3033905029297
2018-08-01,168.94247436523438
2018-08-02,171.2410888671875
2018-08-03,171.76573181152344
2018-08-06,172.77676391601562
2018-08-07,173.40631103515625
2018-08-08,173.6162109375
2018-08-09,173.51129150390625
2018-08-10,172.18540954589844
2018-08-13,171.9947052001953
2018-08-14,173.07252502441406
2018-08-15,170.9550018310547
2018-08-16,171.5177764892578
2018-08-17,171.55589294433594
2018-08-20,171.40330505371094
2018-08-21,172.0328369140625
2018-08-22,172.70046997070312
2018-08-23,172.45248413085938
2018-08-24,174.05496215820312
2018-08-27,175.82907104492188
2018-08-28,176.0866241455078
2018-08-29,178.11827087402344
2018-08-30,177.80352783203125
2018-08-31,178.03244018554688
2018-09-04,177.2693634033203
2018-09-05,174.9801483154297
2018-09-06,173.41587829589844
2018-09-07,172.74822998046875
2018-09-10,173.3300323486328
2018-09-11,174.66537475585938
2018-09-12,174.15029907226562
2018-09-13,176.01031494140625
2018-09-14,175.49526977539062
2018-09-17,172.96759033203125
2018-09-18,174.3983154296875
2018-09-19,174.26475524902344
2018-09-20,176.1915283203125
2018-09-21,175.22813415527344
2018-09-24,175.7154998779297
2018-09-25,175.95437622070312
2018-09-26,176.07858276367188
2018-09-27,177.56924438476562
2018-09-28,177.5310516357422
2018-10-01,177.89413452148438
2018-10-02,177.49282836914062
2018-10-03,177.6839141845703
2018-10-04,174.2726287841797
2018-10-05,172.14173889160156
2018-10-08,171.09060668945312
2018-10-09,171.64483642578125
2018-10-10,164.09600830078125
2018-10-11,162.06068420410156
2018-10-12,166.57093811035156
2018-10-15,164.55470275878906
2018-10-16,169.34197998046875
2018-10-17,169.4088897705078
2018-10-18,165.48153686523438
2018-10-19,165.32872009277344
2018-10-22,166.17913818359375
2018-10-23,165.56759643554688
2018-10-24,157.99014282226562
2018-10-25,163.455810546875
2018-10-26,159.25143432617188
2018-10-29,155.97389221191406
2018-10-30,158.54432678222656
2018-10-31,162.2709197998047
2018-11-01,164.4113311767578
2018-11-02,161.85049438476562
2018-11-05,161.44920349121094
2018-11-06,162.67225646972656
2018-11-07,167.77487182617188
2018-11-08,166.70469665527344
2018-11-09,163.8953399658203
2018-11-12,158.93612670898438
2018-11-13,159.0698699951172
2018-11-14,157.85629272460938
2018-11-15,160.6177978515625
2018-11-16,160.05409240722656
2018-11-19,154.8558807373047
2018-11-20,152.08480834960938
2018-11-21,153.2410430908203
2018-11-23,152.13259887695312
2018-11-26,155.64901733398438
2018-11-27,156.17457580566406
2018-11-28,161.20074462890625
2018-11-29,160.67514038085938
2018-11-30,161.8409423828125
2018-12-03,164.66937255859375
2018-12-04,158.35317993164062
2018-12-06,159.47119140625
2018-12-07,154.2061309814453
2018-12-10,155.82107543945312
2018-12-11,156.33702087402344
2018-12-12,157.7129669189453
2018-12-13,157.7607421875
2018-12-14,153.9195098876953
2018-12-17,150.43173217773438
2018-12-18,151.3777313232422
2018-12-19,147.66067504882812
2018-12-20,145.52017211914062
2018-12-21,141.01004028320312
2018-12-24,137.51327514648438
2018-12-26,146.09945678710938
2018-12-27,146.66485595703125
2018-12-28,146.5882110595703
2018-12-31,147.8243865966797
2019-01-02,148.41847229003906
2019-01-03,143.56964111328125
2019-01-04,149.71217346191406
2019-01-07,151.4945526123047
2019-01-08,152.8649139404297
2019-01-09,154.11068725585938
2019-01-10,154.55145263671875
2019-01-11,153.9861297607422
2019-01-14,152.62538146972656
2019-01-15,155.60557556152344
2019-01-16,155.57688903808594
2019-01-17,156.803466796875
2019-01-18,158.35585021972656
2019-01-22,155.18392944335938
2019-01-23,155.38516235351562
2019-01-24,156.39137268066406
2019-01-25,158.26002502441406
2019-01-28,156.30514526367188
2019-01-29,154.82940673828125
2019-01-30,158.76792907714844
2019-01-31,161.14447021484375
2019-02-01,160.4640655517578
2019-02-04,162.45729064941406
2019-02-05,163.8947296142578
2019-02-06,163.40602111816406
2019-02-07,161.21156311035156
2019-02-08,161.5277862548828
2019-02-11,161.3744354248047
2019-02-12,163.76060485839844
2019-02-13,163.87551879882812
2019-02-14,164.0767822265625
2019-02-15,164.76681518554688
2019-02-19,165.0926055908203
2019-02-20,165.06382751464844
2019-02-21,164.4600830078125
2019-02-22,165.67713928222656
2019-02-25,166.2808380126953
2019-02-26,166.45335388183594
2019-02-27,166.34788513183594
2019-02-28,165.9646453857422
2019-03-01,167.11459350585938
2019-03-04,167.143310546875
2019-03-05,167.26785278320312
2019-03-06,166.3191680908203
2019-03-07,164.27801513671875
2019-03-08,164.02891540527344
2019-03-11,167.4403533935547
2019-03-12,168.36036682128906
2019-03-13,169.62522888183594
2019-03-14,169.3377685546875
2019-03-15,170.9093475341797
2019-03-18,171.31637573242188
2019-03-19,171.89239501953125
2019-03-20,172.57403564453125
2019-03-21,175.27169799804688
2019-03-22,171.4219970703125
2019-03-25,171.0955810546875
2019-03-26,171.89239501953125
2019-03-27,170.78834533691406
2019-03-28,171.1820068359375
2019-03-29,172.47804260253906
2019-04-01,174.7628631591797
2019-04-02,175.42529296875
2019-04-03,176.43333435058594
2019-04-04,176.36611938476562
2019-04-05,177.27810668945312
2019-04-08,177.72933959960938
2019-04-09,177.1052703857422
2019-04-10,178.05575561523438
2019-04-11,177.63336181640625
2019-04-12,178.40138244628906
2019-04-15,178.43016052246094
2019-04-16,179.04458618164062
2019-04-17,179.66860961914062
2019-04-18,179.89901733398438
2019-04-22,180.40782165527344
2019-04-23,182.70225524902344
2019-04-24,182.12628173828125
2019-04-25,182.86546325683594
2019-04-26,183.02865600585938
2019-04-29,183.3839111328125
2019-04-30,181.96311950683594
2019-05-01,181.37741088867188
2019-05-02,180.5902099609375
2019-05-03,183.47030639648438
2019-05-06,182.3470916748047
2019-05-07,178.79495239257812
2019-05-08,178.34375
2019-05-09,177.3837127685547
2019-05-10,177.60458374023438
2019-05-13,171.44122314453125
2019-05-14,173.3228759765625
2019-05-15,175.77090454101562
2019-05-16,177.537353515625
2019-05-17,175.72291564941406
2019-05-20,172.75640869140625
2019-05-21,174.56124877929688
2019-05-22,173.78366088867188
2019-05-23,171.1243896484375
2019-05-24,171.0380096435547
2019-05-28,170.3947296142578
2019-05-29,168.99314880371094
2019-05-30,169.70352172851562
2019-05-31,166.99630737304688
2019-06-03,163.31939697265625
2019-06-04,167.91790771484375
2019-06-05,169.1659393310547
2019-06-06,170.5099639892578
2019-06-07,173.80287170410156
2019-06-10,175.82850646972656
2019-06-11,176.0685272216797
2019-06-12,175.0508575439453
2019-06-13,176.08770751953125
2019-06-14,175.33889770507812
2019-06-17,176.3948974609375
2019-06-18,178.9581756591797
2019-06-19,179.63018798828125
2019-06-20,181.30062866210938
2019-06-21,181.03189086914062
2019-06-24,181.03759765625
2019-06-25,177.92990112304688
2019-06-26,178.75733947753906
2019-06-27,179.44046020507812
2019-06-28,179.67135620117188
2019-07-01,182.09596252441406
2019-07-02,182.81756591796875
2019-07-03,184.19346618652344
2019-07-05,183.81820678710938
2019-07-08,182.52896118164062
2019-07-09,183.44296264648438
2019-07-10,185.27105712890625
2019-07-11,185.13632202148438
2019-07-12,186.204345703125
2019-07-15,186.8008575439453
2019-07-16,185.83872985839844
2019-07-17,184.92466735839844
2019-07-18,185.13632202148438
2019-07-19,183.77972412109375
2019-07-22,185.24217224121094
2019-07-23,186.45449829101562
2019-07-24,187.7629852294922
2019-07-25,185.9830780029297
2019-07-26,187.89772033691406
2019-07-29,187.25308227539062
2019-07-30,186.44488525390625
2019-07-31,183.8663330078125
2019-08-01,182.95233154296875
2019-08-02,180.25823974609375
2019-08-05,173.88885498046875
2019-08-06,176.32308959960938
2019-08-07,177.275634765625
2019-08-08,181.13381958007812
2019-08-09,179.43081665039062
2019-08-12,177.37185668945312
2019-08-13,181.25889587402344
2019-08-14,175.8419952392578
2019-08-15,175.6399383544922
2019-08-16,178.4591064453125
2019-08-19,181.29739379882812
2019-08-20,179.89268493652344
2019-08-21,181.48980712890625
2019-08-22,180.90289306640625
2019-08-23,175.1781005859375
2019-08-26,177.82406616210938
2019-08-27,177.44882202148438
2019-08-28,178.08383178710938
2019-08-29,180.80670166015625
2019-08-30,180.3737335205078
2019-09-03,178.62258911132812
2019-09-04,181.20115661621094
2019-09-05,184.52056884765625
2019-09-06,184.33773803710938
2019-09-09,183.95291137695312
2019-09-10,183.42373657226562
2019-09-11,185.14596557617188
2019-09-12,185.91574096679688
2019-09-13,185.25180053710938
2019-09-16,184.4243621826172
2019-09-17,185.30953979492188
2019-09-18,185.2325897216797
2019-09-19,185.5404815673828
2019-09-20,183.57769775390625
2019-09-23,183.65866088867188
2019-09-24,181.2195281982422
2019-09-25,183.25372314453125
2019-09-26,182.57887268066406
2019-09-27,180.31329345703125
2019-09-30,182.02932739257812
2019-10-01,180.544677734375
2019-10-02,177.44029235839844
2019-10-03,179.38778686523438
2019-10-04,182.02932739257812
2019-10-07,181.4798126220703
2019-10-08,178.76112365722656
2019-10-09,180.50611877441406
2019-10-10,181.90403747558594
2019-10-11,184.24676513671875
2019-10-14,184.22747802734375
2019-10-15,186.5702362060547
2019-10-16,186.10743713378906
2019-10-17,186.59909057617188
2019-10-18,184.80593872070312
2019-10-21,186.44488525390625
2019-10-22,184.960205078125
2019-10-23,185.31690979003906
2019-10-24,187.11973571777344
2019-10-25,188.6140594482422
2019-10-28,190.47476196289062
2019-10-29,188.9996795654297
2019-10-30,189.9156036376953
2019-10-31,190.0023651123047
2019-11-01,191.7280731201172
2019-11-04,192.91390991210938
2019-11-05,193.01995849609375
2019-11-06,192.58609008789062
2019-11-07,193.23204040527344
2019-11-08,194.00335693359375
2019-11-11,193.7429962158203
2019-11-12,194.30218505859375
2019-11-13,194.35040283203125
2019-11-14,194.1961212158203
2019-11-15,195.6230010986328
2019-11-18,195.77723693847656
2019-11-19,196.0664825439453
2019-11-20,194.8902587890625
2019-11-21,194.4564208984375
2019-11-22,194.58177185058594
2019-11-25,196.88595581054688
2019-11-26,197.26194763183594
2019-11-27,198.64059448242188
2019-11-29,197.73434448242188
2019-12-02,195.70974731445312
2019-12-03,194.17684936523438
2019-12-04,195.16021728515625
2019-12-05,195.54583740234375
2019-12-06,197.637939453125
2019-12-09,196.74136352539062
2019-12-10,196.57742309570312
2019-12-11,197.61865234375
2019-12-12,199.0936737060547
2019-12-13,199.74928283691406
2019-12-16,201.75460815429688
2019-12-17,201.8702850341797
2019-12-18,202.02455139160156
2019-12-19,203.28746032714844
2019-12-20,204.10693359375
2019-12-23,204.6460723876953
2019-12-24,204.7523651123047
2019-12-26,206.55909729003906
2019-12-27,206.3852081298828
2019-12-30,205.03257751464844
2019-12-31,205.41903686523438
2020-01-02,208.8489990234375
2020-01-03,206.9359130859375
2020-01-06,208.2692108154297
2020-01-07,208.24024963378906
2020-01-08,209.80545043945312
2020-01-09,211.583251953125
2020-01-10,211.04214477539062
2020-01-13,213.47694396972656
2020-01-14,212.63638305664062
2020-01-15,212.72332763671875
2020-01-16,214.76199340820312
2020-01-17,215.82473754882812
2020-01-21,215.72811889648438
2020-01-22,216.29820251464844
2020-01-23,216.99383544921875
2020-01-24,215.16773986816406
2020-01-27,210.72332763671875
2020-01-28,213.9600067138672
2020-01-29,214.30787658691406
2020-01-30,215.07113647460938
2020-01-31,211.66053771972656
2020-02-03,214.8585968017578
2020-02-04,219.77645874023438
2020-02-05,220.50108337402344
2020-02-06,222.40438842773438
2020-02-07,221.44789123535156
2020-02-10,224.12423706054688
2020-02-11,224.16287231445312
2020-02-12,226.3463897705078
2020-02-13,226.05657958984375
2020-02-14,226.70391845703125
2020-02-18,226.7908935546875
2020-02-19,228.9647674560547
2020-02-20,226.8391876220703
2020-02-21,222.4817352294922
2020-02-24,213.9020538330078
2020-02-25,208.08570861816406
2020-02-26,209.15809631347656
2020-02-27,198.68478393554688
2020-02-28,198.83935546875
2020-03-02,209.10018920898438
2020-03-03,202.39488220214844
2020-03-04,210.8393096923828
2020-03-05,204.43350219726562
2020-03-06,200.98428344726562
2020-03-09,187.02301025390625
2020-03-10,197.2064971923828
2020-03-11,188.61720275878906
2020-03-12,171.32261657714844
2020-03-13,185.8345947265625
2020-03-16,163.5738983154297
2020-03-17,175.97959899902344
2020-03-18,170.626953125
2020-03-19,171.65110778808594
2020-03-20,164.92649841308594
2020-03-23,165.04563903808594
2020-03-24,177.82632446289062
2020-03-25,176.50955200195312
2020-03-26,185.8046112060547
2020-03-27,179.41421508789062
2020-03-30,185.94015502929688
2020-03-31,184.35220336914062
2020-04-01,176.51922607421875
2020-04-02,180.10165405273438
2020-04-03,177.54556274414062
2020-04-06,190.2390899658203
2020-04-07,190.16165161132812
2020-04-08,194.19923400878906
2020-04-09,194.47998046875
2020-04-13,196.5811004638672
2020-04-14,205.130615234375
2020-04-15,202.7777862548828
2020-04-16,206.47647094726562
2020-04-17,208.45164489746094
2020-04-20,205.982666015625
2020-04-21,198.3819580078125
2020-04-22,204.26890563964844
2020-04-23,203.8332061767578
2020-04-24,207.04771423339844
2020-04-27,208.7130889892578
2020-04-28,204.7820587158203
2020-04-29,212.04385375976562
2020-04-30,211.9566650390625
2020-05-01,205.982666015625
2020-05-04,208.38385009765625
2020-05-05,210.74636840820312
2020-05-06,212.04385375976562
2020-05-07,214.77423095703125
2020-05-08,217.7176971435547
2020-05-11,219.66383361816406
2020-05-12,215.064697265625
2020-05-13,212.3730010986328
2020-05-14,214.78390502929688
2020-05-15,216.17819213867188
2020-05-18,220.2060546875
2020-05-19,219.65415954589844
2020-05-20,224.040283203125
2020-05-21,221.6002960205078
2020-05-22,222.365234375
2020-05-26,221.76490783691406
2020-05-27,222.9752197265625
2020-05-28,222.68475341796875
2020-05-29,225.94769287109375
2020-06-01,226.62545776367188
2020-06-02,228.1455841064453
2020-06-03,229.17193603515625
2020-06-04,227.56463623046875
2020-06-05,232.0766143798828
2020-06-08,233.8775634765625
2020-06-09,235.5719757080078
2020-06-10,238.3992156982422
2020-06-11,226.58673095703125
2020-06-12,228.38763427734375
2020-06-15,231.16651916503906
2020-06-16,235.13629150390625
2020-06-17,235.88177490234375
2020-06-18,236.52081298828125
2020-06-19,236.4821014404297
2020-06-22,239.31813049316406
2020-06-23,241.35498046875
2020-06-24,236.37930297851562
2020-06-25,238.62948608398438
2020-06-26,232.99432373046875
2020-06-29,235.53541564941406
2020-06-30,240.15231323242188
2020-07-01,242.95538330078125
2020-07-02,244.604248046875
2020-07-06,250.61773681640625
2020-07-07,248.89125061035156
2020-07-08,252.16957092285156
2020-07-09,254.29364013671875
2020-07-10,256.0298767089844
2020-07-13,250.76321411132812
2020-07-14,252.53814697265625
2020-07-15,253.0521697998047
2020-07-16,251.32574462890625
2020-07-17,251.61672973632812
2020-07-20,258.7553405761719
2020-07-21,256.0589904785156
2020-07-22,256.9610595703125
2020-07-23,250.2491455078125
2020-07-24,247.87286376953125
2020-07-27,252.29568481445312
2020-07-28,249.08523559570312
2020-07-29,251.95616149902344
2020-07-30,253.2753143310547
2020-07-31,257.795166015625
2020-08-03,261.27716064453125
2020-08-04,262.2470397949219
2020-08-05,262.89691162109375
2020-08-06,266.3789367675781
2020-08-07,263.3042907714844
2020-08-10,262.17913818359375
2020-08-11,257.2132263183594
2020-08-12,263.6825256347656
2020-08-13,264.283935546875
2020-08-14,263.9734802246094
2020-08-17,267.0384521484375
2020-08-18,269.6087646484375
2020-08-19,267.7949523925781
2020-08-20,271.50982666015625
2020-08-21,273.3914489746094
2020-08-24,275.0984802246094
2020-08-25,277.261474609375
2020-08-26,283.17791748046875
2020-08-27,282.2952575683594
2020-08-28,283.73077392578125
2020-08-31,286.0101623535156
2020-09-01,290.8985290527344
2020-09-02,293.65313720703125
2020-09-03,278.7647705078125
2020-09-04,275.04998779296875
2020-09-08,261.8300476074219
2020-09-09,269.521484375
2020-09-10,264.1481628417969
2020-09-11,262.31494140625
2020-09-14,266.8833312988281
2020-09-15,270.6659851074219
2020-09-16,266.34979248046875
2020-09-17,262.18890380859375
2020-09-18,258.8426513671875
2020-09-21,259.4634094238281
2020-09-22,264.283935546875
2020-09-23,256.214111328125
2020-09-24,257.4071350097656
2020-09-25,263.3914794921875
2020-09-28,268.8619079589844
2020-09-29,267.6495056152344
2020-09-30,269.482666015625
2020-10-01,273.760009765625
2020-10-02,266.05889892578125
2020-10-05,271.7329406738281
2020-10-06,266.8833312988281
2020-10-07,271.5000915527344
2020-10-08,272.9452819824219
2020-10-09,277.11590576171875
2020-10-12,285.6706237792969
2020-10-13,285.66094970703125
2020-10-14,283.27490234375
2020-10-15,281.3738708496094
2020-10-16,279.8317565917969
2020-10-19,275.2633972167969
2020-10-20,275.85504150390625
2020-10-21,275.6416015625
2020-10-22,275.6319580078125
2020-10-23,276.17510986328125
2020-10-26,272.03363037109375
2020-10-27,274.1576843261719
2020-10-28,263.46923828125
2020-10-29,268.07623291015625
2020-10-30,261.27716064453125
2020-11-02,261.859130859375
2020-11-03,266.3885803222656
2020-11-04,278.27984619140625
2020-11-05,285.5348205566406
2020-11-06,285.7482604980469
2020-11-09,279.9092712402344
2020-11-10,274.8948669433594
2020-11-11,281.0441589355469
2020-11-12,279.72503662109375
2020-11-13,282.1789245605469
2020-11-16,284.3805847167969
2020-11-17,283.4786071777344
2020-11-18,281.3835754394531
2020-11-19,283.5852355957031
2020-11-20,281.64544677734375
2020-11-23,281.6551513671875
2020-11-24,285.6123962402344
2020-11-25,287.3680419921875
2020-11-27,290.0158996582031
2020-11-30,290.6075744628906
2020-12-01,294.3320007324219
2020-12-02,294.7103576660156
2020-12-03,295.1273498535156
2020-12-04,296.3300476074219
2020-12-07,298.00799560546875
2020-12-08,299.01678466796875
2020-12-09,292.2467346191406
2020-12-10,293.4202575683594
2020-12-11,292.7704772949219
2020-12-14,294.8946533203125
2020-12-15,298.046875
2020-12-16,299.6860656738281
2020-12-17,301.645263671875
2020-12-18,300.7335205078125
2020-12-21,300.1708984375
2020-12-22,300.9870910644531
2020-12-23,299.4713134765625
2020-12-24,300.7927551269531
2020-12-28,303.82440185546875
2020-12-29,304.0965270996094
2020-12-30,304.10614013671875
2020-12-31,304.8543701171875
2021-01-04,300.54986572265625
2021-01-05,303.027587890625
2021-01-06,298.8299560546875
2021-01-07,306.0592956542969
2021-01-08,309.9945983886719
2021-01-11,305.51513671875
2021-01-12,305.0292663574219
2021-01-13,307.08929443359375
2021-01-14,305.4471130371094
2021-01-15,303.027587890625
2021-01-19,307.44879150390625
2021-01-20,314.6003112792969
2021-01-21,317.116943359375
2021-01-22,316.20355224609375
2021-01-25,318.8173828125
2021-01-26,319.2837829589844
2021-01-27,310.3832092285156
2021-01-28,312.21966552734375
2021-01-29,305.65118408203125
2021-02-01,313.2885437011719
2021-02-02,318.3996276855469
2021-02-03,317.1363830566406
2021-02-04,320.8870849609375
2021-02-05,321.97540283203125
2021-02-08,324.1324462890625
2021-02-09,324.0644836425781
2021-02-10,323.32598876953125
2021-02-11,325.1041564941406
2021-02-12,326.92120361328125
2021-02-16,326.0369873046875
2021-02-17,324.4725341796875
2021-02-18,323.0539855957031
2021-02-19,321.64495849609375
2021-02-22,313.3079833984375
2021-02-23,312.37518310546875
2021-02-24,314.9500732421875
2021-02-25,303.9701232910156
2021-02-26,305.2430419921875
2021-03-01,314.4254455566406
2021-03-02,309.38238525390625
2021-03-03,300.4040832519531
2021-03-04,295.48736572265625
2021-03-05,299.93768310546875
2021-03-08,291.4452209472656
2021-03-09,302.9400939941406
2021-03-10,302.0754089355469
2021-03-11,309.03271484375
2021-03-12,306.5257263183594
2021-03-15,309.8002624511719
2021-03-16,311.5007019042969
2021-03-17,312.783203125
2021-03-18,303.2026062011719
2021-03-19,304.27142333984375
2021-03-22,309.97747802734375
2021-03-23,308.62518310546875
2021-03-24,303.4201354980469
2021-03-25,302.89471435546875
2021-03-26,307.4381408691406
2021-03-29,307.3506774902344
2021-03-30,305.8037414550781
2021-03-31,310.48333740234375
2021-04-01,315.7760009765625
2021-04-05,322.0804138183594
2021-04-06,321.85662841796875
2021-04-07,322.63494873046875
2021-04-08,326.0011901855469
2021-04-09,327.9762268066406
2021-04-12,327.5481262207031
2021-04-13,331.37164306640625
2021-04-14,327.3925476074219
2021-04-15,332.354248046875
2021-04-16,332.74346923828125
2021-04-19,329.6982727050781
2021-04-20,327.2951354980469
2021-04-21,330.09722900390625
2021-04-22,326.11798095703125
2021-04-23,330.2236022949219
2021-04-26,332.3737487792969
2021-04-27,330.9338684082031
2021-04-28,329.81500244140625
2021-04-29,331.0019226074219
2021-04-30,328.8323974609375
2021-05-03,327.0811767578125
2021-05-04,321.1950378417969
2021-05-05,320.1152038574219
2021-05-06,322.5279541015625
2021-05-07,325.1451416015625
2021-05-10,316.9337463378906
2021-05-11,316.4958801269531
2021-05-12,308.3040771484375
2021-05-13,310.687744140625
2021-05-14,317.5467224121094
2021-05-17,315.6202697753906
2021-05-18,313.4896240234375
2021-05-19,313.84967041015625
2021-05-20,319.9205627441406
2021-05-21,318.14990234375
2021-05-24,323.5008544921875
2021-05-25,323.9483337402344
2021-05-26,325.07696533203125
2021-05-27,323.8608703613281
2021-05-28,324.8823547363281
2021-06-01,323.8024597167969
2021-06-02,324.4348449707031
2021-06-03,321.0587463378906
2021-06-04,326.5071105957031
2021-06-07,327.4800109863281
2021-06-08,327.63568115234375
2021-06-09,327.7134704589844
2021-06-10,331.12841796875
2021-06-11,331.9942626953125
2021-06-14,335.1757507324219
2021-06-15,332.9866943359375
2021-06-16,331.7705383300781
2021-06-17,335.98321533203125
2021-06-18,333.3467102050781
2021-06-21,335.41839599609375
2021-06-22,338.54510498046875
2021-06-23,338.7106628417969
2021-06-24,340.8048095703125
2021-06-25,340.385986328125
2021-06-28,344.525634765625
2021-06-29,345.7723693847656
2021-06-30,345.2269287109375
2021-07-01,345.36334228515625
2021-07-02,349.32757568359375
2021-07-06,350.8373718261719
2021-07-07,351.5776672363281
2021-07-08,349.4542236328125
2021-07-09,351.63616943359375
2021-07-12,353.00946044921875
2021-07-13,353.00946044921875
2021-07-14,353.64251708984375
2021-07-15,351.15869140625
2021-07-16,348.31463623046875
2021-07-19,345.460693359375
2021-07-20,349.4736633300781
2021-07-21,352.1718444824219
2021-07-22,354.4997253417969
2021-07-23,358.6393737792969
2021-07-26,358.9219055175781
2021-07-27,354.9673156738281
2021-07-28,356.3309631347656
2021-07-29,356.9640808105469
2021-07-30,355.1037292480469
2021-08-02,355.1328125
2021-08-03,357.2854919433594
2021-08-04,357.8017272949219
2021-08-05,360.0712890625
2021-08-06,358.4932556152344
2021-08-09,359.1556701660156
2021-08-10,357.31475830078125
2021-08-11,356.70111083984375
2021-08-12,357.98675537109375
2021-08-13,359.2433166503906
2021-08-16,359.399169921875
2021-08-17,356.2335510253906
2021-08-18,352.804931640625
2021-08-19,354.50946044921875
2021-08-20,358.1816711425781
2021-08-23,363.538818359375
2021-08-24,364.64910888671875
2021-08-25,365.0680236816406
2021-08-26,362.7498779296875
2021-08-27,366.27581787109375
2021-08-30,370.38623046875
2021-08-31,370.0842590332031
2021-09-01,370.69793701171875
2021-09-02,370.5226135253906
2021-09-03,371.6622314453125
2021-09-07,372.188232421875
2021-09-08,370.8927917480469
2021-09-09,369.61676025390625
2021-09-10,366.8115539550781
2021-09-13,366.5582580566406
2021-09-14,365.51611328125
2021-09-15,368.2336120605469
2021-09-16,368.4868469238281
2021-09-17,364.1231994628906
2021-09-20,356.59918212890625
2021-09-21,357.0380554199219
2021-09-22,360.3729553222656
2021-09-23,363.6980895996094
2021-09-24,364.0393371582031
2021-09-27,361.1334228515625
2021-09-28,350.91436767578125
2021-09-29,350.3389587402344
2021-09-30,349.05181884765625
2021-10-01,351.2165832519531
2021-10-04,343.8446960449219
2021-10-05,348.48626708984375
2021-10-06,350.7193298339844
2021-10-07,353.93719482421875
2021-10-08,352.1722106933594
2021-10-11,349.4710998535156
2021-10-12,348.2522277832031
2021-10-13,351.0411071777344
2021-10-14,357.5060729980469
2021-10-15,359.7586364746094
2021-10-18,363.37628173828125
2021-10-19,366.1261291503906
2021-10-20,365.64825439453125
2021-10-21,367.88128662109375
2021-10-22,364.7901916503906
2021-10-25,368.5248718261719
2021-10-26,369.68524169921875
2021-10-27,370.5433349609375
2021-10-28,374.6584167480469
2021-10-29,376.50128173828125
2021-11-01,377.7884216308594
2021-11-02,379.3681640625
2021-11-03,383.3953857421875
2021-11-04,388.3099365234375
2021-11-05,388.6805114746094
2021-11-08,388.1539306640625
2021-11-09,385.4820861816406
2021-11-10,379.8167419433594
2021-11-11,380.8698425292969
2021-11-12,384.8775939941406
2021-11-15,384.7897644042969
2021-11-16,387.5299072265625
2021-11-17,387.7346496582031
2021-11-18,391.7520751953125
2021-11-19,393.9363708496094
2021-11-22,389.363037109375
2021-11-23,387.58837890625
2021-11-24,388.8365173339844
2021-11-26,381.4646301269531
2021-11-29,389.7434387207031
2021-11-30,384.01947021484375
2021-12-01,377.4861145019531
2021-12-02,380.206787109375
2021-12-03,373.5954284667969
2021-12-06,376.589111328125
2021-12-07,387.9296875
2021-12-08,389.66534423828125
2021-12-09,383.9317321777344
2021-12-10,388.1051940917969
2021-12-13,382.4982604980469
2021-12-14,378.5392761230469
2021-12-15,387.1690673828125
2021-12-16,377.2131652832031
2021-12-17,375.33111572265625
2021-12-20,371.6903076171875
2021-12-21,380.0089111328125
2021-12-22,384.6368713378906
2021-12-23,387.53662109375
2021-12-27,393.94158935546875
2021-12-28,392.1157531738281
2021-12-29,392.0571594238281
2021-12-30,390.8855895996094
2021-12-31,388.44464111328125
2022-01-03,392.1841125488281
2022-01-04,387.09716796875
2022-01-05,375.2052307128906
2022-01-06,374.9416198730469
2022-01-07,370.8799133300781
2022-01-10,371.12396240234375
2022-01-11,376.69903564453125
2022-01-12,378.1928405761719
2022-01-13,368.73187255859375
2022-01-14,371.0263671875
2022-01-18,361.7900695800781
2022-01-19,357.81622314453125
2022-01-20,353.1687316894531
2022-01-21,343.37591552734375
2022-01-24,344.9477844238281
2022-01-25,336.9514465332031
2022-01-26,336.42425537109375
2022-01-27,333.0362243652344
2022-01-28,343.4832763671875
2022-01-31,354.4673156738281
2022-02-01,356.87896728515625
2022-02-02,359.7787170410156
2022-02-03,345.1918640136719
2022-02-04,349.5465087890625
2022-02-07,346.7345275878906
2022-02-08,350.6302185058594
2022-02-09,358.0603332519531
2022-02-10,349.95654296875
2022-02-11,338.85528564453125
2022-02-14,339.27520751953125
2022-02-15,347.71099853515625
2022-02-16,347.623046875
2022-02-17,337.28338623046875
2022-02-18,333.43658447265625
2022-02-22,330.0876159667969
2022-02-23,321.6323547363281
2022-02-24,332.4406433105469
2022-02-25,337.5957946777344
2022-02-28,338.6014099121094
2022-03-01,333.4170227050781
2022-03-02,339.01153564453125
2022-03-03,334.1687927246094
2022-03-04,329.3260498046875
2022-03-07,317.1801452636719
2022-03-08,315.7058410644531
2022-03-09,327.07061767578125
2022-03-10,323.4385986328125
2022-03-11,316.7309875488281
2022-03-14,310.6482849121094
2022-03-15,320.39239501953125
2022-03-16,332.274658203125
2022-03-17,336.2972717285156
2022-03-18,343.18060302734375
2022-03-21,342.2265319824219
2022-03-22,348.9521789550781
2022-03-23,343.937255859375
2022-03-24,351.5818176269531
2022-03-25,351.28851318359375
2022-03-28,356.723876953125
2022-03-29,362.86297607421875
2022-03-30,358.85491943359375
2022-03-31,354.4070739746094
2022-04-01,353.73248291015625
2022-04-04,361.015380859375
2022-04-05,352.999267578125
2022-04-06,345.335205078125
2022-04-07,346.1563720703125
2022-04-08,341.3173522949219
2022-04-11,333.2427062988281
2022-04-12,331.8349914550781
2022-04-13,338.5802307128906
2022-04-14,330.83782958984375
2022-04-18,331.0920715332031
2022-04-19,338.4922180175781
2022-04-20,333.55548095703125
2022-04-21,326.6539001464844
2022-04-22,318.10009765625
2022-04-25,322.1864318847656
2022-04-26,310.0255432128906
2022-04-27,309.65399169921875
2022-04-28,320.651611328125
2022-04-29,306.22271728515625
2022-05-02,311.3353576660156
2022-05-03,311.6677551269531
2022-05-04,322.2059631347656
2022-05-05,305.9783630371094
2022-05-06,302.31243896484375
2022-05-09,290.48394775390625
2022-05-10,294.01300048828125
2022-05-11,285.29302978515625
2022-05-12,284.6185302734375
2022-05-13,295.16650390625
2022-05-16,291.7449951171875
2022-05-17,299.3015441894531
2022-05-18,284.6087646484375
2022-05-19,283.08367919921875
2022-05-20,282.2039489746094
2022-05-23,286.8963317871094
2022-05-24,280.7962341308594
2022-05-25,284.7260437011719
2022-05-26,292.61505126953125
2022-05-27,302.1658630371094
2022-05-31,301.3642578125
2022-06-01,299.13543701171875
2022-06-02,307.327392578125
2022-06-03,299.33087158203125
2022-06-06,300.3280029296875
2022-06-07,302.9184875488281
2022-06-08,300.7386169433594
2022-06-09,292.6834716796875
2022-06-10,282.3603210449219
2022-06-13,269.2315979003906
2022-06-14,269.7204284667969
2022-06-15,276.4557800292969
2022-06-16,265.30181884765625
2022-06-17,268.52777099609375
2022-06-21,275.3026428222656
2022-06-22,274.90106201171875
2022-06-23,278.9951477050781
2022-06-24,288.5545349121094
2022-06-27,286.4389343261719
2022-06-28,277.7120056152344
2022-06-29,277.96673583984375
2022-06-30,274.5191345214844
2022-07-01,276.3310241699219
2022-07-05,281.0617980957031
2022-07-06,282.8639221191406
2022-07-07,288.91693115234375
2022-07-08,289.279296875
2022-07-11,283.0989685058594
2022-07-12,280.3565368652344
2022-07-13,279.7787170410156
2022-07-14,280.7777404785156
2022-07-15,285.8708190917969
2022-07-18,283.4515380859375
2022-07-19,292.16864013671875
2022-07-20,296.8014221191406
2022-07-21,301.06201171875
2022-07-22,295.7828063964844
2022-07-25,294.0981750488281
2022-07-26,288.3194274902344
2022-07-27,300.5037536621094
2022-07-28,303.44207763671875
2022-07-29,308.9759521484375
2022-08-01,308.7898254394531
2022-08-02,307.8691101074219
2022-08-03,316.25323486328125
2022-08-04,317.7321472167969
2022-08-05,315.1366882324219
2022-08-08,314.1180419921875
2022-08-09,310.5626220703125
2022-08-10,319.2307434082031
2022-08-11,317.4187927246094
2022-08-12,323.5990905761719
2022-08-15,326.2141418457031
2022-08-16,325.45025634765625
2022-08-17,321.7381896972656
2022-08-18,322.51190185546875
2022-08-19,316.2237854003906
2022-08-22,307.8985595703125
2022-08-23,307.6438903808594
2022-08-24,308.53521728515625
2022-08-25,313.9906311035156
2022-08-26,301.120849609375
2022-08-29,298.153076171875
2022-08-30,294.832763671875
2022-08-31,293.11871337890625
2022-09-01,293.24603271484375
2022-09-02,289.10302734375
2022-09-06,287.026611328125
2022-09-07,292.8248291015625
2022-09-08,294.3429870605469
2022-09-09,300.77801513671875
2022-09-12,304.35296630859375
2022-09-13,287.6632080078125
2022-09-14,289.9453430175781
2022-09-15,285.11669921875
2022-09-16,283.373291015625
2022-09-19,285.58001708984375
2022-09-20,283.30352783203125
2022-09-21,278.230712890625
2022-09-22,274.806396484375
2022-09-23,270.3320007324219
2022-09-26,269.21343994140625
2022-09-27,269.3213806152344
2022-09-28,274.6788635253906
2022-09-29,266.76043701171875
2022-09-30,262.2370910644531
2022-10-03,268.3892517089844
2022-10-04,276.8276062011719
2022-10-05,276.6804504394531
2022-10-06,274.502197265625
2022-10-07,264.04254150390625
2022-10-10,261.4030456542969
2022-10-11,257.8117980957031
2022-10-12,257.72357177734375
2022-10-13,263.76776123046875
2022-10-14,255.8395538330078
2022-10-17,264.2876892089844
2022-10-18,266.3777770996094
2022-10-19,265.4063415527344
2022-10-20,264.05230712890625
2022-10-21,270.2437744140625
2022-10-24,273.21673583984375
2022-10-25,278.86859130859375
2022-10-26,272.70660400390625
2022-10-27,267.74163818359375
2022-10-28,275.9347229003906
2022-10-31,272.7261962890625
2022-11-01,269.9395751953125
2022-11-02,260.686767578125
2022-11-03,255.5942840576172
2022-11-04,259.7055969238281
2022-11-07,262.56085205078125
2022-11-08,264.4742736816406
2022-11-09,258.37115478515625
2022-11-10,277.43597412109375
2022-11-11,282.54803466796875
2022-11-14,280.0754699707031
2022-11-15,283.951171875
2022-11-16,280.0754699707031
2022-11-17,279.457275390625
2022-11-18,279.467041015625
2022-11-21,276.5921325683594
2022-11-22,280.5758361816406
2022-11-23,283.391845703125
2022-11-25,281.5276794433594
2022-11-28,277.3966979980469
2022-11-29,275.2969055175781
2022-11-30,287.8465270996094
2022-12-01,288.1997985839844
2022-12-02,287.0517578125
2022-12-05,282.2340393066406
2022-12-06,276.38604736328125
2022-12-07,275.25762939453125
2022-12-08,278.51531982421875
2022-12-09,276.7392883300781
2022-12-12,280.2127380371094
2022-12-13,283.22509765625
2022-12-14,281.1253356933594
2022-12-15,271.6860656738281
2022-12-16,269.0956726074219
2022-12-19,265.3139343261719
2022-12-20,265.1073913574219
2022-12-21,268.9530944824219
2022-12-22,262.3731689453125
2022-12-23,262.9632263183594
2022-12-27,259.24542236328125
2022-12-28,255.8226318359375
2022-12-29,262.0584411621094
2022-12-30,261.9010314941406
2023-01-03,260.1306457519531
2023-01-04,261.3699035644531
2023-01-05,257.2782897949219
2023-01-06,264.37957763671875
2023-01-09,266.0909423828125
2023-01-10,268.34326171875
2023-01-11,272.9856262207031
2023-01-12,274.46099853515625
2023-01-13,276.34942626953125
2023-01-17,276.9100036621094
2023-01-18,273.3102722167969
2023-01-19,270.62518310546875
2023-01-20,278.03131103515625
2023-01-23,284.2080078125
2023-01-24,283.62774658203125
2023-01-25,282.998291015625
2023-01-26,288.51605224609375
2023-01-27,291.3880310058594
2023-01-30,285.4964904785156
2023-01-31,289.7749328613281
2023-02-01,295.9713439941406
2023-02-02,306.5937194824219
2023-02-03,301.1448669433594
2023-02-06,298.59747314453125
2023-02-07,304.7839660644531
2023-02-08,299.3645935058594
2023-02-09,296.71881103515625
2023-02-10,294.7714538574219
2023-02-13,299.49249267578125
2023-02-14,301.7054748535156
2023-02-15,304.0168762207031
2023-02-16,298.3121643066406
2023-02-17,296.20745849609375
2023-02-21,289.1946105957031
2023-02-22,289.4110412597656
2023-02-23,291.9387512207031
2023-02-24,287.0505065917969
2023-02-27,289.10614013671875
2023-02-28,288.732421875
2023-03-01,286.4111633300781
2023-03-02,288.781494140625
2023-03-03,294.7517395019531
2023-03-06,295.08612060546875
2023-03-07,291.4667053222656
2023-03-08,292.9223327636719
2023-03-09,287.8471374511719
2023-03-10,283.80474853515625
2023-03-13,285.9095764160156
2023-03-14,292.4797058105469
2023-03-15,294.0140686035156
2023-03-16,301.7645263671875
2023-03-17,300.3383483886719
2023-03-20,301.4041442871094
2023-03-21,305.7090148925781
2023-03-22,301.552001953125
2023-03-23,305.1278076171875
2023-03-24,306.250732421875
2023-03-27,304.1525573730469
2023-03-28,302.53704833984375
2023-03-29,308.053466796875
2023-03-30,310.9693298339844
2023-03-31,316.1409606933594
2023-04-03,315.37261962890625
2023-04-04,314.3086853027344
2023-04-05,311.2057189941406
2023-04-06,313.3039855957031
2023-04-10,313.1266174316406
2023-04-11,311.11700439453125
2023-04-12,308.3687438964844
2023-04-13,314.40728759765625
2023-04-14,313.816162109375
2023-04-17,314.08209228515625
2023-04-18,314.101806640625
2023-04-19,313.9541320800781
2023-04-20,311.56036376953125
2023-04-21,311.88543701171875
2023-04-24,311.2352600097656
2023-04-25,305.36419677734375
2023-04-26,307.2161865234375
2023-04-27,315.5696105957031
2023-04-28,317.74664306640625
2023-05-01,317.3821105957031
2023-05-02,314.61407470703125
2023-05-03,312.5552673339844
2023-05-04,311.4519958496094
2023-05-05,318.07171630859375
2023-05-08,318.8597412109375
2023-05-09,316.84039306640625
2023-05-10,320.2881164550781
2023-05-11,321.33233642578125
2023-05-12,320.1797790527344
2023-05-15,321.9134521484375
2023-05-16,322.27801513671875
2023-05-17,326.17889404296875
2023-05-18,332.2370910644531
2023-05-19,331.48846435546875
2023-05-22,332.6016540527344
2023-05-23,328.385498046875
2023-05-24,326.70098876953125
2023-05-25,334.6506042480469
2023-05-26,343.2010498046875
2023-05-30,344.7574768066406
2023-05-31,342.797119140625
2023-06-01,346.7572021484375
2023-06-02,349.35784912109375
2023-06-05,349.60406494140625
2023-06-06,349.5449523925781
2023-06-07,343.6147766113281
2023-06-08,347.88018798828125
2023-06-09,349.21002197265625
2023-06-12,355.1106262207031
2023-06-13,357.83929443359375
2023-06-14,360.43988037109375
2023-06-15,364.73486328125
2023-06-16,362.43963623046875
2023-06-20,361.9207458496094
2023-06-21,356.9886474609375
2023-06-22,361.20068359375
2023-06-23,357.61993408203125
2023-06-26,352.8259582519531
2023-06-27,358.8924560546875
2023-06-28,359.5927429199219
2023-06-29,358.8726501464844
2023-06-30,364.4065856933594
2023-07-03,365.2647399902344
2023-07-05,365.2548828125
2023-07-06,362.47314453125
2023-07-07,361.2696533203125
2023-07-10,361.3880615234375
2023-07-11,363.17352294921875
2023-07-12,367.7604064941406
2023-07-13,374.0045166015625
2023-07-14,373.92559814453125
2023-07-17,377.4175109863281
2023-07-18,380.50506591796875
2023-07-19,380.416259765625
2023-07-20,371.64697265625
2023-07-21,370.5322570800781
2023-07-24,371.1241760253906
2023-07-25,373.6394958496094
2023-07-26,372.3966064453125
2023-07-27,371.5088195800781
2023-07-28,378.2757873535156
2023-07-31,378.4729919433594
2023-08-01,377.5950927734375
2023-08-02,369.3091125488281
2023-08-03,368.7172546386719
2023-08-04,366.9909973144531
2023-08-07,370.0982360839844
2023-08-08,366.9515075683594
2023-08-09,362.9170837402344
2023-08-10,363.58782958984375
2023-08-11,361.2696533203125
2023-08-14,365.3238830566406
2023-08-15,361.447265625
2023-08-16,357.61993408203125
2023-08-17,353.713623046875
2023-08-18,353.26971435546875
2023-08-21,358.96148681640625
2023-08-22,358.4485168457031
2023-08-23,364.1007385253906
2023-08-24,356.3178405761719
2023-08-25,359.0798645019531
2023-08-28,361.7826843261719
2023-08-29,369.6839599609375
2023-08-30,371.7455139160156
2023-08-31,372.8602294921875
2023-09-01,372.4656982421875
2023-09-05,372.9391784667969
2023-09-06,369.6543273925781
2023-09-07,367.0107116699219
2023-09-08,367.5236511230469
2023-09-11,371.85406494140625
2023-09-12,367.7308654785156
2023-09-13,369.1315612792969
2023-09-14,372.14996337890625
2023-09-15,365.7777099609375
2023-09-18,366.15899658203125
2023-09-19,365.37860107421875
2023-09-20,360.11328125
2023-09-21,353.514404296875
2023-09-22,353.5638732910156
2023-09-25,355.2431640625
2023-09-26,349.90875244140625
2023-09-27,350.7287292480469
2023-09-28,353.6626281738281
2023-09-29,353.91943359375
2023-10-02,356.8731689453125
2023-10-03,350.610107421875
2023-10-04,355.38153076171875
2023-10-05,354.3343505859375
2023-10-06,360.2713623046875
2023-10-09,362.1087646484375
2023-10-10,364.1141357421875
2023-10-11,366.7122497558594
2023-10-12,365.4378967285156
2023-10-13,360.84429931640625
2023-10-16,364.9241943359375
2023-10-17,363.7288818359375
2023-10-18,358.95751953125
2023-10-19,355.5988464355469
2023-10-20,350.29400634765625
2023-10-23,351.3510437011719
2023-10-24,354.7690124511719
2023-10-25,346.08575439453125
2023-10-26,339.48687744140625
2023-10-27,341.1168212890625
2023-10-30,344.95965576171875
2023-10-31,346.6092834472656
2023-11-01,352.6253662109375
2023-11-02,359.02667236328125
2023-11-03,363.24481201171875
2023-11-06,364.7265930175781
2023-11-07,368.17425537109375
2023-11-08,368.41131591796875
2023-11-09,365.5762023925781
2023-11-10,373.7951965332031
2023-11-13,372.6294860839844
2023-11-14,380.6508483886719
2023-11-15,380.9373474121094
2023-11-16,381.2633361816406
2023-11-17,381.35223388671875
2023-11-20,385.9951171875
2023-11-21,383.75274658203125
2023-11-22,385.3234558105469
2023-11-24,384.78009033203125
2023-11-27,384.44427490234375
2023-11-28,385.45184326171875
2023-11-29,385.07647705078125
2023-11-30,384.1083679199219
2023-12-01,385.20489501953125
2023-12-04,381.62884521484375
2023-12-05,382.5870666503906
2023-12-06,380.3742370605469
2023-12-07,385.6889343261719
2023-12-08,387.4078063964844
2023-12-11,390.71710205078125
2023-12-12,393.8288269042969
2023-12-13,398.8373107910156
2023-12-14,398.4915771484375
2023-12-15,400.4178466796875
2023-12-18,402.93994140625
2023-12-19,404.99884033203125
2023-12-20,398.9805908203125
2023-12-21,403.6229248046875
2023-12-22,404.22674560546875
2023-12-26,406.70135498046875
2023-12-27,407.52923583984375
2023-12-28,407.3311767578125
2023-12-29,405.568359375
2024-01-02,398.7052307128906
2024-01-03,394.4863586425781
2024-01-04,392.4560852050781
2024-01-05,392.9216003417969
2024-01-08,401.04248046875
2024-01-09,401.834716796875
2024-01-10,404.5582275390625
2024-01-11,405.4000549316406
2024-01-12,405.6080017089844
2024-01-16,405.568359375
2024-01-17,403.2806396484375
2024-01-18,409.0048828125
2024-01-19,417.1158447265625
2024-01-22,417.6605529785156
2024-01-23,419.3936462402344
2024-01-24,421.7209777832031
2024-01-25,422.2359619140625
2024-01-26,419.7204895019531
2024-01-29,424.0185852050781
2024-01-30,421.19610595703125
2024-01-31,412.94647216796875
2024-02-01,417.80914306640625
2024-02-02,424.87030029296875
2024-02-05,424.3157043457031
2024-02-06,423.4640197753906
2024-02-07,427.821533203125
2024-02-08,428.6138610839844
2024-02-09,432.83270263671875
2024-02-12,431.1391906738281
2024-02-13,424.41473388671875
2024-02-14,429.0397033691406
2024-02-15,430.3172302246094
2024-02-16,426.415283203125
2024-02-20,423.1966247558594
2024-02-21,421.5030822753906
2024-02-22,433.8428955078125
2024-02-23,432.56536865234375
2024-02-26,432.33758544921875
2024-02-27,433.3774108886719
2024-02-28,431.06988525390625
2024-02-29,434.7639465332031
2024-03-01,441.31011962890625
2024-03-04,439.7354736328125
2024-03-05,431.8423156738281
2024-03-06,434.5559387207031
2024-03-07,441.1517028808594
2024-03-08,434.78375244140625
2024-03-11,433.1694030761719
2024-03-12,439.3789367675781
2024-03-13,436.0018615722656
2024-03-14,434.9025573730469
2024-03-15,429.73297119140625
2024-03-18,433.8314514160156
2024-03-19,434.9123840332031
2024-03-20,440.0689697265625
2024-03-21,442.1515197753906
2024-03-22,442.6572570800781
2024-03-25,441.05078125
2024-03-26,439.6227722167969
2024-03-27,441.1200866699219
2024-03-28,440.3070068359375
2024-04-01,441.2391662597656
2024-04-02,437.4311828613281
2024-04-03,438.41290283203125
2024-04-04,431.7093200683594
2024-04-05,436.7965087890625
2024-04-08,436.9254455566406
2024-04-09,438.5418395996094
2024-04-10,434.7140197753906
2024-04-11,441.6556701660156
2024-04-12,434.6148986816406
2024-04-15,427.46502685546875
2024-04-16,427.5046691894531
2024-04-17,422.2884826660156
2024-04-18,419.8788146972656
2024-04-19,411.19189453125
2024-04-22,415.3271179199219
2024-04-23,421.52496337890625
2024-04-24,422.9529724121094
2024-04-25,420.91015625
2024-04-26,427.4054870605469
2024-04-29,429.14093017578125
2024-04-30,421.0489501953125
2024-05-01,418.0045471191406
2024-05-02,423.3396911621094
2024-05-03,431.84814453125
2024-05-06,436.578369140625
2024-05-07,436.64776611328125
2024-05-08,436.3899841308594
2024-05-09,437.3419494628906
2024-05-10,438.3732604980469
2024-05-13,439.3847351074219
2024-05-14,442.2109680175781
2024-05-15,449.12286376953125
2024-05-16,448.2105407714844
2024-05-17,447.99237060546875
2024-05-20,451.1160888671875
2024-05-21,451.9986877441406
2024-05-22,451.9093933105469
2024-05-23,449.87652587890625
2024-05-24,454.1307373046875
2024-05-28,455.8463439941406
2024-05-29,452.63336181640625
2024-05-30,447.78411865234375
2024-05-31,446.9511413574219
2024-06-03,449.3509216308594
2024-06-04,450.58062744140625
2024-06-05,459.6641845703125
2024-06-06,459.5055236816406
2024-06-07,459.0989685058594
2024-06-10,460.953369140625
2024-06-11,464.1167297363281
2024-06-12,470.1956481933594
2024-06-13,472.74420166015625
2024-06-14,475.1936340332031
2024-06-17,481.0146789550781
2024-06-18,481.1633605957031
2024-06-20,477.45458984375
2024-06-21,476.1753234863281
2024-06-24,470.7542724609375
2024-06-25,476.1376037597656
2024-06-26,477.12091064453125
2024-06-27,478.3525390625
2024-06-28,475.8694152832031
2024-07-01,478.66046142578125
2024-07-02,483.68621826171875
2024-07-03,487.7187805175781
2024-07-05,492.80413818359375
2024-07-08,493.9761047363281
2024-07-09,494.4031982421875
2024-07-10,499.55810546875
2024-07-11,488.60272216796875
2024-07-12,491.47314453125
2024-07-15,492.7941589355469
2024-07-16,492.98291015625
2024-07-17,478.511474609375
2024-07-18,476.2468566894531
2024-07-19,472.0256042480469
2024-07-22,479.0577392578125
2024-07-23,477.36920166015625
2024-07-24,460.245849609375
2024-07-25,455.1703796386719
2024-07-26,459.838623046875
2024-07-29,460.7622985839844
2024-07-30,454.4354248046875
2024-07-31,467.8837890625
2024-08-01,456.5509948730469
2024-08-02,445.7147521972656
2024-08-05,432.42529296875
2024-08-06,436.5571594238281
2024-08-07,431.8293151855469
2024-08-08,445.0393981933594
2024-08-09,447.3635559082031
2024-08-12,448.3269958496094
2024-08-13,459.45123291015625
2024-08-14,459.6002197265625
2024-08-15,471.211181640625
2024-08-16,471.8170471191406
2024-08-19,478.0148010253906
2024-08-20,477.01165771484375
2024-08-21,479.2364807128906
2024-08-22,471.6382751464844
2024-08-23,476.75341796875
2024-08-26,472.1249084472656
2024-08-27,473.53533935546875
2024-08-28,468.1618957519531
2024-08-29,467.4765930175781
2024-08-30,473.04864501953125
2024-09-03,458.68646240234375
2024-09-04,457.49456787109375
2024-09-05,457.9216613769531
2024-09-06,445.6551818847656
2024-09-09,451.3861389160156
2024-09-10,455.55780029296875
2024-09-11,465.4503479003906
2024-09-12,470.019287109375
2024-09-13,472.1249084472656
2024-09-16,470.03912353515625
2024-09-17,470.2874450683594
2024-09-18,468.2513122558594
2024-09-19,480.0906982421875
2024-09-20,479.1768798828125
2024-09-23,480.44708251953125
2024-09-24,482.7645263671875
2024-09-25,483.212158203125
2024-09-26,486.8425598144531
2024-09-27,484.13714599609375
2024-09-30,485.4500427246094
2024-10-01,478.6865234375
2024-10-02,479.3628845214844
2024-10-03,479.0048522949219
2024-10-04,484.7040710449219
2024-10-07,479.5121154785156
2024-10-08,486.6734619140625
2024-10-09,490.50274658203125
2024-10-10,489.94580078125
2024-10-11,490.71160888671875
2024-10-14,494.8294677734375
2024-10-15,488.21514892578125
2024-10-16,488.27484130859375
2024-10-17,488.6130065917969
2024-10-18,491.8157043457031
2024-10-21,492.7606201171875
2024-10-22,493.2976989746094
2024-10-23,485.7384948730469
2024-10-24,489.6772155761719
2024-10-25,492.6611633300781
2024-10-28,492.74072265625
2024-10-29,497.47515869140625
2024-10-30,493.7154541015625
2024-10-31,481.2527160644531
2024-11-01,484.8134765625
2024-11-04,483.401123046875
2024-11-05,489.5678405761719
2024-11-06,502.8660583496094
2024-11-07,510.7832946777344
2024-11-08,511.3801574707031
2024-11-11,511.0816955566406
2024-11-12,510.1567077636719
2024-11-13,509.500244140625
2024-11-14,505.9593811035156
2024-11-15,493.9044494628906
2024-11-18,497.3359069824219
2024-11-19,500.7574462890625
2024-11-20,500.4690246582031
2024-11-21,502.269287109375
2024-11-22,503.0749816894531
2024-11-25,503.8706359863281
2024-11-26,506.5760498046875
2024-11-27,502.5875549316406
2024-11-29,507.0036926269531
2024-12-02,512.5238647460938
2024-12-03,514.0953979492188
2024-12-04,520.451171875
2024-12-05,519.0089111328125
2024-12-06,523.65380859375
2024-12-09,519.5758056640625
2024-12-10,517.805419921875
2024-12-11,527.0753784179688
2024-12-12,523.673828125
2024-12-13,527.68212890625
2024-12-16,535.2811279296875
2024-12-17,532.923828125
2024-12-18,513.6975708007812
2024-12-19,511.4099426269531
2024-12-20,515.8758544921875
2024-12-23,520.90185546875
2024-12-24,527.9652099609375
2024-12-26,527.6065673828125
2024-12-27,520.593017578125
2024-12-30,513.669189453125
2024-12-31,509.3056945800781
2025-01-02,508.3094482421875
2025-01-03,516.6279907226562
2025-01-06,522.5655517578125
2025-01-07,513.2407836914062
2025-01-08,513.3304443359375
2025-01-10,505.2809143066406
2025-01-13,503.656982421875
2025-01-14,503.1788330078125
2025-01-15,514.7550659179688
2025-01-16,511.14874267578125
2025-01-17,519.776123046875
2025-01-21,522.8246459960938
2025-01-22,529.5093383789062
2025-01-23,530.6350708007812
2025-01-24,527.6364135742188
2025-01-27,512.2744750976562
2025-01-28,519.8458251953125
2025-01-29,518.8695678710938
2025-01-30,521.0811767578125
2025-01-31,520.3240356445312
2025-02-03,516.1597290039062
2025-02-04,522.495849609375
2025-02-05,524.8668823242188
2025-02-06,527.6065673828125
2025-02-07,520.95166015625
2025-02-10,527.2578125
2025-02-11,526.0025634765625
2025-02-12,526.3113403320312
2025-02-13,533.8828735351562
2025-02-14,536.1243896484375
2025-02-18,537.3397216796875
2025-02-19,537.4891967773438
2025-02-20,535.2077026367188
2025-02-21,524.0997314453125
2025-02-24,517.9131469726562
2025-02-25,511.3878479003906
2025-02-26,512.6231689453125
2025-02-27,498.3869323730469
2025-02-28,506.2572326660156
2025-03-03,495.17901611328125
2025-03-04,493.6846923828125
2025-03-05,500.1203918457031
2025-03-06,486.36236572265625
2025-03-07,489.9388732910156
2025-03-10,470.9505920410156
2025-03-11,469.8248596191406
2025-03-12,475.1248474121094
2025-03-13,466.5771179199219
2025-03-14,477.8545227050781
2025-03-17,480.9527893066406
2025-03-18,472.7537841796875
2025-03-19,479.07989501953125
2025-03-20,477.4560241699219
2025-03-21,479.0300598144531
2025-03-24,489.54205322265625
2025-03-25,492.3356628417969
2025-03-26,483.2763671875
2025-03-27,480.52264404296875
2025-03-28,467.8715515136719
2025-03-31,467.85162353515625
2025-04-01,471.62298583984375
2025-04-02,475.06512451171875
2025-04-03,449.6332092285156
2025-04-04,421.70697021484375
2025-04-07,422.7246398925781
2025-04-08,415.1120300292969
2025-04-09,464.938232421875
2025-04-10,445.16339111328125
2025-04-11,453.3646545410156
2025-04-14,456.4376525878906
2025-04-15,456.94647216796875
2025-04-16,443.1679382324219
2025-04-17,443.088134765625
2025-04-21,432.1231689453125
2025-04-22,443.46728515625
2025-04-23,453.5242919921875
2025-04-24,466.28515625
2025-04-25,471.4833068847656
2025-04-28,471.3336181640625
2025-04-29,474.446533203125
2025-04-30,474.38665771484375
2025-05-01,480.58251953125
2025-05-02,487.7162170410156
2025-05-05,484.82281494140625
2025-05-06,480.3131103515625
2025-05-07,482.1988220214844
2025-05-08,487.1774597167969
2025-05-09,486.8581848144531
2025-05-12,506.6929016113281
2025-05-13,514.415283203125
2025-05-14,517.4982299804688
2025-05-15,518.06689453125
2025-05-16,520.32177734375
2025-05-19,520.8206787109375
2025-05-20,519.0845947265625
2025-05-21,511.8710021972656
2025-05-22,512.828857421875
2025-05-23,508.0796813964844
2025-05-27,520.0324096679688
2025-05-28,517.7276000976562
2025-05-29,518.745361328125
2025-05-30,517.92724609375
2025-06-02,522.0178833007812
2025-06-03,526.0985107421875
2025-06-04,527.5652465820312
2025-06-05,523.59423828125
2025-06-06,528.7125854492188
2025-06-09,529.4908447265625
2025-06-10,532.9928588867188
2025-06-11,531.1968994140625
2025-06-12,532.4440307617188
2025-06-13,525.7593994140625
2025-06-16,533.0726318359375
2025-06-17,527.8745727539062
2025-06-18,527.78466796875
2025-06-20,525.629638671875
2025-06-23,531.034423828125
2025-06-24,539.1549682617188
2025-06-25,540.5333251953125
2025-06-26,545.5874633789062
2025-06-27,547.4553833007812
2025-06-30,551.001220703125
2025-07-01,546.3566284179688
2025-07-02,550.1621704101562
2025-07-03,555.575927734375
2025-07-07,551.3908081054688
2025-07-08,551.700439453125
2025-07-09,555.6058959960938
2025-07-10,554.8068237304688
2025-07-11,553.5582885742188
2025-07-14,555.5659790039062
2025-07-15,556.0753173828125
2025-07-16,556.6446533203125
2025-07-17,561.1494750976562
2025-07-18,560.610107421875
2025-07-21,563.5167236328125
2025-07-22,560.60009765625
2025-07-23,563.1571655273438
2025-07-24,564.3557739257812
2025-07-25,565.7141723632812
2025-07-28,567.4821166992188
2025-07-29,566.6031494140625
2025-07-30,567.3623046875
2025-07-31,564.3557739257812
2025-08-01,553.2386474609375
2025-08-04,563.44677734375
2025-08-05,559.6212768554688
2025-08-06,566.6630859375
2025-08-07,568.5808715820312
2025-08-08,573.8847045898438
2025-08-11,572.1866455078125
2025-08-12,579.3782958984375
2025-08-13,579.6680297851562
2025-08-14,579.2185668945312
2025-08-15,576.6715087890625
2025-08-18,576.4417114257812
2025-08-19,568.620849609375
2025-08-20,565.2447509765625
2025-08-21,562.6278076171875
2025-08-22,571.3076782226562
2025-08-25,569.6596069335938
2025-08-26,571.9469604492188
2025-08-27,572.825927734375
2025-08-28,576.4118041992188
2025-08-29,569.7395629882812
2025-09-02,564.9650268554688
2025-09-03,569.409912109375
2025-09-04,574.5639038085938
2025-09-05,575.3929443359375
2025-09-08,578.19970703125
2025-09-09,579.8378295898438
2025-09-10,580.027587890625
2025-09-11,583.4036865234375
2025-09-12,585.9806518554688
2025-09-15,590.994873046875
2025-09-16,590.4954223632812
2025-09-17,589.3168334960938
2025-09-18,594.6306762695312
2025-09-19,598.6559448242188
2025-09-22,602.2000122070312
2025-09-23,598.2000122070312
2025-09-24,596.0999755859375
2025-09-25,593.530029296875
2025-09-26,595.969970703125
2025-09-29,598.72998046875
2025-09-30,600.3699951171875
2025-10-01,603.25
2025-10-02,605.72998046875
2025-10-03,603.1799926757812
2025-10-06,607.7100219726562
2025-10-07,604.510009765625
2025-10-08,611.4400024414062
2025-10-09,610.7000122070312
2025-10-10,589.5
2025-10-13,602.010009765625
2025-10-14,598.0
2025-10-15,602.219970703125
2025-10-16,599.989990234375
2025-10-17,603.9299926757812
2025-10-20,611.5399780273438
2025-10-21,611.3800048828125
2025-10-22,605.489990234375
2025-10-23,610.5800170898438
2025-10-24,617.0999755859375
2025-10-27,628.0900268554688
2025-10-28,632.9199829101562
2025-10-29,635.77001953125
2025-10-30,626.0499877929688
2025-10-31,629.0700073242188
2025-11-03,632.0800170898438
2025-11-04,619.25
2025-11-05,623.280029296875
2025-11-06,611.6699829101562
2025-11-07,609.739990234375
2025-11-10,623.22998046875
2025-11-11,621.5700073242188
2025-11-12,621.0800170898438
2025-11-13,608.4000244140625
2025-11-14,608.8599853515625
2025-11-17,603.6599731445312
2025-11-18,596.3099975585938
2025-11-19,599.8699951171875
2025-11-20,585.6699829101562
2025-11-21,590.0700073242188
2025-11-24,605.1599731445312
2025-11-25,608.8900146484375
2025-11-26,614.27001953125
2025-11-28,619.25
