,price
1999-01-04,76.67754364013672
1999-01-05,77.55393981933594
1999-01-06,79.42362213134766
1999-01-07,79.03410339355469
1999-01-08,79.61840057373047
1999-01-11,78.85884857177734
1999-01-12,77.43709564208984
1999-01-13,76.89171600341797
1999-01-14,75.54788208007812
1999-01-15,77.5149917602539
1999-01-19,78.02137756347656
1999-01-20,78.64462280273438
1999-01-21,76.56063842773438
1999-01-22,76.3853759765625
1999-01-25,77.1644058227539
1999-01-26,78.56670379638672
1999-01-27,77.65129089355469
1999-01-28,78.95621490478516
1999-01-29,79.55998229980469
1999-02-01,79.09254455566406
1999-02-02,78.60562896728516
1999-02-03,79.4041748046875
1999-02-04,78.21614074707031
1999-02-05,77.32022094726562
1999-02-08,77.47604370117188
1999-02-09,75.74266052246094
1999-02-10,76.22956085205078
1999-02-11,77.98237609863281
1999-02-12,77.04755401611328
1999-02-16,76.58012390136719
1999-02-17,76.50224304199219
1999-02-18,77.10596466064453
1999-02-19,77.43709564208984
1999-02-22,79.50154113769531
1999-02-23,79.46263885498047
1999-02-24,78.0602798461914
1999-02-25,77.32022094726562
1999-02-26,77.00862884521484
1999-03-01,77.22283935546875
1999-03-02,76.54117584228516
1999-03-03,76.95015716552734
1999-03-04,77.9239730834961
1999-03-05,79.49181365966797
1999-03-08,80.00792694091797
1999-03-09,79.81318664550781
1999-03-10,80.5143051147461
1999-03-11,81.41021728515625
1999-03-12,80.63114929199219
1999-03-15,81.7802505493164
1999-03-16,81.4686279296875
1999-03-17,81.11804962158203
1999-03-18,82.4229736328125
1999-03-19,81.02194213867188
1999-03-22,81.17814636230469
1999-03-23,78.83536529541016
1999-03-24,79.28438568115234
1999-03-25,80.90486907958984
1999-03-26,80.31912231445312
1999-03-29,81.93960571289062
1999-03-30,81.51006317138672
1999-03-31,80.20199584960938
1999-04-01,80.80724334716797
1999-04-05,82.72050476074219
1999-04-06,82.52522277832031
1999-04-07,83.18912506103516
1999-04-08,84.24334716796875
1999-04-09,84.26284790039062
1999-04-12,85.16096496582031
1999-04-13,84.6142578125
1999-04-14,83.18912506103516
1999-04-15,82.87670135498047
1999-04-16,82.17387390136719
1999-04-19,80.90486907958984
1999-04-20,81.92003631591797
1999-04-21,84.26284790039062
1999-04-22,85.06330108642578
1999-04-23,84.84851837158203
1999-04-26,85.33667755126953
1999-04-27,85.7466049194336
1999-04-28,84.57525634765625
1999-04-29,83.93098449707031
1999-04-30,83.24764251708984
1999-05-03,84.77046203613281
1999-05-04,83.55998229980469
1999-05-05,84.22382354736328
1999-05-06,83.70643615722656
1999-05-07,84.3409423828125
1999-05-10,83.92119598388672
1999-05-11,84.77046203613281
1999-05-12,85.43424224853516
1999-05-13,85.8051986694336
1999-05-14,83.57954406738281
1999-05-17,83.83334350585938
1999-05-18,83.67716979980469
1999-05-19,84.28235626220703
1999-05-20,83.77474975585938
1999-05-21,83.30621337890625
1999-05-24,81.92003631591797
1999-05-25,80.59246826171875
1999-05-26,81.49050903320312
1999-05-27,80.31912231445312
1999-05-28,81.34410095214844
1999-06-01,81.06102752685547
1999-06-02,81.13911437988281
1999-06-03,81.58817291259766
1999-06-04,83.22810363769531
1999-06-07,83.44290161132812
1999-06-08,82.62287139892578
1999-06-09,82.54480743408203
1999-06-10,81.78340148925781
1999-06-11,81.10008239746094
1999-06-14,81.17814636230469
1999-06-15,81.72484588623047
1999-06-16,83.28667449951172
1999-06-17,84.06761932373047
1999-06-18,84.1647720336914
1999-06-21,84.36054229736328
1999-06-22,83.77310943603516
1999-06-23,83.36183166503906
1999-06-24,82.7352294921875
1999-06-25,82.52963256835938
1999-06-28,83.53807830810547
1999-06-29,84.32137298583984
1999-06-30,85.84881591796875
1999-07-01,86.49504089355469
1999-07-02,87.35665130615234
1999-07-06,87.33712005615234
1999-07-07,87.45458984375
1999-07-08,87.52310943603516
1999-07-09,88.04202270507812
1999-07-12,87.65038299560547
1999-07-13,87.33712005615234
1999-07-14,87.82664489746094
1999-07-15,88.3847427368164
1999-07-16,88.864501953125
1999-07-19,88.27703857421875
1999-07-20,86.4656753540039
1999-07-21,86.3677978515625
1999-07-22,85.23200225830078
1999-07-23,85.06552124023438
1999-07-26,84.43889617919922
1999-07-27,85.14389038085938
1999-07-28,85.41802978515625
1999-07-29,84.22350311279297
1999-07-30,83.18563842773438
1999-08-02,83.38145446777344
1999-08-03,82.98979949951172
1999-08-04,81.8540267944336
1999-08-05,82.59817504882812
1999-08-06,81.69737243652344
1999-08-09,81.5211181640625
1999-08-10,80.62034606933594
1999-08-11,81.59944915771484
1999-08-12,81.55049896240234
1999-08-13,83.44023132324219
1999-08-16,83.81226348876953
1999-08-17,84.36054229736328
1999-08-18,83.75349426269531
1999-08-19,83.06812286376953
1999-08-20,83.91020202636719
1999-08-23,85.51592254638672
1999-08-24,85.82923889160156
1999-08-25,86.71047973632812
1999-08-26,85.67259216308594
1999-08-27,84.63471221923828
1999-08-30,83.06812286376953
1999-08-31,82.75485229492188
1999-09-01,83.77310943603516
1999-09-02,82.78419494628906
1999-09-03,85.20260620117188
1999-09-07,84.88928985595703
1999-09-08,84.47808837890625
1999-09-09,84.43889617919922
1999-09-10,85.14389038085938
1999-09-13,84.56617736816406
1999-09-14,84.008056640625
1999-09-15,82.67646789550781
1999-09-16,82.9996109008789
1999-09-17,84.04832458496094
1999-09-20,83.93052673339844
1999-09-21,82.16310119628906
1999-09-22,82.07475280761719
1999-09-23,80.35645294189453
1999-09-24,80.27791595458984
1999-09-27,80.80815887451172
1999-09-28,80.65101623535156
1999-09-29,79.68878173828125
1999-09-30,80.90634155273438
1999-10-01,80.7295913696289
1999-10-04,82.16310119628906
1999-10-05,82.08452606201172
1999-10-06,83.34135437011719
1999-10-07,82.87007141113281
1999-10-08,84.12686920166016
1999-10-11,83.98938751220703
1999-10-12,82.69334411621094
1999-10-13,80.55290222167969
1999-10-14,80.53321075439453
1999-10-15,78.47128295898438
1999-10-18,79.04076385498047
1999-10-19,79.80662536621094
1999-10-20,80.59208679199219
1999-10-21,81.06341552734375
1999-10-22,81.7507095336914
1999-10-25,81.33836364746094
1999-10-26,80.31722259521484
1999-10-27,81.77040100097656
1999-10-28,84.55885314941406
1999-10-29,86.09060668945312
1999-11-01,85.18726348876953
1999-11-02,84.57852172851562
1999-11-03,85.14802551269531
1999-11-04,85.79607391357422
1999-11-05,86.6404800415039
1999-11-08,86.71900177001953
1999-11-09,85.90404510498047
1999-11-10,86.54231262207031
1999-11-11,87.0332260131836
1999-11-12,87.81873321533203
1999-11-15,88.0249252319336
1999-11-16,88.76129913330078
1999-11-17,88.99697875976562
1999-11-18,89.6253433227539
1999-11-19,89.5468521118164
1999-11-22,89.52716827392578
1999-11-23,88.74164581298828
1999-11-24,89.21295928955078
1999-11-26,88.8791275024414
1999-11-29,88.56491088867188
1999-11-30,87.52412414550781
1999-12-01,88.23109436035156
1999-12-02,88.76129913330078
1999-12-03,90.39118957519531
1999-12-06,89.72352600097656
1999-12-07,88.99697875976562
1999-12-08,88.42745971679688
1999-12-09,88.85948944091797
1999-12-10,89.1540756225586
1999-12-13,89.31114959716797
1999-12-14,88.44709777832031
1999-12-15,88.91840362548828
1999-12-16,89.31114959716797
1999-12-17,89.88471984863281
1999-12-20,89.23507690429688
1999-12-21,90.5933609008789
1999-12-22,90.82965087890625
1999-12-23,92.27647399902344
1999-12-27,92.1485595703125
1999-12-28,92.08955383300781
1999-12-29,92.48323822021484
1999-12-30,92.3749771118164
1999-12-31,92.52265167236328
2000-01-03,91.61703491210938
2000-01-04,88.03428649902344
2000-01-05,88.19178009033203
2000-01-06,86.77436828613281
2000-01-07,91.8138656616211
2000-01-10,92.12889099121094
2000-01-11,91.02648162841797
2000-01-12,90.12091827392578
2000-01-13,91.3414535522461
2000-01-14,92.58163452148438
2000-01-18,91.8532943725586
2000-01-19,92.601318359375
2000-01-20,91.18402099609375
2000-01-21,90.98709869384766
2000-01-24,88.40829467773438
2000-01-25,89.41224670410156
2000-01-26,88.70358276367188
2000-01-27,88.3492202758789
2000-01-28,85.5932388305664
2000-01-31,87.91617584228516
2000-02-01,88.78229522705078
2000-02-02,88.86104583740234
2000-02-03,90.19972229003906
2000-02-04,89.82569122314453
2000-02-07,89.68788146972656
2000-02-08,90.90839385986328
2000-02-09,88.99885559082031
2000-02-10,89.17601013183594
2000-02-11,87.364990234375
2000-02-14,87.87674713134766
2000-02-15,88.8709487915039
2000-02-16,87.56180572509766
2000-02-17,87.10903930664062
2000-02-18,85.23889923095703
2000-02-22,85.02235412597656
2000-02-23,86.02633666992188
2000-02-24,84.29399108886719
2000-02-25,83.9888687133789
2000-02-28,85.750732421875
2000-02-29,86.57757568359375
2000-03-01,87.20747375488281
2000-03-02,87.26652526855469
2000-03-03,88.90048217773438
2000-03-06,88.03428649902344
2000-03-07,86.33145904541016
2000-03-08,86.22319030761719
2000-03-09,88.74293518066406
2000-03-10,88.27051544189453
2000-03-13,87.305908203125
2000-03-14,86.06571197509766
2000-03-15,88.07360076904297
2000-03-16,92.18795013427734
2000-03-17,92.79718780517578
2000-03-20,92.32357025146484
2000-03-21,94.21820068359375
2000-03-22,94.79056549072266
2000-03-23,96.40882110595703
2000-03-24,96.98115539550781
2000-03-27,95.95490264892578
2000-03-28,95.40234375
2000-03-29,95.5009994506836
2000-03-30,93.90240478515625
2000-03-31,94.96818542480469
2000-04-03,95.52075958251953
2000-04-04,94.81024932861328
2000-04-05,94.21820068359375
2000-04-06,95.03726196289062
2000-04-07,95.63919067382812
2000-04-10,95.26419067382812
2000-04-11,94.98787689208984
2000-04-12,92.38276672363281
2000-04-13,91.09992218017578
2000-04-14,85.88971710205078
2000-04-17,88.88957214355469
2000-04-18,91.23807525634766
2000-04-19,90.38948822021484
2000-04-20,90.82360076904297
2000-04-24,89.83687591552734
2000-04-25,93.5669174194336
2000-04-26,92.51102447509766
2000-04-27,92.20513916015625
2000-04-28,91.63286590576172
2000-05-01,92.87616729736328
2000-05-02,91.02102661132812
2000-05-03,88.88957214355469
2000-05-04,89.56057739257812
2000-05-05,90.64602661132812
2000-05-08,89.96514129638672
2000-05-09,89.24482727050781
2000-05-10,87.23174285888672
2000-05-11,89.2250747680664
2000-05-12,90.19209289550781
2000-05-15,91.75125122070312
2000-05-16,92.63932037353516
2000-05-17,91.67227935791016
2000-05-18,90.5473403930664
2000-05-19,89.12641906738281
2000-05-22,88.45535278320312
2000-05-23,87.15276336669922
2000-05-24,88.57373046875
2000-05-25,87.05413055419922
2000-05-26,87.15276336669922
2000-05-30,89.99479675292969
2000-05-31,90.19209289550781
2000-06-01,91.7709732055664
2000-06-02,93.36953735351562
2000-06-05,92.91563415527344
2000-06-06,92.50118255615234
2000-06-07,93.1426010131836
2000-06-08,92.77752685546875
2000-06-09,92.58013916015625
2000-06-12,91.49463653564453
2000-06-13,93.21162414550781
2000-06-14,93.36953735351562
2000-06-15,93.5669174194336
2000-06-16,92.79810333251953
2000-06-19,93.98504638671875
2000-06-20,93.64872741699219
2000-06-21,93.60916900634766
2000-06-22,92.18482208251953
2000-06-23,91.3935317993164
2000-06-26,92.57061004638672
2000-06-27,91.88813781738281
2000-06-28,92.14525604248047
2000-06-29,91.27486419677734
2000-06-30,91.96724700927734
2000-07-03,93.23332214355469
2000-07-05,91.55181884765625
2000-07-06,92.2640151977539
2000-07-07,93.74765014648438
2000-07-10,93.58939361572266
2000-07-11,93.78720092773438
2000-07-12,94.40045928955078
2000-07-13,94.81588745117188
2000-07-14,95.74568939208984
2000-07-17,95.58739471435547
2000-07-18,94.80597686767578
2000-07-19,94.04436492919922
2000-07-20,95.35000610351562
2000-07-21,93.4904556274414
2000-07-24,92.95638275146484
2000-07-25,93.25306701660156
2000-07-26,92.34314727783203
2000-07-27,92.02661895751953
2000-07-28,89.949462890625
2000-07-31,90.52313995361328
2000-08-01,91.07708740234375
2000-08-02,91.53201293945312
2000-08-03,92.16504669189453
2000-08-04,92.65963745117188
2000-08-07,93.76741027832031
2000-08-08,94.12348175048828
2000-08-09,93.33222961425781
2000-08-10,92.87720489501953
2000-08-11,93.31246185302734
2000-08-14,94.49937438964844
2000-08-15,94.42023468017578
2000-08-16,94.08393859863281
2000-08-17,95.07305145263672
2000-08-18,94.75652313232422
2000-08-21,95.2708740234375
2000-08-22,95.11260223388672
2000-08-23,95.48848724365234
2000-08-24,95.78522491455078
2000-08-25,95.74568939208984
2000-08-28,96.0720443725586
2000-08-29,96.0918197631836
2000-08-30,95.17194366455078
2000-08-31,96.4380111694336
2000-09-01,96.53691101074219
2000-09-05,95.76544952392578
2000-09-06,94.67741394042969
2000-09-07,95.48848724365234
2000-09-08,94.83566284179688
2000-09-11,94.6971664428711
2000-09-12,94.00482940673828
2000-09-13,94.2520523071289
2000-09-14,94.72686004638672
2000-09-15,92.65445709228516
2000-09-18,91.8016586303711
2000-09-19,92.63457489013672
2000-09-20,91.95040893554688
2000-09-21,90.55225372314453
2000-09-22,92.19828033447266
2000-09-25,91.54383850097656
2000-09-26,90.37374877929688
2000-09-27,90.84973907470703
2000-09-28,92.01980590820312
2000-09-29,91.14716339111328
2000-10-02,91.28604888916016
2000-10-03,90.43325805664062
2000-10-04,91.18685913085938
2000-10-05,91.5041732788086
2000-10-06,89.52101135253906
2000-10-09,88.84672546386719
2000-10-10,87.37914276123047
2000-10-11,86.64539337158203
2000-10-12,84.48370361328125
2000-10-13,87.29983520507812
2000-10-16,87.69647216796875
2000-10-17,85.51498413085938
2000-10-18,85.1976318359375
2000-10-19,88.41043090820312
2000-10-20,88.78723907470703
2000-10-23,89.18387603759766
2000-10-24,88.58891296386719
2000-10-25,86.50654602050781
2000-10-26,86.74455261230469
2000-10-27,88.39057159423828
2000-10-30,89.18387603759766
2000-10-31,90.72083282470703
2000-11-01,90.41344451904297
2000-11-02,90.56216430664062
2000-11-03,90.61174774169922
2000-11-06,91.24638366699219
2000-11-07,91.22654724121094
2000-11-08,89.20370483398438
2000-11-09,88.86651611328125
2000-11-10,86.70488739013672
2000-11-13,86.03060913085938
2000-11-14,88.29137420654297
2000-11-15,88.5690689086914
2000-11-16,87.18083190917969
2000-11-17,86.71479034423828
2000-11-20,85.47531127929688
2000-11-21,85.91162872314453
2000-11-22,83.85899353027344
2000-11-24,85.574462890625
2000-11-27,86.32807922363281
2000-11-28,84.84070587158203
2000-11-29,84.6820068359375
2000-11-30,83.9482421875
2000-12-01,83.9085693359375
2000-12-04,84.62252807617188
2000-12-05,87.39898681640625
2000-12-06,86.00082397460938
2000-12-07,84.82084655761719
2000-12-08,85.01917266845703
2000-12-11,87.97412109375
2000-12-12,87.59727478027344
2000-12-13,86.3974838256836
2000-12-14,85.29682159423828
2000-12-15,83.37026977539062
2000-12-18,84.4842300415039
2000-12-19,82.76348876953125
2000-12-20,80.3664321899414
2000-12-21,80.9234390258789
2000-12-22,83.35034942626953
2000-12-26,84.24551391601562
2000-12-27,84.86222076416016
2000-12-28,85.12081146240234
2000-12-29,83.50948333740234
2001-01-02,81.99766540527344
2001-01-03,85.9364013671875
2001-01-04,85.01139831542969
2001-01-05,82.2363510131836
2001-01-08,82.87293243408203
2001-01-09,82.65413665771484
2001-01-10,84.10626983642578
2001-01-11,84.18587493896484
2001-01-12,84.02667999267578
2001-01-16,84.56382751464844
2001-01-17,84.95171356201172
2001-01-18,85.79718017578125
2001-01-19,85.30978393554688
2001-01-22,85.87667083740234
2001-01-23,86.55308532714844
2001-01-24,86.81170654296875
2001-01-25,86.59288787841797
2001-01-26,86.4933853149414
2001-01-29,86.9549331665039
2001-01-30,87.71878814697266
2001-01-31,87.22227478027344
2001-02-01,87.80152893066406
2001-02-02,85.80911254882812
2001-02-05,86.43927764892578
2001-02-06,86.18465423583984
2001-02-07,85.73908996582031
2001-02-08,84.73967742919922
2001-02-09,83.92485046386719
2001-02-12,84.88606262207031
2001-02-13,84.1922378540039
2001-02-14,84.06487274169922
2001-02-15,84.87966918945312
2001-02-16,83.0082015991211
2001-02-20,81.72870635986328
2001-02-21,79.9654541015625
2001-02-22,80.08635711669922
2001-02-23,79.5452651977539
2001-02-26,81.23855590820312
2001-02-27,80.48738861083984
2001-02-28,78.90235137939453
2001-03-01,79.3161392211914
2001-03-02,78.68594360351562
2001-03-05,79.40524291992188
2001-03-06,80.25823211669922
2001-03-07,80.8311767578125
2001-03-08,80.9202880859375
2001-03-09,78.52677154541016
2001-03-12,75.16567993164062
2001-03-13,76.40064239501953
2001-03-14,74.8919906616211
2001-03-15,74.91107940673828
2001-03-16,73.40853118896484
2001-03-19,74.90215301513672
2001-03-20,72.89158630371094
2001-03-21,71.65330505371094
2001-03-22,70.92567443847656
2001-03-23,73.07029724121094
2001-03-26,74.00215911865234
2001-03-27,75.51490020751953
2001-03-28,73.42771911621094
2001-03-29,73.70855712890625
2001-03-30,74.48091888427734
2001-04-02,72.89158630371094
2001-04-03,70.45973205566406
2001-04-04,70.7533187866211
2001-04-05,73.43413543701172
2001-04-06,72.317138671875
2001-04-09,73.12135314941406
2001-04-10,74.45537567138672
2001-04-11,74.50640869140625
2001-04-12,75.85958099365234
2001-04-16,75.06169891357422
2001-04-17,76.12128448486328
2001-04-18,79.14669799804688
2001-04-19,80.1998519897461
2001-04-20,79.46582794189453
2001-04-23,78.02330780029297
2001-04-24,77.60210418701172
2001-04-25,78.61693572998047
2001-04-26,78.96798706054688
2001-04-27,80.28285217285156
2001-04-30,80.84452819824219
2001-05-01,81.09345245361328
2001-05-02,80.94667053222656
2001-05-03,79.91902160644531
2001-05-04,81.278564453125
2001-05-07,80.57643127441406
2001-05-08,80.53816986083984
2001-05-09,80.1998519897461
2001-05-10,80.4360122680664
2001-05-11,79.8807373046875
2001-05-14,80.04032135009766
2001-05-15,80.41051483154297
2001-05-16,82.3061752319336
2001-05-17,82.43383026123047
2001-05-18,82.8104476928711
2001-05-21,84.02953338623047
2001-05-22,83.9210205078125
2001-05-23,82.49766540527344
2001-05-24,82.74020385742188
2001-05-25,81.76366424560547
2001-05-29,81.11259460449219
2001-05-30,79.97647857666016
2001-05-31,80.39138793945312
2001-06-01,80.88923645019531
2001-06-04,81.278564453125
2001-06-05,82.21044158935547
2001-06-06,81.52749633789062
2001-06-07,81.82110595703125
2001-06-08,81.06155395507812
2001-06-11,80.48710632324219
2001-06-12,80.34664154052734
2001-06-13,79.65734100341797
2001-06-14,77.87015533447266
2001-06-15,77.99560546875
2001-06-18,77.6179428100586
2001-06-19,77.95722961425781
2001-06-20,78.36688232421875
2001-06-21,79.25657653808594
2001-06-22,78.63569641113281
2001-06-25,77.91240692138672
2001-06-26,77.80357360839844
2001-06-27,77.7587661743164
2001-06-28,78.18765258789062
2001-06-29,78.47567749023438
2001-07-02,79.45500183105469
2001-07-03,79.43582916259766
2001-07-05,77.88678741455078
2001-07-06,76.20333099365234
2001-07-09,76.6194076538086
2001-07-10,75.69768524169922
2001-07-11,75.77447509765625
2001-07-12,77.57313537597656
2001-07-13,78.2452163696289
2001-07-16,77.26591491699219
2001-07-17,77.98918914794922
2001-07-18,77.45792388916016
2001-07-19,78.13639831542969
2001-07-20,77.66913604736328
2001-07-23,76.13932800292969
2001-07-24,75.40320587158203
2001-07-25,76.23534393310547
2001-07-26,77.03546142578125
2001-07-27,77.32987976074219
2001-07-30,77.35548400878906
2001-07-31,77.6755599975586
2001-08-01,78.16204071044922
2001-08-02,78.48206329345703
2001-08-03,78.05321502685547
2001-08-06,77.00344848632812
2001-08-07,77.30426788330078
2001-08-08,75.87049102783203
2001-08-09,76.0945053100586
2001-08-10,76.35697174072266
2001-08-13,76.37617492675781
2001-08-14,76.34413146972656
2001-08-15,75.68488311767578
2001-08-16,75.94731140136719
2001-08-17,74.73113250732422
2001-08-20,75.42242431640625
2001-08-21,74.1358642578125
2001-08-22,74.9039306640625
2001-08-23,74.6351089477539
2001-08-24,76.18412780761719
2001-08-27,75.72968292236328
2001-08-28,74.622314453125
2001-08-29,73.95659637451172
2001-08-30,72.53557586669922
2001-08-31,73.06688690185547
2001-09-04,72.59962463378906
2001-09-05,72.77880096435547
2001-09-06,70.90332794189453
2001-09-07,69.59113311767578
2001-09-10,70.4424819946289
2001-09-17,66.7619400024414
2001-09-18,66.60191345214844
2001-09-19,65.25773620605469
2001-09-20,63.18377685546875
2001-09-21,62.50210952758789
2001-09-24,64.69943237304688
2001-09-25,65.37409210205078
2001-09-26,65.14276123046875
2001-09-27,65.70814514160156
2001-09-28,67.10236358642578
2001-10-01,66.99313354492188
2001-10-02,67.8348388671875
2001-10-03,68.9720687866211
2001-10-04,69.02989959716797
2001-10-05,68.89496612548828
2001-10-08,68.4452133178711
2001-10-09,68.07898712158203
2001-10-10,69.59530639648438
2001-10-11,70.67466735839844
2001-10-12,70.35342407226562
2001-10-15,70.22496032714844
2001-10-16,70.66824340820312
2001-10-17,69.16484069824219
2001-10-18,69.01701354980469
2001-10-19,68.9720687866211
2001-10-22,70.33413696289062
2001-10-23,69.97434997558594
2001-10-24,69.78800964355469
2001-10-25,71.04087829589844
2001-10-26,70.8802719116211
2001-10-29,69.03628540039062
2001-10-30,68.20747375488281
2001-10-31,67.9762191772461
2001-11-01,69.71733856201172
2001-11-02,70.19281768798828
2001-11-05,71.11156463623047
2001-11-06,72.2166748046875
2001-11-07,72.1202621459961
2001-11-08,72.34514617919922
2001-11-09,72.42227935791016
2001-11-12,71.97895812988281
2001-11-13,73.59800720214844
2001-11-14,73.66865539550781
2001-11-15,73.80364227294922
2001-11-16,73.47599029541016
2001-11-19,74.38188171386719
2001-11-20,73.75865173339844
2001-11-21,73.27033996582031
2001-11-23,74.32404327392578
2001-11-26,74.48466491699219
2001-11-27,74.16343688964844
2001-11-28,72.82064056396484
2001-11-29,73.80364227294922
2001-11-30,73.27677917480469
2001-12-03,72.83991241455078
2001-12-04,74.073486328125
2001-12-05,75.42916870117188
2001-12-06,75.3906021118164
2001-12-07,74.88945007324219
2001-12-10,73.48880767822266
2001-12-11,73.3410415649414
2001-12-12,73.42455291748047
2001-12-13,71.99820709228516
2001-12-14,72.6856918334961
2001-12-17,73.43739318847656
2001-12-18,73.87431335449219
2001-12-19,74.39474487304688
2001-12-20,73.66227722167969
2001-12-21,74.10903930664062
2001-12-24,73.96723175048828
2001-12-26,74.37340545654297
2001-12-27,74.82467651367188
2001-12-28,74.78601837158203
2001-12-31,73.6900405883789
2002-01-02,74.48302459716797
2002-01-03,75.32752227783203
2002-01-04,75.83045196533203
2002-01-07,75.29532623291016
2002-01-08,75.12126922607422
2002-01-09,74.50878143310547
2002-01-10,74.83757781982422
2002-01-11,74.10261535644531
2002-01-14,73.63845825195312
2002-01-15,74.2380142211914
2002-01-16,72.73583984375
2002-01-17,73.2838363647461
2002-01-18,72.94862365722656
2002-01-22,72.44574737548828
2002-01-23,73.00017547607422
2002-01-24,73.22581481933594
2002-01-25,73.20648956298828
2002-01-28,73.40632629394531
2002-01-29,71.09827423095703
2002-01-30,72.12336730957031
2002-01-31,72.9679183959961
2002-02-01,72.6262435913086
2002-02-04,70.8210678100586
2002-02-05,70.38268280029297
2002-02-06,70.07964324951172
2002-02-07,69.64122772216797
2002-02-08,70.97576141357422
2002-02-11,71.84615325927734
2002-02-12,71.6204833984375
2002-02-13,72.38125610351562
2002-02-14,72.245849609375
2002-02-15,71.49158477783203
2002-02-19,70.11831665039062
2002-02-20,71.29814147949219
2002-02-21,69.82171630859375
2002-02-22,70.68568420410156
2002-02-25,71.85259246826172
2002-02-26,71.70430755615234
2002-02-27,71.9815673828125
2002-02-28,71.65914916992188
2002-03-01,73.32894134521484
2002-03-04,74.62483215332031
2002-03-05,74.38628387451172
2002-03-06,75.2695541381836
2002-03-07,75.10832977294922
2002-03-08,75.42427825927734
2002-03-11,75.58547973632812
2002-03-12,75.54031372070312
2002-03-13,74.81181335449219
2002-03-14,74.70863342285156
2002-03-15,75.42050170898438
2002-03-18,75.43342590332031
2002-03-19,75.937744140625
2002-03-20,74.5088882446289
2002-03-21,74.5411605834961
2002-03-22,74.37955474853516
2002-03-25,73.45499420166016
2002-03-26,73.8817138671875
2002-03-27,74.07563781738281
2002-03-28,74.0433349609375
2002-04-01,74.07563781738281
2002-04-02,73.66834259033203
2002-04-03,73.15109252929688
2002-04-04,72.84722137451172
2002-04-05,72.86013793945312
2002-04-08,73.01531219482422
2002-04-09,72.50455474853516
2002-04-10,73.32566833496094
2002-04-11,71.50238037109375
2002-04-12,72.03902435302734
2002-04-15,71.48945617675781
2002-04-16,73.18991088867188
2002-04-17,73.03471374511719
2002-04-18,72.71790313720703
2002-04-19,72.98297882080078
2002-04-22,71.76748657226562
2002-04-23,71.45710754394531
2002-04-24,70.73943328857422
2002-04-25,70.77823638916016
2002-04-26,69.43340301513672
2002-04-29,69.09075164794922
2002-04-30,69.73728942871094
2002-05-01,70.59074401855469
2002-05-02,70.3191909790039
2002-05-03,69.55628204345703
2002-05-06,68.1920166015625
2002-05-07,67.95277404785156
2002-05-08,70.48082733154297
2002-05-09,69.66617584228516
2002-05-10,68.35366821289062
2002-05-13,69.74373626708984
2002-05-14,71.26315307617188
2002-05-15,70.9851303100586
2002-05-16,71.35369110107422
2002-05-17,71.70283508300781
2002-05-20,70.92695617675781
2002-05-21,70.2803955078125
2002-05-22,70.43553924560547
2002-05-23,71.18556213378906
2002-05-24,70.27393341064453
2002-05-28,69.89244842529297
2002-05-29,69.37519836425781
2002-05-30,69.1812744140625
2002-05-31,69.32347869873047
2002-06-03,67.48078918457031
2002-06-04,67.64889526367188
2002-06-05,68.2825698852539
2002-06-06,66.89244079589844
2002-06-07,66.81482696533203
2002-06-10,67.07347869873047
2002-06-11,65.9226303100586
2002-06-12,66.323486328125
2002-06-13,65.65753173828125
2002-06-14,65.56053161621094
2002-06-17,67.31916809082031
2002-06-18,67.86878204345703
2002-06-19,66.28466796875
2002-06-20,65.4377212524414
2002-06-21,64.41453552246094
2002-06-24,64.75187683105469
2002-06-25,63.298587799072266
2002-06-26,63.402381896972656
2002-06-27,64.51187896728516
2002-06-28,64.20693969726562
2002-07-01,62.954647064208984
2002-07-02,61.618125915527344
2002-07-03,61.96849822998047
2002-07-05,64.4339599609375
2002-07-08,63.62944030761719
2002-07-09,62.02688980102539
2002-07-10,59.769012451171875
2002-07-11,60.2556037902832
2002-07-12,59.593833923339844
2002-07-15,59.91168975830078
2002-07-16,58.75682067871094
2002-07-17,58.87364196777344
2002-07-18,56.9660758972168
2002-07-19,54.96125411987305
2002-07-22,53.33274459838867
2002-07-23,51.872901916503906
2002-07-24,54.96774673461914
2002-07-25,54.50059509277344
2002-07-26,55.53868865966797
2002-07-29,58.24428176879883
2002-07-30,59.003395080566406
2002-07-31,59.1461067199707
2002-08-01,57.60193634033203
2002-08-02,56.310829162597656
2002-08-05,54.351356506347656
2002-08-06,56.18102264404297
2002-08-07,57.16075897216797
2002-08-08,59.009891510009766
2002-08-09,59.230472564697266
2002-08-12,58.79579544067383
2002-08-13,57.72522735595703
2002-08-14,59.83388137817383
2002-08-15,60.66434097290039
2002-08-16,60.4826774597168
2002-08-19,61.89708709716797
2002-08-20,61.241783142089844
2002-08-21,62.12417221069336
2002-08-22,62.72759246826172
2002-08-23,61.37804412841797
2002-08-26,61.806339263916016
2002-08-27,61.09257888793945
2002-08-28,59.7559700012207
2002-08-29,59.78196334838867
2002-08-30,59.54839324951172
2002-09-03,57.27752685546875
2002-09-04,58.095054626464844
2002-09-05,57.60193634033203
2002-09-06,58.39354705810547
2002-09-09,58.821712493896484
2002-09-10,59.496490478515625
2002-09-11,59.126625061035156
2002-09-12,58.03668975830078
2002-09-13,58.17940139770508
2002-09-16,58.32212829589844
2002-09-17,56.9855842590332
2002-09-18,56.41461944580078
2002-09-19,54.95474624633789
2002-09-20,54.97303009033203
2002-09-23,54.52334213256836
2002-09-24,53.64351272583008
2002-09-25,54.97303009033203
2002-09-26,55.87240982055664
2002-09-27,53.93028259277344
2002-09-30,53.30459976196289
2002-10-01,55.86589431762695
2002-10-02,54.19095230102539
2002-10-03,53.64351272583008
2002-10-04,52.65940856933594
2002-10-07,51.57101058959961
2002-10-08,52.37915802001953
2002-10-09,50.899749755859375
2002-10-10,52.548606872558594
2002-10-11,54.84918975830078
2002-10-14,55.1555061340332
2002-10-15,57.80802536010742
2002-10-16,56.40682601928711
2002-10-17,57.52779006958008
2002-10-18,57.76893615722656
2002-10-21,58.76605987548828
2002-10-22,58.342464447021484
2002-10-23,58.78562545776367
2002-10-24,57.58645248413086
2002-10-25,58.78562545776367
2002-10-28,58.40110778808594
2002-10-29,57.723323822021484
2002-10-30,58.28378677368164
2002-10-31,57.69071578979492
2002-11-01,58.83124542236328
2002-11-04,59.391719818115234
2002-11-05,59.860965728759766
2002-11-06,60.6364860534668
2002-11-07,59.150577545166016
2002-11-08,58.42717742919922
2002-11-11,57.521270751953125
2002-11-12,57.97746658325195
2002-11-13,58.036102294921875
2002-11-14,59.131038665771484
2002-11-15,59.56767654418945
2002-11-18,58.968109130859375
2002-11-19,58.8899040222168
2002-11-20,60.19987487792969
2002-11-21,61.32081985473633
2002-11-22,60.88417434692383
2002-11-25,60.92325973510742
2002-11-26,59.76320266723633
2002-11-27,61.44464874267578
2002-11-29,61.2491340637207
2002-12-02,61.346885681152344
2002-12-03,60.5257453918457
2002-12-04,60.251991271972656
2002-12-05,59.587257385253906
2002-12-06,59.978267669677734
2002-12-09,58.32941818237305
2002-12-10,59.111515045166016
2002-12-11,59.16362380981445
2002-12-12,59.1571159362793
2002-12-13,58.22514724731445
2002-12-16,59.73063659667969
2002-12-17,59.20926284790039
2002-12-18,58.52492141723633
2002-12-19,58.107845306396484
2002-12-20,58.93696212768555
2002-12-23,58.956600189208984
2002-12-24,58.51777648925781
2002-12-26,58.54399871826172
2002-12-27,57.22759246826172
2002-12-30,57.70570373535156
2002-12-31,57.784263610839844
2003-01-02,59.644248962402344
2003-01-03,59.82766342163086
2003-01-06,60.88212966918945
2003-01-07,60.7314453125
2003-01-08,59.853843688964844
2003-01-09,60.78388595581055
2003-01-10,60.94761657714844
2003-01-13,60.927940368652344
2003-01-14,61.12443923950195
2003-01-15,60.515342712402344
2003-01-16,60.2664680480957
2003-01-17,59.3757438659668
2003-01-21,58.45231628417969
2003-01-22,57.744998931884766
2003-01-23,58.098655700683594
2003-01-24,56.57267761230469
2003-01-27,55.799861907958984
2003-01-28,56.21247100830078
2003-01-29,56.638145446777344
2003-01-30,55.295570373535156
2003-01-31,56.363075256347656
2003-02-03,56.474430084228516
2003-02-04,55.917747497558594
2003-02-05,55.57063674926758
2003-02-06,55.30866622924805
2003-02-07,54.63408660888672
2003-02-10,55.02048110961914
2003-02-11,54.640628814697266
2003-02-12,53.76957702636719
2003-02-13,53.933311462402344
2003-02-14,55.112186431884766
2003-02-18,56.08148193359375
2003-02-19,55.786739349365234
2003-02-20,55.230079650878906
2003-02-21,55.786739349365234
2003-02-24,54.8829345703125
2003-02-25,55.32174301147461
2003-02-26,54.51619338989258
2003-02-27,55.23662567138672
2003-02-28,55.603397369384766
2003-03-03,55.072879791259766
2003-03-04,54.19529342651367
2003-03-05,54.65373992919922
2003-03-06,54.19529342651367
2003-03-07,54.56858825683594
2003-03-10,53.25874328613281
2003-03-11,52.73478698730469
2003-03-12,53.08844757080078
2003-03-13,54.92224884033203
2003-03-14,55.09907531738281
2003-03-17,56.83460998535156
2003-03-18,57.168678283691406
2003-03-19,57.60747146606445
2003-03-20,57.73187255859375
2003-03-21,58.964202880859375
2003-03-24,57.00461959838867
2003-03-25,57.55039978027344
2003-03-26,57.26106643676758
2003-03-27,57.307090759277344
2003-03-28,57.017784118652344
2003-03-31,55.72235870361328
2003-04-01,56.57719802856445
2003-04-02,57.94495391845703
2003-04-03,57.668766021728516
2003-04-04,58.01068878173828
2003-04-07,57.89891052246094
2003-04-08,57.990997314453125
2003-04-09,57.22819137573242
2003-04-10,57.543819427490234
2003-04-11,57.307090759277344
2003-04-14,58.49074172973633
2003-04-15,59.036502838134766
2003-04-16,58.03044509887695
2003-04-17,58.89185333251953
2003-04-21,58.950992584228516
2003-04-22,60.06232833862305
2003-04-23,60.614662170410156
2003-04-24,60.07545471191406
2003-04-25,59.33241653442383
2003-04-28,60.35821533203125
2003-04-29,60.56864929199219
2003-04-30,60.4371223449707
2003-05-01,60.43055725097656
2003-05-02,61.291961669921875
2003-05-05,61.17359924316406
2003-05-06,61.75229263305664
2003-05-07,61.41033935546875
2003-05-08,60.79221725463867
2003-05-09,61.6339111328125
2003-05-12,62.39008331298828
2003-05-13,62.2783203125
2003-05-14,62.14679718017578
2003-05-15,62.541351318359375
2003-05-16,62.383522033691406
2003-05-19,60.92375183105469
2003-05-20,60.798789978027344
2003-05-21,60.92375183105469
2003-05-22,61.52872085571289
2003-05-23,61.65361785888672
2003-05-27,62.732032775878906
2003-05-28,62.909576416015625
2003-05-29,62.745243072509766
2003-05-30,63.75127029418945
2003-06-02,64.01427459716797
2003-06-03,64.2773208618164
2003-06-04,65.20450592041016
2003-06-05,65.5267105102539
2003-06-06,65.27027130126953
2003-06-09,64.60613250732422
2003-06-10,65.26366424560547
2003-06-11,65.95413208007812
2003-06-12,66.15799713134766
2003-06-13,65.46753692626953
2003-06-16,66.848388671875
2003-06-17,66.848388671875
2003-06-18,66.78923034667969
2003-06-19,65.77001953125
2003-06-20,65.62486267089844
2003-06-23,64.9516830444336
2003-06-24,65.01768493652344
2003-06-25,64.36434936523438
2003-06-26,65.20246887207031
2003-06-27,64.45015716552734
2003-06-30,64.43034362792969
2003-07-01,65.0242919921875
2003-07-02,65.84258270263672
2003-07-03,65.16288757324219
2003-07-07,66.45635986328125
2003-07-08,66.75330352783203
2003-07-09,66.3771743774414
2003-07-10,65.53239440917969
2003-07-11,66.15280151367188
2003-07-14,66.4761734008789
2003-07-15,66.3309555053711
2003-07-16,65.94161987304688
2003-07-17,65.00448608398438
2003-07-18,65.6710205078125
2003-07-21,64.85928344726562
2003-07-22,65.4466323852539
2003-07-23,65.49286651611328
2003-07-24,64.99789428710938
2003-07-25,66.14615631103516
2003-07-28,65.9019775390625
2003-07-29,65.5984115600586
2003-07-30,65.44002532958984
2003-07-31,65.59185791015625
2003-08-01,65.01107788085938
2003-08-04,65.01107788085938
2003-08-05,63.631771087646484
2003-08-06,64.00135803222656
2003-08-07,64.67449188232422
2003-08-08,64.85928344726562
2003-08-11,65.10350036621094
2003-08-12,65.69739532470703
2003-08-13,65.36084747314453
2003-08-14,65.5390396118164
2003-08-15,65.7436294555664
2003-08-18,66.3111801147461
2003-08-19,66.56195831298828
2003-08-20,66.29137420654297
2003-08-21,66.5025405883789
2003-08-22,65.84258270263672
2003-08-25,65.94817352294922
2003-08-26,66.06702423095703
2003-08-27,66.0867919921875
2003-08-28,66.4959716796875
2003-08-29,66.94471740722656
2003-09-02,67.8422622680664
2003-09-03,68.2118148803711
2003-09-04,68.24483489990234
2003-09-05,67.8620376586914
2003-09-08,68.42301940917969
2003-09-09,67.9742202758789
2003-09-10,67.28793334960938
2003-09-11,67.48587799072266
2003-09-12,67.61122131347656
2003-09-15,67.3736801147461
2003-09-16,68.35697174072266
2003-09-17,68.22500610351562
2003-09-18,69.0301284790039
2003-09-19,68.67902374267578
2003-09-22,67.93704223632812
2003-09-23,68.19541931152344
2003-09-24,66.9830551147461
2003-09-25,66.4332275390625
2003-09-26,66.21460723876953
2003-09-29,66.86383056640625
2003-09-30,66.21460723876953
2003-10-01,67.62567138671875
2003-10-02,67.87077331542969
2003-10-03,68.49356079101562
2003-10-06,68.8049087524414
2003-10-07,69.06989288330078
2003-10-08,68.89762115478516
2003-10-09,69.08311462402344
2003-10-10,69.2752685546875
2003-10-13,69.49388122558594
2003-10-14,69.73898315429688
2003-10-15,69.55350494384766
2003-10-16,69.83175659179688
2003-10-17,69.06989288330078
2003-10-20,69.58657836914062
2003-10-21,69.46735382080078
2003-10-22,68.5928955078125
2003-10-23,68.46702575683594
2003-10-24,68.61936950683594
2003-10-27,68.65251922607422
2003-10-28,69.58657836914062
2003-10-29,69.67936706542969
2003-10-30,69.8250961303711
2003-10-31,69.75886535644531
2003-11-03,70.21597290039062
2003-11-04,70.0635986328125
2003-11-05,70.11658477783203
2003-11-06,70.48758697509766
2003-11-07,69.9642333984375
2003-11-10,69.67936706542969
2003-11-11,69.65949249267578
2003-11-12,70.44120788574219
2003-11-13,70.46110534667969
2003-11-14,69.86483764648438
2003-11-17,69.51373291015625
2003-11-18,68.7916030883789
2003-11-19,69.37461853027344
2003-11-20,68.75189208984375
2003-11-21,69.0367660522461
2003-11-24,69.95101165771484
2003-11-25,70.21597290039062
2003-11-26,70.46772766113281
2003-11-28,70.52069854736328
2003-12-01,71.2825927734375
2003-12-02,71.10369110107422
2003-12-03,70.99109649658203
2003-12-04,71.2825927734375
2003-12-05,70.78571319580078
2003-12-08,71.26265716552734
2003-12-09,70.71283721923828
2003-12-10,70.70621490478516
2003-12-11,71.5011978149414
2003-12-12,71.64026641845703
2003-12-15,71.2825927734375
2003-12-16,71.65357208251953
2003-12-17,71.87879180908203
2003-12-18,72.68701171875
2003-12-19,72.48464965820312
2003-12-22,72.99055480957031
2003-12-23,73.03713989257812
2003-12-24,72.96391296386719
2003-12-26,73.01712036132812
2003-12-29,73.98892211914062
2003-12-30,74.00225830078125
2003-12-31,74.06879425048828
2004-01-02,74.0355453491211
2004-01-05,74.84088897705078
2004-01-06,74.91415405273438
2004-01-07,75.16704559326172
2004-01-08,75.4665756225586
2004-01-09,74.80764770507812
2004-01-12,75.3600845336914
2004-01-13,74.92082214355469
2004-01-14,75.54647827148438
2004-01-15,75.73281860351562
2004-01-16,76.03238677978516
2004-01-20,76.01239013671875
2004-01-21,76.61141967773438
2004-01-22,76.41175079345703
2004-01-23,76.16546630859375
2004-01-26,77.12394714355469
2004-01-27,76.33187866210938
2004-01-28,75.45994567871094
2004-01-29,75.53315734863281
2004-01-30,75.53315734863281
2004-02-02,75.85929107666016
2004-02-03,75.73281860351562
2004-02-04,75.11381530761719
2004-02-05,75.3334732055664
2004-02-06,76.1788101196289
2004-02-09,76.19873809814453
2004-02-10,76.445068359375
2004-02-11,77.25706481933594
2004-02-12,76.97752380371094
2004-02-13,76.63136291503906
2004-02-17,77.3236312866211
2004-02-18,76.98416900634766
2004-02-19,76.69795989990234
2004-02-20,76.46503448486328
2004-02-23,76.2719955444336
2004-02-24,76.13887023925781
2004-02-25,76.45831298828125
2004-02-26,76.50495147705078
2004-02-27,76.55817413330078
2004-03-01,77.31700897216797
2004-03-02,76.86437225341797
2004-03-03,77.0041275024414
2004-03-04,77.2038345336914
2004-03-05,77.46341705322266
2004-03-08,76.51824951171875
2004-03-09,76.21206665039062
2004-03-10,74.93412780761719
2004-03-11,73.9623031616211
2004-03-12,74.93412780761719
2004-03-15,74.01553344726562
2004-03-16,74.40827178955078
2004-03-17,75.24030303955078
2004-03-18,75.26026153564453
2004-03-19,74.1815185546875
2004-03-22,73.23971557617188
2004-03-23,73.11280059814453
2004-03-24,73.17293548583984
2004-03-25,74.14147186279297
2004-03-26,74.16146087646484
2004-03-29,75.20346069335938
2004-03-30,75.4572982788086
2004-03-31,75.54412078857422
2004-04-01,75.9983139038086
2004-04-02,76.57275390625
2004-04-05,76.99354553222656
2004-04-06,76.74640655517578
2004-04-07,76.56608581542969
2004-04-08,76.39238739013672
2004-04-12,76.69300079345703
2004-04-13,75.61759948730469
2004-04-14,75.73782348632812
2004-04-15,75.4506607055664
2004-04-16,76.03170776367188
2004-04-19,76.03170776367188
2004-04-20,74.75596618652344
2004-04-21,75.25688171386719
2004-04-22,76.31228637695312
2004-04-23,76.38573455810547
2004-04-26,76.27886962890625
2004-04-27,76.34564208984375
2004-04-28,75.35711669921875
2004-04-29,74.69586181640625
2004-04-30,74.11473083496094
2004-05-03,74.90959930419922
2004-05-04,74.84947204589844
2004-05-05,75.33041381835938
2004-05-06,74.68248748779297
2004-05-07,73.44678497314453
2004-05-10,72.69203186035156
2004-05-11,73.30652618408203
2004-05-12,73.77410888671875
2004-05-13,73.46685028076172
2004-05-14,73.50019836425781
2004-05-17,72.87239837646484
2004-05-18,73.23971557617188
2004-05-19,72.98591613769531
2004-05-20,73.21968841552734
2004-05-21,73.34657287597656
2004-05-24,73.65383911132812
2004-05-25,74.70919799804688
2004-05-26,74.96971130371094
2004-05-27,75.39049530029297
2004-05-28,75.38382720947266
2004-06-01,75.28362274169922
2004-06-02,75.56417083740234
2004-06-03,74.86949920654297
2004-06-04,75.46394348144531
2004-06-07,76.61282348632812
2004-06-08,76.71971130371094
2004-06-09,76.0050277709961
2004-06-10,76.37905883789062
2004-06-14,75.62425231933594
2004-06-15,76.15862274169922
2004-06-16,76.14530181884766
2004-06-17,76.03170776367188
2004-06-18,76.17516326904297
2004-06-21,75.88694763183594
2004-06-22,76.26904296875
2004-06-23,76.92604064941406
2004-06-24,76.6846923828125
2004-06-25,76.31595611572266
2004-06-28,76.05452728271484
2004-06-29,76.3696060180664
2004-06-30,76.77853393554688
2004-07-01,75.712646484375
2004-07-02,75.67237854003906
2004-07-06,75.00875854492188
2004-07-07,75.22993469238281
2004-07-08,74.70706176757812
2004-07-09,74.90143585205078
2004-07-12,74.93500518798828
2004-07-13,74.98860168457031
2004-07-14,74.76068878173828
2004-07-15,74.27802276611328
2004-07-16,74.21766662597656
2004-07-19,73.90258026123047
2004-07-20,74.84110260009766
2004-07-21,73.4601821899414
2004-07-22,73.66126251220703
2004-07-23,73.04450225830078
2004-07-26,72.90373229980469
2004-07-27,73.5875015258789
2004-07-28,73.80875396728516
2004-07-29,74.12380981445312
2004-07-30,74.30484771728516
2004-08-02,74.45903778076172
2004-08-03,73.88250732421875
2004-08-04,73.87578582763672
2004-08-05,72.66910552978516
2004-08-06,71.6300048828125
2004-08-09,71.73054504394531
2004-08-10,72.65570831298828
2004-08-11,72.50823974609375
2004-08-12,71.71717834472656
2004-08-13,71.85794830322266
2004-08-16,72.60205841064453
2004-08-17,73.01099395751953
2004-08-18,73.76184844970703
2004-08-19,73.5472640991211
2004-08-20,74.0634765625
2004-08-23,73.87578582763672
2004-08-24,73.97635650634766
2004-08-25,74.47913360595703
2004-08-26,74.47913360595703
2004-08-27,74.7137451171875
2004-08-30,74.09699249267578
2004-08-31,74.48580932617188
2004-09-01,74.6266098022461
2004-09-02,75.47130584716797
2004-09-03,75.16293334960938
2004-09-07,75.65899658203125
2004-09-08,75.47130584716797
2004-09-09,75.40425872802734
2004-09-10,75.79305267333984
2004-09-13,76.0411376953125
2004-09-14,76.1953125
2004-09-15,75.61876678466797
2004-09-16,75.84671783447266
2004-09-17,76.16915130615234
2004-09-20,75.7114028930664
2004-09-21,76.041259765625
2004-09-22,75.0920639038086
2004-09-23,74.68817138671875
2004-09-24,75.03148651123047
2004-09-27,74.55354309082031
2004-09-28,74.91031646728516
2004-09-29,75.28730010986328
2004-09-30,75.23343658447266
2004-10-01,76.5057601928711
2004-10-04,76.63362884521484
2004-10-05,76.67406463623047
2004-10-06,77.1991195678711
2004-10-07,76.3711166381836
2004-10-08,75.73833465576172
2004-10-11,76.04795837402344
2004-10-12,75.75175476074219
2004-10-13,75.08536529541016
2004-10-14,74.4794921875
2004-10-15,74.89686584472656
2004-10-18,75.17961120605469
2004-10-19,74.54681396484375
2004-10-20,74.39869689941406
2004-10-21,74.88339233398438
2004-10-22,74.04194641113281
2004-10-25,73.9544448852539
2004-10-26,75.08536529541016
2004-10-27,75.98737335205078
2004-10-28,76.21626281738281
2004-10-29,76.20282745361328
2004-11-01,76.41148376464844
2004-11-02,76.43842315673828
2004-11-03,77.40106201171875
2004-11-04,78.45793151855469
2004-11-05,78.9493179321289
2004-11-08,78.83491516113281
2004-11-09,78.68006896972656
2004-11-10,78.74067687988281
2004-11-11,79.33978271484375
2004-11-12,79.96582794189453
2004-11-15,80.16230773925781
2004-11-16,79.58843994140625
2004-11-17,80.06104278564453
2004-11-18,80.16905975341797
2004-11-19,79.27784729003906
2004-11-22,79.65595245361328
2004-11-23,79.7774887084961
2004-11-24,79.96647644042969
2004-11-26,79.90574645996094
2004-11-29,79.54115295410156
2004-11-30,79.59516143798828
2004-12-01,80.49989318847656
2004-12-02,80.56736755371094
2004-12-03,80.51338195800781
2004-12-06,80.48638916015625
2004-12-07,79.7369384765625
2004-12-08,80.20279693603516
2004-12-09,80.48638916015625
2004-12-10,80.56736755371094
2004-12-13,81.26958465576172
2004-12-14,81.55315399169922
2004-12-15,81.6138687133789
2004-12-16,81.56665802001953
2004-12-17,81.02259826660156
2004-12-20,81.04293823242188
2004-12-21,81.66703033447266
2004-12-22,81.86380004882812
2004-12-23,81.9248275756836
2004-12-27,81.75524139404297
2004-12-28,82.20294952392578
2004-12-29,82.32505798339844
2004-12-30,82.16899871826172
2004-12-31,81.99262237548828
2005-01-03,81.60595703125
2005-01-04,80.60881042480469
2005-01-05,80.05254364013672
2005-01-06,80.45956420898438
2005-01-07,80.34423065185547
2005-01-10,80.72415161132812
2005-01-11,80.16790008544922
2005-01-12,80.43244171142578
2005-01-13,79.78800201416016
2005-01-14,80.20858001708984
2005-01-18,81.04293823242188
2005-01-19,80.19497680664062
2005-01-20,79.70658874511719
2005-01-21,79.21820068359375
2005-01-24,79.06214904785156
2005-01-25,79.2860336303711
2005-01-26,79.52345275878906
2005-01-27,79.65914154052734
2005-01-28,79.65914154052734
2005-01-31,80.15431213378906
2005-02-01,80.66305541992188
2005-02-02,80.90727233886719
2005-02-03,80.6969985961914
2005-02-04,81.55850219726562
2005-02-07,81.449951171875
2005-02-08,81.5449447631836
2005-02-09,80.93444061279297
2005-02-10,81.22611999511719
2005-02-11,81.9248275756836
2005-02-14,81.86380004882812
2005-02-15,82.16899871826172
2005-02-16,82.22325134277344
2005-02-17,81.55850219726562
2005-02-18,81.66703033447266
2005-02-22,80.4527816772461
2005-02-23,81.02938842773438
2005-02-24,81.56526184082031
2005-02-25,82.37251281738281
2005-02-28,81.82982635498047
2005-03-01,82.23687744140625
2005-03-02,82.19612121582031
2005-03-03,82.2300796508789
2005-03-04,83.25434875488281
2005-03-07,83.29508209228516
2005-03-08,82.98307037353516
2005-03-09,82.06050109863281
2005-03-10,82.2436294555664
2005-03-11,81.66703033447266
2005-03-14,82.17581176757812
2005-03-15,81.49744415283203
2005-03-16,80.80554962158203
2005-03-17,80.96831512451172
2005-03-18,80.7279281616211
2005-03-21,80.42826080322266
2005-03-22,79.6110610961914
2005-03-23,79.67918395996094
2005-03-24,79.7745132446289
2005-03-28,79.89027404785156
2005-03-29,79.35909271240234
2005-03-30,80.4827651977539
2005-03-31,80.33293151855469
2005-04-01,79.97200012207031
2005-04-04,80.10821533203125
2005-04-05,80.48957824707031
2005-04-06,80.7687759399414
2005-04-07,81.20463562011719
2005-04-08,80.36016845703125
2005-04-11,80.42144012451172
2005-04-12,80.8368911743164
2005-04-13,79.88349914550781
2005-04-14,78.84149932861328
2005-04-15,77.73826599121094
2005-04-18,77.97660827636719
2005-04-19,78.5963363647461
2005-04-20,77.49990844726562
2005-04-21,79.00497436523438
2005-04-22,78.7052993774414
2005-04-25,79.22288513183594
2005-04-26,78.4533462524414
2005-04-27,78.75977325439453
2005-04-28,77.7723159790039
2005-04-29,78.82788848876953
2005-05-02,79.27056121826172
2005-05-03,79.40675354003906
2005-05-04,80.01969146728516
2005-05-05,79.99243927001953
2005-05-06,79.74042510986328
2005-05-09,80.23760986328125
2005-05-10,79.40675354003906
2005-05-11,79.84261322021484
2005-05-12,78.9640884399414
2005-05-13,78.80747985839844
2005-05-16,79.5429916381836
2005-05-17,80.07417297363281
2005-05-18,80.8981704711914
2005-05-19,81.23867797851562
2005-05-20,81.12291717529297
2005-05-23,81.5724105834961
2005-05-24,81.38170623779297
2005-05-25,81.3204116821289
2005-05-26,81.75630187988281
2005-05-27,81.8924789428711
2005-05-31,81.36807250976562
2005-06-01,82.06273651123047
2005-06-02,82.23978424072266
2005-06-03,81.82437896728516
2005-06-06,81.74946594238281
2005-06-07,81.8107681274414
2005-06-08,81.66093444824219
2005-06-09,82.04912567138672
2005-06-10,81.85841369628906
2005-06-13,82.11723327636719
2005-06-14,82.3078842163086
2005-06-15,82.46453094482422
2005-06-16,82.6756591796875
2005-06-17,82.98194122314453
2005-06-20,83.00936126708984
2005-06-21,83.05713653564453
2005-06-22,83.12557220458984
2005-06-23,81.9563217163086
2005-06-24,81.35462951660156
2005-06-27,81.47086334228516
2005-06-28,82.15463256835938
2005-06-29,81.93582916259766
2005-06-30,81.4913558959961
2005-07-01,81.73070526123047
2005-07-05,82.38712310791016
2005-07-06,81.6965103149414
2005-07-07,82.01786041259766
2005-07-08,82.95464324951172
2005-07-11,83.37853240966797
2005-07-12,83.59736633300781
2005-07-13,83.71361541748047
2005-07-14,84.04179382324219
2005-07-15,83.99397277832031
2005-07-18,83.65890502929688
2005-07-19,84.11702728271484
2005-07-20,84.40422058105469
2005-07-21,83.91188049316406
2005-07-22,84.47257995605469
2005-07-25,84.23326873779297
2005-07-26,84.33582305908203
2005-07-27,84.6435546875
2005-07-28,85.17688751220703
2005-07-29,84.60933685302734
2005-08-01,84.54780578613281
2005-08-02,85.05377960205078
2005-08-03,85.27942657470703
2005-08-04,84.59567260742188
2005-08-05,84.02130889892578
2005-08-08,83.86404418945312
2005-08-09,84.37002563476562
2005-08-10,84.32903289794922
2005-08-11,84.66400909423828
2005-08-12,84.14439392089844
2005-08-15,84.66400909423828
2005-08-16,83.56317138671875
2005-08-17,83.55635833740234
2005-08-18,83.54948425292969
2005-08-19,83.74095916748047
2005-08-22,83.74095916748047
2005-08-23,83.58369445800781
2005-08-24,82.83839416503906
2005-08-25,83.13922882080078
2005-08-26,82.57170104980469
2005-08-29,83.20761108398438
2005-08-30,82.77000427246094
2005-08-31,83.81616973876953
2005-09-01,83.75464630126953
2005-09-02,83.60419464111328
2005-09-06,84.58197021484375
2005-09-07,84.72557067871094
2005-09-08,84.44526672363281
2005-09-09,85.19739532470703
2005-09-12,85.02642822265625
2005-09-13,84.55460357666016
2005-09-14,84.24695587158203
2005-09-15,84.20594024658203
2005-09-16,84.80472564697266
2005-09-19,84.52313995361328
2005-09-20,83.80901336669922
2005-09-21,83.02619171142578
2005-09-22,83.32147979736328
2005-09-23,83.39015197753906
2005-09-26,83.48626708984375
2005-09-27,83.46569061279297
2005-09-28,83.54808807373047
2005-09-29,84.22789001464844
2005-09-30,84.48883056640625
2005-10-03,84.18669891357422
2005-10-04,83.23908996582031
2005-10-05,82.14725494384766
2005-10-06,81.85197448730469
2005-10-07,82.1335220336914
2005-10-10,81.43995666503906
2005-10-11,81.3232421875
2005-10-12,80.6846694946289
2005-10-13,80.63656616210938
2005-10-14,81.48802947998047
2005-10-17,81.79019165039062
2005-10-18,80.90438079833984
2005-10-19,82.25027465820312
2005-10-20,80.80137634277344
2005-10-21,81.11724090576172
2005-10-24,82.37385559082031
2005-10-25,82.20906829833984
2005-10-26,81.96871948242188
2005-10-27,81.09662628173828
2005-10-28,82.26398468017578
2005-10-31,82.4906005859375
2005-11-01,82.73780822753906
2005-11-02,83.60299682617188
2005-11-03,83.96007537841797
2005-11-04,83.85022735595703
2005-11-07,83.93267059326172
2005-11-08,83.93267059326172
2005-11-09,84.0425033569336
2005-11-10,84.69481658935547
2005-11-11,84.9832534790039
2005-11-14,84.93516540527344
2005-11-15,84.62613677978516
2005-11-16,84.79781341552734
2005-11-17,85.58753967285156
2005-11-18,85.92402648925781
2005-11-21,86.3565673828125
2005-11-22,86.72740173339844
2005-11-23,87.22870635986328
2005-11-25,87.2973403930664
2005-11-28,86.67932891845703
2005-11-29,86.58317565917969
2005-11-30,86.11625671386719
2005-12-01,86.99517059326172
2005-12-02,87.10506439208984
2005-12-05,86.91963195800781
2005-12-06,87.08447265625
2005-12-07,86.57630920410156
2005-12-08,86.52137756347656
2005-12-09,86.74797058105469
2005-12-12,86.83040618896484
2005-12-13,87.42093658447266
2005-12-14,87.7643051147461
2005-12-15,87.51020812988281
2005-12-16,87.22858428955078
2005-12-19,86.77985382080078
2005-12-20,86.8626937866211
2005-12-21,87.00076293945312
2005-12-22,87.45632934570312
2005-12-23,87.50469207763672
2005-12-27,86.61417388916016
2005-12-28,86.80746459960938
2005-12-29,86.42089080810547
2005-12-30,85.95148468017578
2006-01-03,87.4632797241211
2006-01-04,87.8774642944336
2006-01-05,87.93268585205078
2006-01-06,88.6644287109375
2006-01-09,88.89224243164062
2006-01-10,88.98192596435547
2006-01-11,89.26500701904297
2006-01-12,88.91294860839844
2006-01-13,88.8300552368164
2006-01-17,88.5885009765625
2006-01-18,88.2364501953125
2006-01-19,88.57466125488281
2006-01-20,86.95931243896484
2006-01-23,87.26995849609375
2006-01-24,87.3597412109375
2006-01-25,87.43566131591797
2006-01-26,87.91888427734375
2006-01-27,88.73344421386719
2006-01-30,88.6644287109375
2006-01-31,88.01553344726562
2006-02-01,88.6299057006836
2006-02-02,87.60135650634766
2006-02-03,87.16643524169922
2006-02-06,87.3942642211914
2006-02-07,86.62106323242188
2006-02-08,87.40803527832031
2006-02-09,87.26306915283203
2006-02-10,87.42184448242188
2006-02-13,87.26306915283203
2006-02-14,88.18809509277344
2006-02-15,88.49877166748047
2006-02-16,89.16146850585938
2006-02-17,88.91987609863281
2006-02-21,88.69895935058594
2006-02-22,89.23737335205078
2006-02-23,89.1062240600586
2006-02-24,89.3340072631836
2006-02-27,89.3685531616211
2006-02-28,88.51946258544922
2006-03-01,89.30641174316406
2006-03-02,89.29949188232422
2006-03-03,88.88533020019531
2006-03-06,88.4780502319336
2006-03-07,88.33995819091797
2006-03-08,88.52635955810547
2006-03-09,87.93268585205078
2006-03-10,88.76795959472656
2006-03-13,88.93367004394531
2006-03-14,89.86553955078125
2006-03-15,90.26593017578125
2006-03-16,90.4522933959961
2006-03-17,90.52790069580078
2006-03-20,90.38235473632812
2006-03-21,89.81401062011719
2006-03-22,90.36155700683594
2006-03-23,90.1744384765625
2006-03-24,90.24373626708984
2006-03-27,90.11207580566406
2006-03-28,89.55760955810547
2006-03-29,90.11898803710938
2006-03-30,89.9595718383789
2006-03-31,89.98033905029297
2006-04-03,89.91104888916016
2006-04-04,90.48628997802734
2006-04-05,90.79818725585938
2006-04-06,90.70112609863281
2006-04-07,89.77935791015625
2006-04-10,89.9179916381836
2006-04-11,89.15562438964844
2006-04-12,89.32193756103516
2006-04-13,89.20413208007812
2006-04-17,89.16950225830078
2006-04-18,90.58331298828125
2006-04-19,90.75657653808594
2006-04-20,90.88134765625
2006-04-21,90.89524841308594
2006-04-24,90.72885131835938
2006-04-25,90.35462188720703
2006-04-26,90.37538146972656
2006-04-27,90.81199645996094
2006-04-28,91.11698913574219
2006-05-01,90.37538146972656
2006-05-02,91.05461120605469
2006-05-03,90.71502685546875
2006-05-04,91.04072570800781
2006-05-05,91.84469604492188
2006-05-08,91.73379516601562
2006-05-09,91.91398620605469
2006-05-10,91.86551666259766
2006-05-11,90.75657653808594
2006-05-12,89.57148742675781
2006-05-15,89.75164031982422
2006-05-16,89.61998748779297
2006-05-17,87.91502380371094
2006-05-18,87.47147369384766
2006-05-19,88.08832550048828
2006-05-22,87.41603088378906
2006-05-23,86.75070190429688
2006-05-24,87.44374084472656
2006-05-25,88.52491760253906
2006-05-26,88.97542572021484
2006-05-30,87.39525604248047
2006-05-31,88.3724365234375
2006-06-01,89.21800231933594
2006-06-02,89.40513610839844
2006-06-05,88.1021499633789
2006-06-06,87.88729858398438
2006-06-07,87.22891998291016
2006-06-08,87.15266418457031
2006-06-09,86.87545776367188
2006-06-12,85.932861328125
2006-06-13,84.93488311767578
2006-06-14,85.59330749511719
2006-06-15,87.40912628173828
2006-06-16,86.77215576171875
2006-06-19,86.08995056152344
2006-06-20,86.38230895996094
2006-06-21,87.02275848388672
2006-06-22,86.639892578125
2006-06-23,86.62598419189453
2006-06-26,87.00884246826172
2006-06-27,86.25702667236328
2006-06-28,86.84173583984375
2006-06-29,88.59599304199219
2006-06-30,88.60297393798828
2006-07-03,88.9649429321289
2006-07-05,88.45677947998047
2006-07-06,88.71434020996094
2006-07-07,88.13655090332031
2006-07-10,88.3036117553711
2006-07-11,88.69345092773438
2006-07-12,87.74674224853516
2006-07-13,86.31965637207031
2006-07-14,85.98551177978516
2006-07-17,85.8602066040039
2006-07-18,86.29874420166016
2006-07-19,87.49613952636719
2006-07-20,86.89746856689453
2006-07-21,86.2848892211914
2006-07-24,87.85808563232422
2006-07-25,88.1713638305664
2006-07-26,88.28972625732422
2006-07-27,88.2061767578125
2006-07-28,89.09026336669922
2006-07-31,88.99977111816406
2006-08-01,88.56118774414062
2006-08-02,89.15982818603516
2006-08-03,89.39653778076172
2006-08-04,89.24342346191406
2006-08-07,89.03453826904297
2006-08-08,88.69345092773438
2006-08-09,88.39411163330078
2006-08-10,88.66558074951172
2006-08-11,88.41502380371094
2006-08-14,88.48462677001953
2006-08-15,89.54273223876953
2006-08-16,90.28756713867188
2006-08-17,90.5173110961914
2006-08-18,90.97672271728516
2006-08-21,90.5869140625
2006-08-22,90.5799331665039
2006-08-23,90.3293685913086
2006-08-24,90.25277709960938
2006-08-25,90.3641357421875
2006-08-28,90.79576873779297
2006-08-29,90.9001693725586
2006-08-30,90.95587921142578
2006-08-31,90.94194793701172
2006-09-01,91.48495483398438
2006-09-05,91.65895080566406
2006-09-06,90.85142517089844
2006-09-07,90.43376159667969
2006-09-08,90.69134521484375
2006-09-11,90.78185272216797
2006-09-12,91.67285919189453
2006-09-13,92.04183197021484
2006-09-14,92.04876708984375
2006-09-15,92.26481628417969
2006-09-18,92.39069366455078
2006-09-19,92.15996551513672
2006-09-20,92.64937591552734
2006-09-21,92.201904296875
2006-09-22,91.9222183227539
2006-09-25,92.62840270996094
2006-09-26,93.39752960205078
2006-09-27,93.5093765258789
2006-09-28,93.47441101074219
2006-09-29,93.39752960205078
2006-10-02,93.04794311523438
2006-10-03,93.2436752319336
2006-10-04,94.33441925048828
2006-10-05,94.51620483398438
2006-10-06,94.39737701416016
2006-10-09,94.45326232910156
2006-10-10,94.57913208007812
2006-10-11,94.46726989746094
2006-10-12,95.28534698486328
2006-10-13,95.53005981445312
2006-10-16,95.67684173583984
2006-10-17,95.376220703125
2006-10-18,95.50203704833984
2006-10-19,95.65587615966797
2006-10-20,95.67684173583984
2006-10-23,96.11732482910156
2006-10-24,96.40400695800781
2006-10-25,96.732666015625
2006-10-26,97.03331756591797
2006-10-27,96.42500305175781
2006-10-30,96.35509490966797
2006-10-31,96.34111022949219
2006-11-01,95.69087982177734
2006-11-02,95.6348876953125
2006-11-03,95.46710968017578
2006-11-06,96.54386138916016
2006-11-07,96.9144515991211
2006-11-08,97.12419128417969
2006-11-09,96.61378479003906
2006-11-10,96.65574645996094
2006-11-13,96.89342498779297
2006-11-14,97.62062072753906
2006-11-15,97.9002914428711
2006-11-16,98.1520004272461
2006-11-17,98.17996978759766
2006-11-20,98.23588562011719
2006-11-21,98.33380889892578
2006-11-22,98.52953338623047
2006-11-24,98.13101196289062
2006-11-27,96.78160858154297
2006-11-28,97.20111846923828
2006-11-29,98.21489715576172
2006-11-30,98.25688171386719
2006-12-01,98.04010772705078
2006-12-04,98.7882308959961
2006-12-05,99.21475219726562
2006-12-06,99.130859375
2006-12-07,98.69738006591797
2006-12-08,98.87914276123047
2006-12-11,99.16580200195312
2006-12-12,99.08891296386719
2006-12-13,99.19378662109375
2006-12-14,100.0677490234375
2006-12-15,100.07691955566406
2006-12-18,99.80270385742188
2006-12-19,99.99253845214844
2006-12-20,99.93630981445312
2006-12-21,99.57068634033203
2006-12-22,98.9589614868164
2006-12-26,99.54257202148438
2006-12-27,100.1964340209961
2006-12-28,99.98551940917969
2006-12-29,99.57068634033203
2007-01-03,99.3949203491211
2007-01-04,99.60582733154297
2007-01-05,98.81137084960938
2007-01-08,99.26834106445312
2007-01-09,99.18396759033203
2007-01-10,99.51443481445312
2007-01-11,99.95035552978516
2007-01-12,100.70966339111328
2007-01-16,100.5127944946289
2007-01-17,100.55502319335938
2007-01-18,100.21751403808594
2007-01-19,100.41439056396484
2007-01-22,100.10502624511719
2007-01-23,100.40032196044922
2007-01-24,101.20893859863281
2007-01-25,100.02061462402344
2007-01-26,99.92925262451172
2007-01-29,99.87300109863281
2007-01-30,100.39327239990234
2007-01-31,101.06828308105469
2007-02-01,101.67292785644531
2007-02-02,101.81351470947266
2007-02-05,101.84164428710938
2007-02-06,101.8697280883789
2007-02-07,102.09475708007812
2007-02-08,101.96121215820312
2007-02-09,101.2018051147461
2007-02-12,100.85733795166016
2007-02-13,101.70809936523438
2007-02-14,102.37596130371094
2007-02-15,102.50960540771484
2007-02-16,102.4603500366211
2007-02-20,102.67829895019531
2007-02-21,102.63616180419922
2007-02-22,102.55878448486328
2007-02-23,102.15805053710938
2007-02-26,102.06666564941406
2007-02-27,98.08018493652344
2007-02-28,99.08553314208984
2007-03-01,98.79025268554688
2007-03-02,97.49659729003906
2007-03-05,96.56851959228516
2007-03-06,98.22078704833984
2007-03-07,98.12232208251953
2007-03-08,98.95198059082031
2007-03-09,98.98008728027344
2007-03-12,99.12775421142578
2007-03-13,97.20130920410156
2007-03-14,97.92548370361328
2007-03-15,98.05902862548828
2007-03-16,97.78445434570312
2007-03-19,98.96331024169922
2007-03-20,99.50682067871094
2007-03-21,101.14443969726562
2007-03-22,101.0667495727539
2007-03-23,101.21501922607422
2007-03-26,101.08090209960938
2007-03-27,100.84088897705078
2007-03-28,100.1067886352539
2007-03-29,100.21267700195312
2007-03-30,100.23384094238281
2007-04-02,100.3467788696289
2007-04-03,101.42676544189453
2007-04-04,101.53970336914062
2007-04-05,101.81501770019531
2007-04-09,101.9561767578125
2007-04-10,102.076171875
2007-04-11,101.65969848632812
2007-04-12,102.11149597167969
2007-04-13,102.57735443115234
2007-04-16,103.55143737792969
2007-04-17,103.82671356201172
2007-04-18,103.95381927490234
2007-04-19,103.92558288574219
2007-04-20,104.90673065185547
2007-04-23,104.511474609375
2007-04-24,104.55374145507812
2007-04-25,105.51378631591797
2007-04-26,105.63377380371094
2007-04-27,105.54911041259766
2007-04-30,104.67382049560547
2007-05-01,104.94202423095703
2007-05-02,105.55614471435547
2007-05-03,106.12788391113281
2007-05-04,106.5302505493164
2007-05-07,106.55140686035156
2007-05-08,106.41020965576172
2007-05-09,106.6996078491211
2007-05-10,105.5843734741211
2007-05-11,106.48790740966797
2007-05-14,106.25494384765625
2007-05-15,106.28319549560547
2007-05-16,107.0102310180664
2007-05-17,106.79847717285156
2007-05-18,107.73019409179688
2007-05-21,107.67373657226562
2007-05-22,107.5890121459961
2007-05-23,107.6031265258789
2007-05-24,106.6290512084961
2007-05-25,107.07374572753906
2007-05-29,107.46198272705078
2007-05-30,108.33721923828125
2007-05-31,108.22428131103516
2007-06-01,108.76078033447266
2007-06-04,108.77493286132812
2007-06-05,108.34432220458984
2007-06-06,107.17959594726562
2007-06-07,105.24552154541016
2007-06-08,106.61492919921875
2007-06-11,106.79847717285156
2007-06-12,105.63377380371094
2007-06-13,107.21493530273438
2007-06-14,107.89962005615234
2007-06-15,108.51356506347656
2007-06-18,108.38594818115234
2007-06-19,108.65531158447266
2007-06-20,107.14540100097656
2007-06-21,107.74085998535156
2007-06-22,106.72708129882812
2007-06-25,106.21668243408203
2007-06-26,105.12495422363281
2007-06-27,106.62075805664062
2007-06-28,106.60655975341797
2007-06-29,106.64196014404297
2007-07-02,107.60610961914062
2007-07-03,107.99601745605469
2007-07-05,107.88261413574219
2007-07-06,108.44970703125
2007-07-09,108.53480529785156
2007-07-10,106.98939514160156
2007-07-11,107.74788665771484
2007-07-12,109.44928741455078
2007-07-13,109.77538299560547
2007-07-16,109.76126861572266
2007-07-17,109.70450592041016
2007-07-18,109.5060043334961
2007-07-19,109.93135070800781
2007-07-20,108.81839752197266
2007-07-23,109.15154266357422
2007-07-24,107.25880432128906
2007-07-25,107.47850799560547
2007-07-26,104.93353271484375
2007-07-27,102.87056732177734
2007-07-30,104.47985076904297
2007-07-31,103.30304718017578
2007-08-01,103.80635070800781
2007-08-02,104.6357650756836
2007-08-03,101.94188690185547
2007-08-06,103.65038299560547
2007-08-07,104.75628662109375
2007-08-08,106.21668243408203
2007-08-09,103.06908416748047
2007-08-10,102.58704376220703
2007-08-13,102.95562744140625
2007-08-14,101.3818588256836
2007-08-15,99.98530578613281
2007-08-16,100.73674774169922
2007-08-17,102.58704376220703
2007-08-20,102.53741455078125
2007-08-21,102.74296569824219
2007-08-22,103.9623031616211
2007-08-23,103.87012481689453
2007-08-24,105.15327453613281
2007-08-27,104.17499542236328
2007-08-28,101.88516998291016
2007-08-29,103.88434600830078
2007-08-30,103.60787200927734
2007-08-31,104.62867736816406
2007-09-04,105.68502044677734
2007-09-05,104.77046203613281
2007-09-06,105.01154327392578
2007-09-07,103.5511474609375
2007-09-10,103.35260772705078
2007-09-11,104.55781555175781
2007-09-12,104.82720947265625
2007-09-13,105.56448364257812
2007-09-14,105.55733489990234
2007-09-17,104.990234375
2007-09-18,108.08111572265625
2007-09-19,108.71915435791016
2007-09-20,107.95350646972656
2007-09-21,108.24480438232422
2007-09-24,108.04537200927734
2007-09-25,107.83169555664062
2007-09-26,108.40152740478516
2007-09-27,109.04261779785156
2007-09-28,108.67931365966797
2007-10-01,109.90441131591797
2007-10-02,109.75479888916016
2007-10-03,109.5340805053711
2007-10-04,109.70497131347656
2007-10-05,111.00843048095703
2007-10-08,110.41729736328125
2007-10-09,111.45721435546875
2007-10-10,111.27201843261719
2007-10-11,110.73774719238281
2007-10-12,111.35035705566406
2007-10-15,110.41014862060547
2007-10-16,109.5340805053711
2007-10-17,109.86882019042969
2007-10-18,109.46994018554688
2007-10-19,106.60657501220703
2007-10-22,107.22628784179688
2007-10-23,108.09526062011719
2007-10-24,107.89582061767578
2007-10-25,108.15222930908203
2007-10-26,109.42011260986328
2007-10-29,109.7833480834961
2007-10-30,109.02120971679688
2007-10-31,110.15375518798828
2007-11-01,107.57527923583984
2007-11-02,107.69640350341797
2007-11-05,106.87724304199219
2007-11-06,108.31607055664062
2007-11-07,105.35301971435547
2007-11-08,104.8187484741211
2007-11-09,103.3799819946289
2007-11-12,102.35427856445312
2007-11-13,105.47406768798828
2007-11-14,105.18203735351562
2007-11-15,103.66487884521484
2007-11-16,103.84291076660156
2007-11-19,102.39702606201172
2007-11-20,103.02386474609375
2007-11-21,100.91548919677734
2007-11-23,102.66057586669922
2007-11-26,100.39552307128906
2007-11-27,101.54937744140625
2007-11-28,104.79740142822266
2007-11-29,104.8330078125
2007-11-30,105.88716888427734
2007-12-03,105.18914794921875
2007-12-04,104.24894714355469
2007-12-05,105.99403381347656
2007-12-06,107.51116943359375
2007-12-07,107.48983764648438
2007-12-10,108.32318878173828
2007-12-11,105.35301971435547
2007-12-12,106.39289855957031
2007-12-13,106.172119140625
2007-12-14,104.82591247558594
2007-12-17,103.33009338378906
2007-12-18,103.90707397460938
2007-12-19,103.90707397460938
2007-12-20,104.5623550415039
2007-12-21,106.06963348388672
2007-12-24,106.85733795166016
2007-12-26,107.08645629882812
2007-12-27,105.74028015136719
2007-12-28,105.475341796875
2007-12-31,104.69480895996094
2008-01-02,103.77828979492188
2008-01-03,103.72817993164062
2008-01-04,101.1861343383789
2008-01-07,101.10022735595703
2008-01-08,99.46761322021484
2008-01-09,100.51306915283203
2008-01-10,101.17181396484375
2008-01-11,100.35552978515625
2008-01-14,101.1646728515625
2008-01-15,98.93769073486328
2008-01-16,98.08561706542969
2008-01-17,95.54359436035156
2008-01-18,94.56257629394531
2008-01-22,93.60308837890625
2008-01-23,95.85152435302734
2008-01-24,96.66060638427734
2008-01-25,95.26433563232422
2008-01-28,96.83965301513672
2008-01-29,97.3194351196289
2008-01-30,96.60337829589844
2008-01-31,98.36488342285156
2008-02-01,99.94733428955078
2008-02-04,98.68709564208984
2008-02-05,96.04484558105469
2008-02-06,95.27151489257812
2008-02-07,95.90161895751953
2008-02-08,95.28580474853516
2008-02-11,95.77272033691406
2008-02-12,96.66060638427734
2008-02-13,97.64881134033203
2008-02-14,96.78955078125
2008-02-15,96.76807403564453
2008-02-19,97.0401840209961
2008-02-20,97.32659149169922
2008-02-21,96.51746368408203
2008-02-22,97.11177062988281
2008-02-25,98.33622741699219
2008-02-26,99.07378387451172
2008-02-27,98.97351837158203
2008-02-28,98.0068359375
2008-02-29,95.82288360595703
2008-03-03,95.59374237060547
2008-03-04,95.2285385131836
2008-03-05,95.83002471923828
2008-03-06,93.84654235839844
2008-03-07,92.87989807128906
2008-03-10,91.6554183959961
2008-03-11,94.94927215576172
2008-03-12,94.06139373779297
2008-03-13,94.2690200805664
2008-03-14,92.8082504272461
2008-03-17,91.87020111083984
2008-03-18,95.68679809570312
2008-03-19,93.3166732788086
2008-03-20,95.04518127441406
2008-03-24,96.94490814208984
2008-03-25,97.03846740722656
2008-03-26,95.85110473632812
2008-03-27,95.54888153076172
2008-03-28,94.63495635986328
2008-03-31,94.96597290039062
2008-04-01,98.30493927001953
2008-04-02,98.36971282958984
2008-04-03,98.61436462402344
2008-04-04,98.50642395019531
2008-04-07,98.55684661865234
2008-04-08,98.4560775756836
2008-04-09,97.74365997314453
2008-04-10,97.88040161132812
2008-04-11,95.98062896728516
2008-04-14,95.65679931640625
2008-04-15,95.87989044189453
2008-04-16,98.47765350341797
2008-04-17,98.62157440185547
2008-04-18,99.65061950683594
2008-04-21,99.70098876953125
2008-04-22,99.26200866699219
2008-04-23,99.10369873046875
2008-04-24,99.5354995727539
2008-04-25,100.45657348632812
2008-04-28,100.4781265258789
2008-04-29,100.0823745727539
2008-04-30,99.4922866821289
2008-05-01,101.55034637451172
2008-05-02,101.83101654052734
2008-05-05,101.34165954589844
2008-05-06,102.21959686279297
2008-05-07,100.39903259277344
2008-05-08,100.13994598388672
2008-05-09,99.95281982421875
2008-05-12,101.07542419433594
2008-05-13,101.08981323242188
2008-05-14,101.29850006103516
2008-05-15,102.56497192382812
2008-05-16,102.65853118896484
2008-05-19,102.93917846679688
2008-05-20,102.10448455810547
2008-05-21,100.37740325927734
2008-05-22,100.39180755615234
2008-05-23,99.04613494873047
2008-05-27,99.78014373779297
2008-05-28,100.2406997680664
2008-05-29,100.74440002441406
2008-05-30,100.99626922607422
2008-06-02,99.95281982421875
2008-06-03,99.36996459960938
2008-06-04,99.3196029663086
2008-06-05,101.30573272705078
2008-06-06,98.07463836669922
2008-06-09,98.3121109008789
2008-06-10,97.82280731201172
2008-06-11,96.38361358642578
2008-06-12,96.75059509277344
2008-06-13,97.97392272949219
2008-06-16,98.03148651123047
2008-06-17,97.55657958984375
2008-06-18,96.606689453125
2008-06-19,96.7290267944336
2008-06-20,95.15895080566406
2008-06-23,95.06493377685547
2008-06-24,94.87689971923828
2008-06-25,95.32527923583984
2008-06-26,92.73621368408203
2008-06-27,92.22996520996094
2008-06-30,92.55540466308594
2008-07-01,92.84467315673828
2008-07-02,91.25365447998047
2008-07-03,91.34765625
2008-07-07,90.41474151611328
2008-07-08,92.02021026611328
2008-07-09,90.24837493896484
2008-07-10,90.61724853515625
2008-07-11,89.5613784790039
2008-07-14,88.75137329101562
2008-07-15,87.50021362304688
2008-07-16,89.64815521240234
2008-07-17,90.5448989868164
2008-07-18,91.10902404785156
2008-07-21,91.15966033935547
2008-07-22,92.19380187988281
2008-07-23,92.69283294677734
2008-07-24,90.76908111572266
2008-07-25,90.7474136352539
2008-07-28,89.4167251586914
2008-07-29,91.32596588134766
2008-07-30,92.95315551757812
2008-07-31,91.7237319946289
2008-08-01,91.23918914794922
2008-08-04,90.3930435180664
2008-08-05,92.83023071289062
2008-08-06,93.2424087524414
2008-08-07,91.85394287109375
2008-08-08,93.56066131591797
2008-08-11,94.5297622680664
2008-08-12,93.54621124267578
2008-08-13,92.98209381103516
2008-08-14,93.68363189697266
2008-08-15,94.13922119140625
2008-08-18,92.8519287109375
2008-08-19,91.83944702148438
2008-08-20,92.26615142822266
2008-08-21,92.42524719238281
2008-08-22,93.76316833496094
2008-08-25,91.86112976074219
2008-08-26,92.12870025634766
2008-08-27,93.02550506591797
2008-08-28,94.15367126464844
2008-08-29,93.1412124633789
2008-09-02,92.56263732910156
2008-09-03,92.48312377929688
2008-09-04,89.69877624511719
2008-09-05,89.98081970214844
2008-09-08,91.83944702148438
2008-09-09,89.11299133300781
2008-09-10,89.47456359863281
2008-09-11,90.76908111572266
2008-09-12,91.18855285644531
2008-09-15,86.849365234375
2008-09-16,88.30299377441406
2008-09-17,84.33261108398438
2008-09-18,86.83489227294922
2008-09-19,90.2834243774414
2008-09-22,88.23946380615234
2008-09-23,86.23186492919922
2008-09-24,86.5082778930664
2008-09-25,87.86121368408203
2008-09-26,87.90486907958984
2008-09-29,81.0164794921875
2008-09-30,84.3697738647461
2008-10-01,84.42069244384766
2008-10-02,81.35839080810547
2008-10-03,80.26004791259766
2008-10-06,76.1720962524414
2008-10-07,72.76063537597656
2008-10-08,70.92762756347656
2008-10-09,65.97412872314453
2008-10-10,64.37388610839844
2008-10-13,73.7208023071289
2008-10-14,72.62971496582031
2008-10-15,65.47947692871094
2008-10-16,68.2071762084961
2008-10-17,67.79988098144531
2008-10-20,71.87324523925781
2008-10-21,69.72745513916016
2008-10-22,65.93046569824219
2008-10-23,66.6942367553711
2008-10-24,63.31186294555664
2008-10-27,61.064239501953125
2008-10-28,68.19990539550781
2008-10-29,67.70527648925781
2008-10-30,70.04749298095703
2008-10-31,70.43299865722656
2008-11-03,70.63664245605469
2008-11-04,73.03705596923828
2008-11-05,69.96748352050781
2008-11-06,66.09053802490234
2008-11-07,68.27266693115234
2008-11-10,67.37799072265625
2008-11-11,65.29763793945312
2008-11-12,62.42448425292969
2008-11-13,66.31598663330078
2008-11-14,63.00638961791992
2008-11-17,62.16987609863281
2008-11-18,63.34096145629883
2008-11-19,59.282135009765625
2008-11-20,54.88143539428711
2008-11-21,57.8419075012207
2008-11-24,61.84980773925781
2008-11-25,62.30811309814453
2008-11-26,64.71572875976562
2008-11-28,65.53041076660156
2008-12-01,59.7258415222168
2008-12-02,62.02440643310547
2008-12-03,63.51554870605469
2008-12-04,62.04623031616211
2008-12-05,63.959251403808594
2008-12-08,66.19233703613281
2008-12-09,65.10123443603516
2008-12-10,65.54497528076172
2008-12-11,63.96652603149414
2008-12-12,64.73026275634766
2008-12-15,63.828304290771484
2008-12-16,66.83245086669922
2008-12-17,66.18506622314453
2008-12-18,64.94850158691406
2008-12-19,64.66910552978516
2008-12-22,63.84048843383789
2008-12-23,63.18052291870117
2008-12-24,63.54718017578125
2008-12-26,63.91383361816406
2008-12-29,63.73049545288086
2008-12-30,65.24105834960938
2008-12-31,66.17237091064453
2009-01-02,68.16693878173828
2009-01-05,68.08628845214844
2009-01-06,68.54093170166016
2009-01-07,66.48767852783203
2009-01-08,66.75900268554688
2009-01-09,65.32907104492188
2009-01-12,63.75983428955078
2009-01-13,63.877197265625
2009-01-14,61.86795425415039
2009-01-15,61.889923095703125
2009-01-16,62.37390899658203
2009-01-20,59.08143615722656
2009-01-21,61.633243560791016
2009-01-22,60.68000411987305
2009-01-23,60.94398498535156
2009-01-26,61.36198806762695
2009-01-27,61.985267639160156
2009-01-28,64.0824966430664
2009-01-29,61.99993133544922
2009-01-30,60.738670349121094
2009-02-02,60.555328369140625
2009-02-03,61.405967712402344
2009-02-04,61.10531997680664
2009-02-05,62.014591217041016
2009-02-06,63.781837463378906
2009-02-09,63.86983108520508
2009-02-10,60.94398498535156
2009-02-11,61.303287506103516
2009-02-12,61.34731674194336
2009-02-13,60.68733215332031
2009-02-17,58.09149169921875
2009-02-18,57.952125549316406
2009-02-19,57.32883834838867
2009-02-20,56.77153015136719
2009-02-23,54.74032211303711
2009-02-24,56.81554412841797
2009-02-25,56.36825180053711
2009-02-26,55.45162582397461
2009-02-27,54.21236801147461
2009-03-02,51.77048873901367
2009-03-03,51.381839752197266
2009-03-04,52.599090576171875
2009-03-05,50.450565338134766
2009-03-06,50.53855514526367
2009-03-09,49.944576263427734
2009-03-10,52.9217529296875
2009-03-11,53.26638412475586
2009-03-12,55.36362838745117
2009-03-13,55.7962646484375
2009-03-16,55.627586364746094
2009-03-17,57.32883834838867
2009-03-18,58.61210250854492
2009-03-19,57.88615798950195
2009-03-20,56.65352249145508
2009-03-23,60.72290802001953
2009-03-24,59.52644348144531
2009-03-25,60.154205322265625
2009-03-26,61.380191802978516
2009-03-27,60.27235794067383
2009-03-30,58.18970489501953
2009-03-31,58.728824615478516
2009-04-01,59.86619567871094
2009-04-02,61.61652374267578
2009-04-03,62.2294921875
2009-04-06,61.7420654296875
2009-04-07,60.30193328857422
2009-04-08,60.95183563232422
2009-04-09,63.3742561340332
2009-04-13,63.38902282714844
2009-04-14,62.29600524902344
2009-04-15,62.96068572998047
2009-04-16,63.88383865356445
2009-04-17,64.31221771240234
2009-04-20,61.61652374267578
2009-04-21,62.82035446166992
2009-04-22,62.4362907409668
2009-04-23,63.04929733276367
2009-04-24,64.00202178955078
2009-04-27,63.39640426635742
2009-04-28,63.197021484375
2009-04-29,64.5411605834961
2009-04-30,64.56330871582031
2009-05-01,64.91041564941406
2009-05-04,67.11865234375
2009-05-05,66.88970947265625
2009-05-06,68.0492172241211
2009-05-07,67.1038818359375
2009-05-08,68.66959381103516
2009-05-11,67.38453674316406
2009-05-12,67.18512725830078
2009-05-13,65.49388122558594
2009-05-14,66.05514526367188
2009-05-15,65.51604461669922
2009-05-18,67.37715148925781
2009-05-19,67.2958984375
2009-05-20,66.84537506103516
2009-05-21,65.88528442382812
2009-05-22,65.74497985839844
2009-05-26,67.42881774902344
2009-05-27,66.22500610351562
2009-05-28,67.14822387695312
2009-05-29,68.33726501464844
2009-06-01,69.9915771484375
2009-06-02,70.05072021484375
2009-06-03,69.16441345214844
2009-06-04,69.8143539428711
2009-06-05,69.8290786743164
2009-06-08,69.54106903076172
2009-06-09,69.89557647705078
2009-06-10,69.71830749511719
2009-06-11,70.02850341796875
2009-06-12,70.22053527832031
2009-06-15,68.61051177978516
2009-06-16,67.67996978759766
2009-06-17,67.61348724365234
2009-06-18,68.1082992553711
2009-06-19,68.35935974121094
2009-06-22,66.3094482421875
2009-06-23,66.36146545410156
2009-06-24,66.93334197998047
2009-06-25,68.3890380859375
2009-06-26,68.21080780029297
2009-06-29,68.84953308105469
2009-06-30,68.2925033569336
2009-07-01,68.57474517822266
2009-07-02,66.70306396484375
2009-07-06,66.69564819335938
2009-07-07,65.40335083007812
2009-07-08,65.35874938964844
2009-07-09,65.48506164550781
2009-07-10,65.32904815673828
2009-07-13,66.91851806640625
2009-07-14,67.2972640991211
2009-07-15,69.26543426513672
2009-07-16,69.1540298461914
2009-07-17,69.9115982055664
2009-07-20,70.65434265136719
2009-07-21,70.98113250732422
2009-07-22,70.96627044677734
2009-07-23,72.53337860107422
2009-07-24,72.83045196533203
2009-07-27,73.0458755493164
2009-07-28,72.70420837402344
2009-07-29,72.5259780883789
2009-07-30,73.28352355957031
2009-07-31,73.38753509521484
2009-08-03,74.59814453125
2009-08-04,74.7912368774414
2009-08-05,74.57585906982422
2009-08-06,74.18964385986328
2009-08-07,75.1626205444336
2009-08-10,75.0066146850586
2009-08-11,74.07081604003906
2009-08-12,74.86551666259766
2009-08-13,75.43740844726562
2009-08-14,74.85807800292969
2009-08-17,73.01615905761719
2009-08-18,73.5954818725586
2009-08-19,74.24164581298828
2009-08-20,75.0066146850586
2009-08-21,76.47721099853516
2009-08-24,76.46978759765625
2009-08-25,76.61834716796875
2009-08-26,76.62574768066406
2009-08-27,76.79660034179688
2009-08-28,76.78170776367188
2009-08-31,76.0984115600586
2009-09-01,74.4198989868164
2009-09-02,74.13764953613281
2009-09-03,74.75411987304688
2009-09-04,75.80133819580078
2009-09-08,76.45491790771484
2009-09-09,77.04168701171875
2009-09-10,77.82892608642578
2009-09-11,77.81407928466797
2009-09-14,78.19287872314453
2009-09-15,78.5196533203125
2009-09-16,79.70800018310547
2009-09-17,79.58914947509766
2009-09-18,79.63993072509766
2009-09-21,79.43842315673828
2009-09-22,79.90113067626953
2009-09-23,79.23692321777344
2009-09-24,78.36383819580078
2009-09-25,77.9459228515625
2009-09-28,79.3414306640625
2009-09-29,79.10260772705078
2009-09-30,78.79666137695312
2009-10-01,76.84147644042969
2009-10-02,76.4832534790039
2009-10-05,77.62505340576172
2009-10-06,78.73695373535156
2009-10-07,78.953369140625
2009-10-08,79.55785369873047
2009-10-09,80.04289245605469
2009-10-12,80.3563003540039
2009-10-13,80.19212341308594
2009-10-14,81.57270050048828
2009-10-15,81.87120056152344
2009-10-16,81.25929260253906
2009-10-19,81.93091583251953
2009-10-20,81.49807739257812
2009-10-21,80.76678466796875
2009-10-22,81.587646484375
2009-10-23,80.65483093261719
2009-10-26,79.7817153930664
2009-10-27,79.41605377197266
2009-10-28,77.91606903076172
2009-10-29,79.58769989013672
2009-10-30,77.28175354003906
2009-11-02,77.84892272949219
2009-11-03,78.09515380859375
2009-11-04,78.29666900634766
2009-11-05,79.73695373535156
2009-11-06,79.94588470458984
2009-11-09,81.76673889160156
2009-11-10,81.78166198730469
2009-11-11,82.1995849609375
2009-11-12,81.36376190185547
2009-11-13,81.80403137207031
2009-11-16,82.99058532714844
2009-11-17,83.08760070800781
2009-11-18,83.03536224365234
2009-11-19,81.95333099365234
2009-11-20,81.6622543334961
2009-11-23,82.69954681396484
2009-11-24,82.82640075683594
2009-11-25,83.11743927001953
2009-11-27,81.76673889160156
2009-11-30,82.04285430908203
2009-12-01,83.05774688720703
2009-12-02,83.02043151855469
2009-12-03,82.37117004394531
2009-12-04,82.84134674072266
2009-12-07,82.7144546508789
2009-12-08,81.79657745361328
2009-12-09,82.10255432128906
2009-12-10,82.56525421142578
2009-12-11,82.91596984863281
2009-12-14,83.48310089111328
2009-12-15,83.09506225585938
2009-12-16,83.22190856933594
2009-12-17,82.22197723388672
2009-12-18,82.68710327148438
2009-12-21,83.52742004394531
2009-12-22,83.82752990722656
2009-12-23,83.99256134033203
2009-12-24,84.39022827148438
2009-12-28,84.57026672363281
2009-12-29,84.45024108886719
2009-12-30,84.42022705078125
2009-12-31,83.60993194580078
2010-01-04,85.02796936035156
2010-01-05,85.2530288696289
2010-01-06,85.31305694580078
2010-01-07,85.6731948852539
2010-01-08,85.95830535888672
2010-01-11,86.07836151123047
2010-01-12,85.27555084228516
2010-01-13,85.99578857421875
2010-01-14,86.2283935546875
2010-01-15,85.26053619384766
2010-01-19,86.32592010498047
2010-01-20,85.44810485839844
2010-01-21,83.80499267578125
2010-01-22,81.93682098388672
2010-01-25,82.35701751708984
2010-01-26,82.01187133789062
2010-01-27,82.40201568603516
2010-01-28,81.45669555664062
2010-01-29,80.57132720947266
2010-02-01,81.8243179321289
2010-02-02,82.81464385986328
2010-02-03,82.40201568603516
2010-02-04,79.85859680175781
2010-02-05,80.02367401123047
2010-02-08,79.44597625732422
2010-02-09,80.44383239746094
2010-02-10,80.28623962402344
2010-02-11,81.12657165527344
2010-02-12,81.05903625488281
2010-02-16,82.3344955444336
2010-02-17,82.72461700439453
2010-02-18,83.21229553222656
2010-02-19,83.38488006591797
2010-02-22,83.39990234375
2010-02-23,82.38703918457031
2010-02-24,83.14478302001953
2010-02-25,83.03223419189453
2010-02-26,83.08477020263672
2010-03-01,83.94756317138672
2010-03-02,84.18014526367188
2010-03-03,84.25518035888672
2010-03-04,84.51026916503906
2010-03-05,85.71821594238281
2010-03-08,85.73320770263672
2010-03-09,85.87577056884766
2010-03-10,86.25841522216797
2010-03-11,86.6185302734375
2010-03-12,86.62601470947266
2010-03-15,86.64855194091797
2010-03-16,87.33879852294922
2010-03-17,87.85648345947266
2010-03-18,87.81143951416016
2010-03-19,87.3669662475586
2010-03-22,87.83403778076172
2010-03-23,88.4517822265625
2010-03-24,88.02237701416016
2010-03-25,87.87925720214844
2010-03-26,87.82652282714844
2010-03-29,88.38398742675781
2010-03-30,88.44424438476562
2010-03-31,88.14295196533203
2010-04-01,88.7456283569336
2010-04-05,89.46885681152344
2010-04-06,89.6797866821289
2010-04-07,89.16747283935547
2010-04-08,89.47637939453125
2010-04-09,90.06401062011719
2010-04-12,90.20714569091797
2010-04-13,90.27494812011719
2010-04-14,91.29951477050781
2010-04-15,91.37480163574219
2010-04-16,89.92082214355469
2010-04-19,90.25987243652344
2010-04-20,91.06596374511719
2010-04-21,90.90020751953125
2010-04-22,91.17142486572266
2010-04-23,91.76659393310547
2010-04-26,91.42003631591797
2010-04-27,89.2579345703125
2010-04-28,89.9358901977539
2010-04-29,91.05086517333984
2010-04-30,89.50650024414062
2010-05-03,90.66668701171875
2010-05-04,88.53465270996094
2010-05-05,88.00733947753906
2010-05-06,85.08431243896484
2010-05-07,83.81867218017578
2010-05-10,87.51012420654297
2010-05-11,87.26148223876953
2010-05-12,88.48193359375
2010-05-13,87.38204956054688
2010-05-14,85.79998779296875
2010-05-17,85.84516143798828
2010-05-18,84.677490234375
2010-05-19,84.1953353881836
2010-05-20,81.01615142822266
2010-05-21,82.19892120361328
2010-05-24,81.1442642211914
2010-05-25,81.22708892822266
2010-05-26,80.73739624023438
2010-05-27,83.44196319580078
2010-05-28,82.3947982788086
2010-06-01,81.00865936279297
2010-06-02,83.11804962158203
2010-06-03,83.404296875
2010-06-04,80.4737548828125
2010-06-07,79.4717788696289
2010-06-08,80.32307434082031
2010-06-09,79.89366149902344
2010-06-10,82.22907257080078
2010-06-11,82.62838745117188
2010-06-14,82.50028228759766
2010-06-15,84.37614440917969
2010-06-16,84.34601593017578
2010-06-17,84.48159790039062
2010-06-18,84.5732192993164
2010-06-21,84.33096313476562
2010-06-22,82.93819427490234
2010-06-23,82.68085479736328
2010-06-24,81.31078338623047
2010-06-25,81.65137481689453
2010-06-28,81.39404296875
2010-06-29,78.8809585571289
2010-06-30,78.13163757324219
2010-07-01,77.78343963623047
2010-07-02,77.35955047607422
2010-07-06,77.86668395996094
2010-07-07,80.31917572021484
2010-07-08,81.11396026611328
2010-07-09,81.71951293945312
2010-07-12,81.77252960205078
2010-07-13,83.00634002685547
2010-07-14,82.99874114990234
2010-07-15,83.02147674560547
2010-07-16,80.73550415039062
2010-07-19,81.21238708496094
2010-07-20,82.1131591796875
2010-07-21,81.04582977294922
2010-07-22,82.85494232177734
2010-07-23,83.57402038574219
2010-07-26,84.44452667236328
2010-07-27,84.43697357177734
2010-07-28,83.89195251464844
2010-07-29,83.48323059082031
2010-07-30,83.46806335449219
2010-08-02,85.35284423828125
2010-08-03,84.94412231445312
2010-08-04,85.51180267333984
2010-08-05,85.42096710205078
2010-08-06,85.07278442382812
2010-08-09,85.52696228027344
2010-08-10,85.06520080566406
2010-08-11,82.73384857177734
2010-08-12,82.2266845703125
2010-08-13,81.98442840576172
2010-08-16,81.94661712646484
2010-08-17,82.95333862304688
2010-08-18,83.1047592163086
2010-08-19,81.65896606445312
2010-08-20,81.39404296875
2010-08-23,81.08370971679688
2010-08-24,79.88015747070312
2010-08-25,80.19051361083984
2010-08-26,79.653076171875
2010-08-27,80.88690948486328
2010-08-30,79.71360778808594
2010-08-31,79.71360778808594
2010-09-01,82.09798431396484
2010-09-02,82.86249542236328
2010-09-03,83.93737030029297
2010-09-07,82.99116516113281
2010-09-08,83.57402038574219
2010-09-09,83.9600830078125
2010-09-10,84.38397216796875
2010-09-13,85.32257843017578
2010-09-14,85.26959228515625
2010-09-15,85.5950927734375
2010-09-16,85.57237243652344
2010-09-17,85.60430908203125
2010-09-20,86.91326141357422
2010-09-21,86.7381820678711
2010-09-22,86.3120346069336
2010-09-23,85.61194610595703
2010-09-24,87.37744903564453
2010-09-27,86.95890808105469
2010-09-28,87.26329040527344
2010-09-29,87.11109161376953
2010-09-30,86.85234832763672
2010-10-01,87.21765899658203
2010-10-04,86.56318664550781
2010-10-05,88.30584716796875
2010-10-06,88.29825592041016
2010-10-07,88.19170379638672
2010-10-08,88.68634796142578
2010-10-11,88.77009582519531
2010-10-12,89.04405212402344
2010-10-13,89.73651885986328
2010-10-14,89.38646697998047
2010-10-15,89.56912231445312
2010-10-18,90.0104751586914
2010-10-19,88.83092498779297
2010-10-20,89.6984634399414
2010-10-21,89.89631652832031
2010-10-22,90.0637435913086
2010-10-25,90.3301010131836
2010-10-26,90.34529876708984
2010-10-27,90.08657836914062
2010-10-28,90.1017837524414
2010-10-29,90.17030334472656
2010-11-01,90.20072174072266
2010-11-02,90.91605377197266
2010-11-03,91.28135681152344
2010-11-04,93.03925323486328
2010-11-05,93.38928985595703
2010-11-08,93.21428680419922
2010-11-09,92.54460906982422
2010-11-10,92.91748809814453
2010-11-11,92.56741333007812
2010-11-12,91.4715805053711
2010-11-15,91.34223175048828
2010-11-16,89.919189453125
2010-11-17,89.96482849121094
2010-11-18,91.28893280029297
2010-11-19,91.54005432128906
2010-11-22,91.46398162841797
2010-11-23,90.13983917236328
2010-11-24,91.4715805053711
2010-11-26,90.40620422363281
2010-11-29,90.68016815185547
2010-11-30,90.17030334472656
2010-12-01,92.0879898071289
2010-12-02,93.26757049560547
2010-12-03,93.51866912841797
2010-12-06,93.41973114013672
2010-12-07,93.47301483154297
2010-12-08,93.81547546386719
2010-12-09,94.18071746826172
2010-12-10,94.72864532470703
2010-12-13,94.78953552246094
2010-12-14,94.87325286865234
2010-12-15,94.43949127197266
2010-12-16,94.98739624023438
2010-12-17,95.08914184570312
2010-12-20,95.3186264038086
2010-12-21,95.92296600341797
2010-12-22,96.22132873535156
2010-12-23,96.0836410522461
2010-12-27,96.12189483642578
2010-12-28,96.25960540771484
2010-12-29,96.32843780517578
2010-12-30,96.17542266845703
2010-12-31,96.1983642578125
2011-01-03,97.19288635253906
2011-01-04,97.13935852050781
2011-01-05,97.64421081542969
2011-01-06,97.45296478271484
2011-01-07,97.26173400878906
2011-01-10,97.13935852050781
2011-01-11,97.48357391357422
2011-01-12,98.36334991455078
2011-01-13,98.20266723632812
2011-01-14,98.91413116455078
2011-01-18,99.08245086669922
2011-01-19,98.1108627319336
2011-01-20,97.9808120727539
2011-01-21,98.20266723632812
2011-01-24,98.76110076904297
2011-01-25,98.81468200683594
2011-01-26,99.19715118408203
2011-01-27,99.44198608398438
2011-01-28,97.70539855957031
2011-01-31,98.4398422241211
2011-02-01,100.01569366455078
2011-02-02,99.82447814941406
2011-02-03,100.04632568359375
2011-02-04,100.32936096191406
2011-02-07,100.9566650390625
2011-02-08,101.41563415527344
2011-02-09,101.1861572265625
2011-02-10,101.22442626953125
2011-02-11,101.82879638671875
2011-02-14,102.07353973388672
2011-02-15,101.75226593017578
2011-02-16,102.3948745727539
2011-02-17,102.70087432861328
2011-02-18,102.9150619506836
2011-02-22,100.84959411621094
2011-02-23,100.22993469238281
2011-02-24,100.16106414794922
2011-02-25,101.23202514648438
2011-02-28,101.85935974121094
2011-03-01,100.16106414794922
2011-03-02,100.37528228759766
2011-03-03,102.10417175292969
2011-03-04,101.33917236328125
2011-03-07,100.54357147216797
2011-03-08,101.42330932617188
2011-03-09,101.27799987792969
2011-03-10,99.40373992919922
2011-03-11,100.09223937988281
2011-03-14,99.48788452148438
2011-03-15,98.34800720214844
2011-03-16,96.52735137939453
2011-03-17,97.80489349365234
2011-03-18,98.16059112548828
2011-03-21,99.681884765625
2011-03-22,99.33614349365234
2011-03-23,99.62042236328125
2011-03-24,100.57312774658203
2011-03-25,100.88050079345703
2011-03-28,100.63460540771484
2011-03-29,101.31075286865234
2011-03-30,102.0099105834961
2011-03-31,101.8716049194336
2011-04-01,102.30184936523438
2011-04-04,102.38633728027344
2011-04-05,102.37102508544922
2011-04-06,102.69371032714844
2011-04-07,102.43250274658203
2011-04-08,102.07905578613281
2011-04-11,101.7717056274414
2011-04-12,101.01107025146484
2011-04-13,101.00341796875
2011-04-14,101.0802230834961
2011-04-15,101.44900512695312
2011-04-18,100.31189727783203
2011-04-19,100.88813781738281
2011-04-20,102.26343536376953
2011-04-21,102.78590393066406
2011-04-25,102.67835235595703
2011-04-26,103.56190490722656
2011-04-27,104.2380142211914
2011-04-28,104.57608795166016
2011-04-29,104.82192993164062
2011-05-02,104.66059875488281
2011-05-03,104.28412628173828
2011-05-04,103.5926742553711
2011-05-05,102.65530395507812
2011-05-06,103.1086196899414
2011-05-09,103.50811004638672
2011-05-10,104.39169311523438
2011-05-11,103.2929916381836
2011-05-12,103.78470611572266
2011-05-13,102.98567199707031
2011-05-16,102.33261108398438
2011-05-17,102.3172378540039
2011-05-18,103.23152923583984
2011-05-19,103.47736358642578
2011-05-20,102.65530395507812
2011-05-23,101.4643783569336
2011-05-24,101.3798599243164
2011-05-25,101.71795654296875
2011-05-26,102.18659973144531
2011-05-27,102.57843780517578
2011-05-31,103.64641571044922
2011-06-01,101.31842041015625
2011-06-02,101.2108154296875
2011-06-03,100.20438385009766
2011-06-06,99.14403533935547
2011-06-07,99.08258819580078
2011-06-08,98.6677017211914
2011-06-09,99.420654296875
2011-06-10,98.03768157958984
2011-06-13,98.11448669433594
2011-06-14,99.35918426513672
2011-06-15,97.5920639038086
2011-06-16,97.80717468261719
2011-06-17,98.09905242919922
2011-06-20,98.60092163085938
2011-06-21,99.9521484375
2011-06-22,99.34990692138672
2011-06-23,99.06423950195312
2011-06-24,97.91374206542969
2011-06-27,98.78622436523438
2011-06-28,100.0757064819336
2011-06-29,100.93277740478516
2011-06-30,101.89793395996094
2011-07-01,103.40359497070312
2011-07-05,103.31864929199219
2011-07-06,103.44218444824219
2011-07-07,104.51543426513672
2011-07-08,103.7741928100586
2011-07-11,101.89793395996094
2011-07-12,101.45782470703125
2011-07-13,101.79754638671875
2011-07-14,101.09490203857422
2011-07-15,101.68174743652344
2011-07-18,100.84781646728516
2011-07-19,102.48475646972656
2011-07-20,102.42296600341797
2011-07-21,103.84370422363281
2011-07-22,103.91321563720703
2011-07-25,103.3341064453125
2011-07-26,102.94801330566406
2011-07-27,100.84011840820312
2011-07-28,100.54671478271484
2011-07-29,99.85950469970703
2011-08-01,99.43482971191406
2011-08-02,96.89451599121094
2011-08-03,97.41959381103516
2011-08-04,92.85628509521484
2011-08-05,92.71730041503906
2011-08-08,86.67925262451172
2011-08-09,90.70977020263672
2011-08-10,86.70243835449219
2011-08-11,90.59394073486328
2011-08-12,91.20393371582031
2011-08-15,93.13426208496094
2011-08-16,92.33897399902344
2011-08-17,92.4007339477539
2011-08-18,88.41654968261719
2011-08-19,86.97267150878906
2011-08-22,87.04215240478516
2011-08-23,89.90673828125
2011-08-24,91.17304229736328
2011-08-25,89.78321838378906
2011-08-26,91.08812713623047
2011-08-29,93.70563507080078
2011-08-30,93.95271301269531
2011-08-31,94.36968231201172
2011-09-01,93.38133239746094
2011-09-02,90.9954605102539
2011-09-06,90.3314437866211
2011-09-07,92.87945556640625
2011-09-08,91.9142837524414
2011-09-09,89.50527954101562
2011-09-12,90.08432006835938
2011-09-13,90.9105453491211
2011-09-14,92.16912078857422
2011-09-15,93.75968170166016
2011-09-16,94.31461334228516
2011-09-19,93.37552642822266
2011-09-20,93.26683807373047
2011-09-21,90.51935577392578
2011-09-22,87.59339141845703
2011-09-23,88.12113189697266
2011-09-26,90.2166519165039
2011-09-27,91.22563171386719
2011-09-28,89.36294555664062
2011-09-29,90.06920623779297
2011-09-30,87.8184585571289
2011-10-03,85.3193359375
2011-10-04,87.18978881835938
2011-10-05,88.80408477783203
2011-10-06,90.41069793701172
2011-10-07,89.80531311035156
2011-10-10,92.80891418457031
2011-10-11,92.90203857421875
2011-10-12,93.71700286865234
2011-10-13,93.53073120117188
2011-10-14,95.1295394897461
2011-10-17,93.31340789794922
2011-10-18,95.1373062133789
2011-10-19,94.0119400024414
2011-10-20,94.42327880859375
2011-10-21,96.21611785888672
2011-10-24,97.39581298828125
2011-10-25,95.5020751953125
2011-10-26,96.47225952148438
2011-10-27,99.83287048339844
2011-10-28,99.80957794189453
2011-10-31,97.40360260009766
2011-11-01,94.68711853027344
2011-11-02,96.23165893554688
2011-11-03,97.98566436767578
2011-11-04,97.3880615234375
2011-11-07,97.9934310913086
2011-11-08,99.25078582763672
2011-11-09,95.58744049072266
2011-11-10,96.48775482177734
2011-11-11,98.30390930175781
2011-11-14,97.37252044677734
2011-11-15,97.853759765625
2011-11-16,96.30149841308594
2011-11-17,94.77252197265625
2011-11-18,94.67163848876953
2011-11-21,92.87100219726562
2011-11-22,92.5062484741211
2011-11-23,90.46501922607422
2011-11-25,90.2942886352539
2011-11-28,92.90984344482422
2011-11-29,93.17372131347656
2011-11-30,97.0077896118164
2011-12-01,96.99224090576172
2011-12-02,96.90686798095703
2011-12-05,97.96237182617188
2011-12-06,97.9934310913086
2011-12-07,98.35821533203125
2011-12-08,96.20059204101562
2011-12-09,97.8304443359375
2011-12-12,96.40238189697266
2011-12-13,95.5020751953125
2011-12-14,94.4853744506836
2011-12-15,94.82686614990234
2011-12-16,94.96743774414062
2011-12-19,93.95207214355469
2011-12-20,96.79509735107422
2011-12-21,96.98253631591797
2011-12-22,97.84168243408203
2011-12-23,98.7164535522461
2011-12-27,98.7945556640625
2011-12-28,97.498046875
2011-12-29,98.50555419921875
2011-12-30,98.0213623046875
2012-01-03,99.58341979980469
2012-01-04,99.73963165283203
2012-01-05,100.00518035888672
2012-01-06,99.74744415283203
2012-01-09,99.98957824707031
2012-01-10,100.85653686523438
2012-01-11,100.91120147705078
2012-01-12,101.1532974243164
2012-01-13,100.63003540039062
2012-01-17,101.02056884765625
2012-01-18,102.1374282836914
2012-01-19,102.67638397216797
2012-01-20,103.05908966064453
2012-01-23,102.79352569580078
2012-01-24,102.67638397216797
2012-01-25,103.53549194335938
2012-01-26,103.00440979003906
2012-01-27,102.95756530761719
2012-01-30,102.60604858398438
2012-01-31,102.5670394897461
2012-02-01,103.46522521972656
2012-02-02,103.6292495727539
2012-02-03,105.08200073242188
2012-02-06,105.01171875
2012-02-07,105.27726745605469
2012-02-08,105.5896987915039
2012-02-09,105.7224349975586
2012-02-10,104.94141387939453
2012-02-13,105.7224349975586
2012-02-14,105.5896987915039
2012-02-15,105.09761810302734
2012-02-16,106.26139068603516
2012-02-17,106.54254150390625
2012-02-21,106.58944702148438
2012-02-22,106.24574279785156
2012-02-23,106.7143783569336
2012-02-24,106.9487075805664
2012-02-27,107.12834167480469
2012-02-28,107.44078063964844
2012-02-29,107.01900482177734
2012-03-01,107.57351684570312
2012-03-02,107.24549865722656
2012-03-05,106.80810546875
2012-03-06,105.24600219726562
2012-03-07,105.98021697998047
2012-03-08,107.03461456298828
2012-03-09,107.44855499267578
2012-03-12,107.4563980102539
2012-03-13,109.39337921142578
2012-03-14,109.27623748779297
2012-03-15,109.90887451171875
2012-03-16,110.06108093261719
2012-03-19,110.49252319335938
2012-03-20,110.17084503173828
2012-03-21,109.99042510986328
2012-03-22,109.19813537597656
2012-03-23,109.55117797851562
2012-03-26,111.08873748779297
2012-03-27,110.74353790283203
2012-03-28,110.19441986083984
2012-03-29,110.00615692138672
2012-03-30,110.46112060546875
2012-04-02,111.26909637451172
2012-04-03,110.81412506103516
2012-04-04,109.71589660644531
2012-04-05,109.66100311279297
2012-04-09,108.42935180664062
2012-04-10,106.60939025878906
2012-04-11,107.47229766845703
2012-04-12,108.87645721435547
2012-04-13,107.58213806152344
2012-04-16,107.51153564453125
2012-04-17,109.1039810180664
2012-04-18,108.73531341552734
2012-04-19,108.0371322631836
2012-04-20,108.2175521850586
2012-04-23,107.30753326416016
2012-04-24,107.71549987792969
2012-04-25,109.19029998779297
2012-04-26,109.95126342773438
2012-04-27,110.13162994384766
2012-04-30,109.7237319946289
2012-05-01,110.40619659423828
2012-05-02,110.0767593383789
2012-05-03,109.23738861083984
2012-05-04,107.47229766845703
2012-05-07,107.5507583618164
2012-05-08,107.11931610107422
2012-05-09,106.48387145996094
2012-05-10,106.70352935791016
2012-05-11,106.38190460205078
2012-05-14,105.20516967773438
2012-05-15,104.60112762451172
2012-05-16,104.20106506347656
2012-05-17,102.6556625366211
2012-05-18,101.77704620361328
2012-05-21,103.52642059326172
2012-05-22,103.70689392089844
2012-05-23,103.76177215576172
2012-05-24,103.9656982421875
2012-05-25,103.62840270996094
2012-05-29,104.8835678100586
2012-05-30,103.36162567138672
2012-05-31,103.13418579101562
2012-06-01,100.53759765625
2012-06-04,100.49053955078125
2012-06-05,101.25147247314453
2012-06-06,103.52642059326172
2012-06-07,103.58917999267578
2012-06-08,104.41287994384766
2012-06-11,103.08711242675781
2012-06-12,104.27166748046875
2012-06-13,103.60485076904297
2012-06-14,104.70309448242188
2012-06-15,105.77394104003906
2012-06-18,105.97895050048828
2012-06-19,107.00408172607422
2012-06-20,106.83061981201172
2012-06-21,104.43347930908203
2012-06-22,105.23776245117188
2012-06-25,103.5503158569336
2012-06-26,104.07073211669922
2012-06-27,105.00909423828125
2012-06-28,104.70943450927734
2012-06-29,107.31946563720703
2012-07-02,107.64278411865234
2012-07-03,108.35246276855469
2012-07-05,107.86356353759766
2012-07-06,106.83847045898438
2012-07-09,106.70443725585938
2012-07-10,105.77394104003906
2012-07-11,105.78972625732422
2012-07-12,105.27714538574219
2012-07-13,107.04348754882812
2012-07-16,106.79116821289062
2012-07-17,107.52452850341797
2012-07-18,108.32097625732422
2012-07-19,108.60478973388672
2012-07-20,107.61128997802734
2012-07-23,106.52305603027344
2012-07-24,105.60834503173828
2012-07-25,105.63202667236328
2012-07-26,107.37470245361328
2012-07-27,109.35388946533203
2012-07-30,109.35388946533203
2012-07-31,108.58904266357422
2012-08-01,108.49439239501953
2012-08-02,107.74530792236328
2012-08-03,109.88218688964844
2012-08-06,110.0951156616211
2012-08-07,110.6471176147461
2012-08-08,110.78118133544922
2012-08-09,110.87579345703125
2012-08-10,111.05708312988281
2012-08-13,111.00196838378906
2012-08-14,111.0177230834961
2012-08-15,111.14386749267578
2012-08-16,111.96395111083984
2012-08-17,112.11376190185547
2012-08-20,112.12165069580078
2012-08-21,111.78258514404297
2012-08-22,111.82990264892578
2012-08-23,110.91525268554688
2012-08-24,111.58544158935547
2012-08-27,111.60910034179688
2012-08-28,111.49864959716797
2012-08-29,111.58544158935547
2012-08-30,110.78118133544922
2012-08-31,111.3094482421875
2012-09-04,111.20694732666016
2012-09-05,111.11231231689453
2012-09-06,113.36753845214844
2012-09-07,113.80913543701172
2012-09-10,113.16251373291016
2012-09-11,113.47795104980469
2012-09-12,113.85641479492188
2012-09-13,115.59121704101562
2012-09-14,116.1037368774414
2012-09-17,115.70948791503906
2012-09-18,115.61483001708984
2012-09-19,115.67792510986328
2012-09-20,115.68582916259766
2012-09-21,115.63750457763672
2012-09-24,115.46309661865234
2012-09-25,114.23432159423828
2012-09-26,113.59219360351562
2012-09-27,114.6623764038086
2012-09-28,114.13124084472656
2012-10-01,114.4325180053711
2012-10-02,114.5513916015625
2012-10-03,115.0191421508789
2012-10-04,115.84361267089844
2012-10-05,115.85150146484375
2012-10-08,115.4551773071289
2012-10-09,114.31361389160156
2012-10-10,113.58424377441406
2012-10-11,113.64768981933594
2012-10-12,113.2751235961914
2012-10-15,114.21847534179688
2012-10-16,115.37584686279297
2012-10-17,115.89901733398438
2012-10-18,115.59788513183594
2012-10-19,113.67146301269531
2012-10-22,113.68730163574219
2012-10-23,112.10973358154297
2012-10-24,111.79265594482422
2012-10-25,112.11769104003906
2012-10-26,112.05423736572266
2012-10-31,112.05423736572266
2012-11-01,113.2275390625
2012-11-02,112.22074890136719
2012-11-05,112.45064544677734
2012-11-06,113.33062744140625
2012-11-07,110.7620849609375
2012-11-08,109.43030548095703
2012-11-09,109.52542114257812
2012-11-12,109.61260223388672
2012-11-13,109.23213958740234
2012-11-14,107.75757598876953
2012-11-15,107.57527160644531
2012-11-16,108.10639953613281
2012-11-19,110.29441833496094
2012-11-20,110.34196472167969
2012-11-21,110.54801940917969
2012-11-23,112.05423736572266
2012-11-26,111.81644439697266
2012-11-27,111.24568176269531
2012-11-28,112.14151000976562
2012-11-29,112.66466522216797
2012-11-30,112.68848419189453
2012-12-03,112.13353729248047
2012-12-04,111.97502899169922
2012-12-05,112.17320251464844
2012-12-06,112.55371856689453
2012-12-07,112.89459228515625
2012-12-10,112.94217681884766
2012-12-11,113.71112823486328
2012-12-12,113.76660919189453
2012-12-13,113.0689926147461
2012-12-14,112.64886474609375
2012-12-17,113.97271728515625
2012-12-18,115.2410888671875
2012-12-19,114.38493347167969
2012-12-20,115.04288482666016
2012-12-21,113.99864196777344
2012-12-24,113.64739227294922
2012-12-26,113.16836547851562
2012-12-27,113.01668548583984
2012-12-28,111.795166015625
2012-12-31,113.69528198242188
2013-01-02,116.60931396484375
2013-01-03,116.34585571289062
2013-01-04,116.85678100585938
2013-01-07,116.53744506835938
2013-01-08,116.20211791992188
2013-01-09,116.49748992919922
2013-01-10,117.42359161376953
2013-01-11,117.41569519042969
2013-01-14,117.33584594726562
2013-01-15,117.41569519042969
2013-01-16,117.39969635009766
2013-01-17,118.15814208984375
2013-01-18,118.42159271240234
2013-01-22,119.06031036376953
2013-01-23,119.25192260742188
2013-01-24,119.28382873535156
2013-01-25,119.9544677734375
2013-01-28,119.81080627441406
2013-01-29,120.28179168701172
2013-01-30,119.81080627441406
2013-01-31,119.51537322998047
2013-02-01,120.74485778808594
2013-02-04,119.38764190673828
2013-02-05,120.59315490722656
2013-02-06,120.68095397949219
2013-02-07,120.52130889892578
2013-02-08,121.19194793701172
2013-02-11,121.16796112060547
2013-02-12,121.36756134033203
2013-02-13,121.47134399414062
2013-02-14,121.58318328857422
2013-02-15,121.43946075439453
2013-02-19,122.34956359863281
2013-02-20,120.82469940185547
2013-02-21,120.09017181396484
2013-02-22,121.26378631591797
2013-02-25,118.95648193359375
2013-02-26,119.7708511352539
2013-02-27,121.27976989746094
2013-02-28,121.04024505615234
2013-03-01,121.43946075439453
2013-03-04,122.08605194091797
2013-03-05,123.179931640625
2013-03-06,123.34752655029297
2013-03-07,123.57109069824219
2013-03-08,124.09793090820312
2013-03-11,124.5689468383789
2013-03-12,124.28961181640625
2013-03-13,124.46521759033203
2013-03-14,125.12786865234375
2013-03-15,124.96263885498047
2013-03-18,124.27301025390625
2013-03-19,123.9843521118164
2013-03-20,124.85041046142578
2013-03-21,123.78386688232422
2013-03-22,124.7782211303711
2013-03-25,124.25697326660156
2013-03-26,125.25138854980469
2013-03-27,125.25138854980469
2013-03-28,125.63634490966797
2013-04-01,125.1391372680664
2013-04-02,125.75654602050781
2013-04-03,124.4815444946289
2013-04-04,124.98675537109375
2013-04-05,124.42539978027344
2013-04-08,125.26742553710938
2013-04-09,125.7004165649414
2013-04-10,127.24008178710938
2013-04-11,127.6571044921875
2013-04-12,127.34436798095703
2013-04-15,124.39324951171875
2013-04-16,126.22972869873047
2013-04-17,124.38529968261719
2013-04-18,123.607421875
2013-04-19,124.6820068359375
2013-04-22,125.23533630371094
2013-04-23,126.52638244628906
2013-04-24,126.6065902709961
2013-04-25,127.11981964111328
2013-04-26,126.89532470703125
2013-04-29,127.74529266357422
2013-04-30,128.05007934570312
2013-05-01,126.92735290527344
2013-05-02,128.10623168945312
2013-05-03,129.40533447265625
2013-05-06,129.7340850830078
2013-05-07,130.39166259765625
2013-05-08,130.98507690429688
2013-05-09,130.61614990234375
2013-05-10,131.04127502441406
2013-05-13,131.14549255371094
2013-05-14,132.50070190429688
2013-05-15,133.21437072753906
2013-05-16,132.5889129638672
2013-05-17,133.87191772460938
2013-05-20,133.86392211914062
2013-05-21,134.05642700195312
2013-05-22,133.06207275390625
2013-05-23,132.67709350585938
2013-05-24,132.5648193359375
2013-05-28,133.35877990722656
2013-05-29,132.49270629882812
2013-05-30,132.9818115234375
2013-05-31,131.07330322265625
2013-06-03,131.7949981689453
2013-06-04,131.1614990234375
2013-06-05,129.32510375976562
2013-06-06,130.4959259033203
2013-06-07,132.15585327148438
2013-06-10,132.15585327148438
2013-06-11,130.7926483154297
2013-06-12,129.70999145507812
2013-06-13,131.68272399902344
2013-06-14,130.85675048828125
2013-06-17,131.8672332763672
2013-06-18,132.90969848632812
2013-06-19,131.07330322265625
2013-06-20,127.82549285888672
2013-06-21,128.2359161376953
2013-06-24,126.615478515625
2013-06-25,127.83275604248047
2013-06-26,129.09844970703125
2013-06-27,129.856201171875
2013-06-28,129.3241424560547
2013-07-01,130.08200073242188
2013-07-02,129.96107482910156
2013-07-03,130.01748657226562
2013-07-05,131.42022705078125
2013-07-08,132.1698760986328
2013-07-09,133.1211700439453
2013-07-10,133.1695556640625
2013-07-11,134.9833984375
2013-07-12,135.03988647460938
2013-07-15,135.55577087402344
2013-07-16,135.0479278564453
2013-07-17,135.39459228515625
2013-07-18,136.13621520996094
2013-07-19,136.37806701660156
2013-07-22,136.64405822753906
2013-07-23,136.35389709472656
2013-07-24,135.85409545898438
2013-07-25,136.18460083007812
2013-07-26,136.3297576904297
2013-07-29,135.9105224609375
2013-07-30,135.9105224609375
2013-07-31,136.00721740722656
2013-08-01,137.5792236328125
2013-08-02,137.8130340576172
2013-08-05,137.61148071289062
2013-08-06,136.82952880859375
2013-08-07,136.3861541748047
2013-08-08,136.88600158691406
2013-08-09,136.490966796875
2013-08-12,136.3297576904297
2013-08-13,136.73272705078125
2013-08-14,136.03143310546875
2013-08-15,134.12889099121094
2013-08-16,133.68545532226562
2013-08-19,132.8309783935547
2013-08-20,133.4839630126953
2013-08-21,132.66172790527344
2013-08-22,133.87091064453125
2013-08-23,134.3223876953125
2013-08-26,133.82257080078125
2013-08-27,131.67010498046875
2013-08-28,132.1376495361328
2013-08-29,132.3472442626953
2013-08-30,131.92811584472656
2013-09-03,132.524658203125
2013-09-04,133.62098693847656
2013-09-05,133.790283203125
2013-09-06,133.8547821044922
2013-09-09,135.1366424560547
2013-09-10,136.13621520996094
2013-09-11,136.56350708007812
2013-09-12,136.20068359375
2013-09-13,136.5070343017578
2013-09-16,137.29708862304688
2013-09-17,137.90977478027344
2013-09-18,139.50601196289062
2013-09-19,139.27218627929688
2013-09-20,138.29844665527344
2013-09-23,137.658447265625
2013-09-24,137.33441162109375
2013-09-25,136.9375762939453
2013-09-26,137.4640655517578
2013-09-27,136.83218383789062
2013-09-30,136.10316467285156
2013-10-01,137.18052673339844
2013-10-02,137.0509033203125
2013-10-03,135.78720092773438
2013-10-04,136.8160400390625
2013-10-07,135.63328552246094
2013-10-08,134.05357360839844
2013-10-09,134.15081787109375
2013-10-10,137.04283142089844
2013-10-11,137.9258270263672
2013-10-14,138.4766387939453
2013-10-15,137.47216796875
2013-10-16,139.39210510253906
2013-10-17,140.3236846923828
2013-10-18,141.27151489257812
2013-10-21,141.27964782714844
2013-10-22,142.09780883789062
2013-10-23,141.41732788085938
2013-10-24,141.8871307373047
2013-10-25,142.5352325439453
2013-10-28,142.76202392578125
2013-10-29,143.52352905273438
2013-10-30,142.81063842773438
2013-10-31,142.40560913085938
2013-11-01,142.74591064453125
2013-11-04,143.24815368652344
2013-11-05,142.79449462890625
2013-11-06,143.52352905273438
2013-11-07,141.7089385986328
2013-11-08,143.6207733154297
2013-11-11,143.6450958251953
2013-11-12,143.35342407226562
2013-11-13,144.50372314453125
2013-11-14,145.22474670410156
2013-11-15,145.85665893554688
2013-11-18,145.34628295898438
2013-11-19,145.0303192138672
2013-11-20,144.57672119140625
2013-11-21,145.7432098388672
2013-11-22,146.4722137451172
2013-11-25,146.3264923095703
2013-11-26,146.366943359375
2013-11-27,146.72335815429688
2013-11-29,146.62620544433594
2013-12-02,146.2454833984375
2013-12-03,145.61358642578125
2013-12-04,145.59735107421875
2013-12-05,144.95741271972656
2013-12-06,146.57754516601562
2013-12-09,146.9501953125
2013-12-10,146.42364501953125
2013-12-11,144.77919006347656
2013-12-12,144.30123901367188
2013-12-13,144.28501892089844
2013-12-16,145.18429565429688
2013-12-17,144.72250366210938
2013-12-18,147.19325256347656
2013-12-19,147.02316284179688
2013-12-20,147.87826538085938
2013-12-23,148.66842651367188
2013-12-24,148.99420166015625
2013-12-26,149.75167846679688
2013-12-27,149.7434844970703
2013-12-30,149.71908569335938
2013-12-31,150.42770385742188
2014-01-02,148.986083984375
2014-01-03,148.9615478515625
2014-01-06,148.52993774414062
2014-01-07,149.4421844482422
2014-01-08,149.47474670410156
2014-01-09,149.57247924804688
2014-01-10,149.97970581054688
2014-01-13,147.98422241210938
2014-01-14,149.59693908691406
2014-01-15,150.4032440185547
2014-01-16,150.20779418945312
2014-01-17,149.57247924804688
2014-01-21,150.0122833251953
2014-01-22,150.11000061035156
2014-01-23,148.8801727294922
2014-01-24,145.7036590576172
2014-01-27,144.9868927001953
2014-01-28,145.85025024414062
2014-01-29,144.4493865966797
2014-01-30,145.98056030273438
2014-01-31,145.12533569335938
2014-02-03,141.8592987060547
2014-02-04,142.8529815673828
2014-02-05,142.67376708984375
2014-02-06,144.55520629882812
2014-02-07,146.34710693359375
2014-02-10,146.6158905029297
2014-02-11,148.22044372558594
2014-02-12,148.29373168945312
2014-02-13,149.059326171875
2014-02-14,149.88198852539062
2014-02-18,150.06118774414062
2014-02-19,149.0675048828125
2014-02-20,149.9470977783203
2014-02-21,149.77606201171875
2014-02-24,150.6068572998047
2014-02-25,150.54983520507812
2014-02-26,150.55796813964844
2014-02-27,151.34811401367188
2014-02-28,151.73085021972656
2014-03-03,150.66390991210938
2014-03-04,152.78155517578125
2014-03-05,152.91995239257812
2014-03-06,153.2702178955078
2014-03-07,153.33543395996094
2014-03-10,153.25396728515625
2014-03-11,152.4964599609375
2014-03-12,152.5371856689453
2014-03-13,150.82679748535156
2014-03-14,150.4032440185547
2014-03-17,151.7634735107422
2014-03-18,152.84669494628906
2014-03-19,152.03225708007812
2014-03-20,152.91995239257812
2014-03-21,152.32687377929688
2014-03-24,151.6969451904297
2014-03-25,152.41688537597656
2014-03-26,151.32066345214844
2014-03-27,151.00160217285156
2014-03-28,151.74603271484375
2014-03-31,152.9895477294922
2014-04-01,154.0039825439453
2014-04-02,154.51939392089844
2014-04-03,154.3148193359375
2014-04-04,152.490478515625
2014-04-07,150.80531311035156
2014-04-08,151.42701721191406
2014-04-09,153.05496215820312
2014-04-10,149.8398895263672
2014-04-11,148.49012756347656
2014-04-14,149.6599884033203
2014-04-15,150.69076538085938
2014-04-16,152.2696990966797
2014-04-17,152.48236083984375
2014-04-21,153.01405334472656
2014-04-22,153.70944213867188
2014-04-23,153.34951782226562
2014-04-24,153.6603240966797
2014-04-25,152.4005126953125
2014-04-28,152.88320922851562
2014-04-29,153.59490966796875
2014-04-30,154.05307006835938
2014-05-01,154.06944274902344
2014-05-02,153.8485565185547
2014-05-05,154.14306640625
2014-05-06,152.8013916015625
2014-05-07,153.70127868652344
2014-05-08,153.53765869140625
2014-05-09,153.7666778564453
2014-05-12,155.26376342773438
2014-05-13,155.40289306640625
2014-05-14,154.66661071777344
2014-05-15,153.30859375
2014-05-16,153.8403778076172
2014-05-19,154.4048309326172
2014-05-20,153.43124389648438
2014-05-21,154.723876953125
2014-05-22,155.1001739501953
2014-05-23,155.72190856933594
2014-05-27,156.6790771484375
2014-05-28,156.56459045410156
2014-05-29,157.3744659423828
2014-05-30,157.62806701660156
2014-06-02,157.80809020996094
2014-06-03,157.72622680664062
2014-06-04,158.04531860351562
2014-06-05,159.07606506347656
2014-06-06,159.83688354492188
2014-06-09,160.00050354003906
2014-06-10,160.0169219970703
2014-06-11,159.46051025390625
2014-06-12,158.3315887451172
2014-06-13,158.8143310546875
2014-06-16,158.94522094726562
2014-06-17,159.38694763183594
2014-06-18,160.5568084716797
2014-06-19,160.73680114746094
2014-06-20,161.06314086914062
2014-06-23,161.01376342773438
2014-06-24,160.0437774658203
2014-06-25,160.7672119140625
2014-06-26,160.65213012695312
2014-06-27,160.96446228027344
2014-06-30,160.88223266601562
2014-07-01,161.95913696289062
2014-07-02,162.12344360351562
2014-07-03,162.92088317871094
2014-07-07,162.35365295410156
2014-07-08,161.30975341796875
2014-07-09,162.0330810546875
2014-07-10,161.39190673828125
2014-07-11,161.61387634277344
2014-07-14,162.42767333984375
2014-07-15,162.12344360351562
2014-07-16,162.7235565185547
2014-07-17,160.8740997314453
2014-07-18,162.51809692382812
2014-07-21,162.21389770507812
2014-07-22,162.92088317871094
2014-07-23,163.28248596191406
2014-07-24,163.29075622558594
2014-07-25,162.5262908935547
2014-07-28,162.59202575683594
2014-07-29,161.89334106445312
2014-07-30,161.91795349121094
2014-07-31,158.72042846679688
2014-08-01,158.23541259765625
2014-08-04,159.3780517578125
2014-08-05,157.8326416015625
2014-08-06,157.88194274902344
2014-08-07,157.02711486816406
2014-08-08,158.84371948242188
2014-08-11,159.30406188964844
2014-08-12,159.08204650878906
2014-08-13,160.158935546875
2014-08-14,160.91517639160156
2014-08-15,160.88223266601562
2014-08-18,162.2303924560547
2014-08-19,163.07701110839844
2014-08-20,163.51266479492188
2014-08-21,163.9894561767578
2014-08-22,163.73460388183594
2014-08-25,164.5648956298828
2014-08-26,164.6717529296875
2014-08-27,164.6059112548828
2014-08-28,164.5155029296875
2014-08-29,164.98411560058594
2014-09-02,164.9019012451172
2014-09-03,164.8114776611328
2014-09-04,164.5731201171875
2014-09-05,165.31288146972656
2014-09-08,164.88543701171875
2014-09-09,163.8415069580078
2014-09-10,164.45794677734375
2014-09-11,164.64706420898438
2014-09-12,163.685302734375
2014-09-15,163.56202697753906
2014-09-16,164.79501342773438
2014-09-17,165.0169677734375
2014-09-18,165.896484375
2014-09-19,165.74700927734375
2014-09-22,164.46694946289062
2014-09-23,163.52548217773438
2014-09-24,164.8055877685547
2014-09-25,162.14633178710938
2014-09-26,163.4346466064453
2014-09-29,163.13735961914062
2014-09-30,162.70790100097656
2014-10-01,160.50291442871094
2014-10-02,160.52767944335938
2014-10-03,162.29502868652344
2014-10-06,162.1050262451172
2014-10-07,159.60269165039062
2014-10-08,162.39410400390625
2014-10-09,159.1732940673828
2014-10-10,157.35643005371094
2014-10-13,154.7715606689453
2014-10-14,155.0110626220703
2014-10-15,153.96218872070312
2014-10-16,153.83013916015625
2014-10-17,155.64694213867188
2014-10-20,157.15823364257812
2014-10-21,160.27162170410156
2014-10-22,159.1319580078125
2014-10-23,160.98184204101562
2014-10-24,162.22061157226562
2014-10-27,161.9976806640625
2014-10-28,163.8558807373047
2014-10-29,163.60809326171875
2014-10-30,164.65692138671875
2014-10-31,166.53985595703125
2014-11-03,166.6306610107422
2014-11-04,166.0526123046875
2014-11-05,167.10145568847656
2014-11-06,167.77035522460938
2014-11-07,167.92721557617188
2014-11-10,168.45579528808594
2014-11-11,168.62094116210938
2014-11-12,168.43923950195312
2014-11-13,168.62925720214844
2014-11-14,168.6704864501953
2014-11-17,168.77781677246094
2014-11-18,169.7523651123047
2014-11-19,169.47982788085938
2014-11-20,169.777099609375
2014-11-21,170.68557739257812
2014-11-24,171.16456604003906
2014-11-25,171.04071044921875
2014-11-26,171.4783477783203
2014-11-28,171.11500549316406
2014-12-01,169.92578125
2014-12-02,171.02415466308594
2014-12-03,171.6848602294922
2014-12-04,171.49490356445312
2014-12-05,171.7757110595703
2014-12-08,170.62771606445312
2014-12-09,170.5121307373047
2014-12-10,167.77859497070312
2014-12-11,168.62925720214844
2014-12-12,165.9040069580078
2014-12-15,164.7642364501953
2014-12-16,163.44288635253906
2014-12-17,166.64720153808594
2014-12-18,170.76812744140625
2014-12-19,171.49476623535156
2014-12-22,172.28363037109375
2014-12-23,172.51611328125
2014-12-24,172.53273010253906
2014-12-26,173.08912658691406
2014-12-29,173.3216552734375
2014-12-30,172.3915557861328
2014-12-31,170.68096923828125
2015-01-02,170.58963012695312
2015-01-05,167.50880432128906
2015-01-06,165.93104553222656
2015-01-07,167.998779296875
2015-01-08,170.9799041748047
2015-01-09,169.60977172851562
2015-01-12,168.2811279296875
2015-01-13,167.80780029296875
2015-01-14,166.79469299316406
2015-01-15,165.26675415039062
2015-01-16,167.43411254882812
2015-01-20,167.79107666015625
2015-01-21,168.63815307617188
2015-01-22,171.1459503173828
2015-01-23,170.20765686035156
2015-01-26,170.60623168945312
2015-01-27,168.35585021972656
2015-01-28,166.19676208496094
2015-01-29,167.7330322265625
2015-01-30,165.6238555908203
2015-02-02,167.67489624023438
2015-02-03,170.0996856689453
2015-02-04,169.45199584960938
2015-02-05,171.16259765625
2015-02-06,170.68927001953125
2015-02-09,169.92529296875
2015-02-10,171.7355499267578
2015-02-11,171.83523559570312
2015-02-12,173.4877166748047
2015-02-13,174.20191955566406
2015-02-17,174.4759521484375
2015-02-18,174.4925079345703
2015-02-19,174.36795043945312
2015-02-20,175.41424560546875
2015-02-23,175.3892822265625
2015-02-24,175.88758850097656
2015-02-25,175.73812866210938
2015-02-26,175.530517578125
2015-02-27,174.93258666992188
2015-03-02,176.03707885742188
2015-03-03,175.3146209716797
2015-03-04,174.57550048828125
2015-03-05,174.76651000976562
2015-03-06,172.30856323242188
2015-03-09,173.022705078125
2015-03-10,170.21592712402344
2015-03-11,169.81732177734375
2015-03-12,171.97637939453125
2015-03-13,170.92172241210938
2015-03-16,173.20542907714844
2015-03-17,172.69053649902344
2015-03-18,174.76651000976562
2015-03-19,173.9693145751953
2015-03-20,175.5049591064453
2015-03-23,175.1630096435547
2015-03-24,174.17872619628906
2015-03-25,171.6263885498047
2015-03-26,171.21762084960938
2015-03-27,171.6096649169922
2015-03-30,173.70326232910156
2015-03-31,172.1852264404297
2015-04-01,171.57632446289062
2015-04-02,172.19351196289062
2015-04-06,173.35293579101562
2015-04-07,172.8942108154297
2015-04-08,173.47808837890625
2015-04-09,174.24549865722656
2015-04-10,175.19631958007812
2015-04-13,174.4039306640625
2015-04-14,174.7376251220703
2015-04-15,175.52163696289062
2015-04-16,175.47158813476562
2015-04-17,173.45303344726562
2015-04-20,175.0379180908203
2015-04-21,174.82933044433594
2015-04-22,175.68846130371094
2015-04-23,176.1305694580078
2015-04-24,176.53929138183594
2015-04-27,175.8052215576172
2015-04-28,176.3640594482422
2015-04-29,175.63841247558594
2015-04-30,173.87843322753906
2015-05-01,175.76351928710938
2015-05-04,176.26400756835938
2015-05-05,174.24549865722656
2015-05-06,173.52809143066406
2015-05-07,174.2204132080078
2015-05-08,176.5142364501953
2015-05-11,175.67178344726562
2015-05-12,175.146240234375
2015-05-13,175.17965698242188
2015-05-14,177.00640869140625
2015-05-15,177.1981964111328
2015-05-18,177.7487030029297
2015-05-19,177.6903839111328
2015-05-20,177.56520080566406
2015-05-21,178.08236694335938
2015-05-22,177.65696716308594
2015-05-26,175.74685668945312
2015-05-27,177.41500854492188
2015-05-28,177.21490478515625
2015-05-29,176.1138458251953
2015-06-01,176.4725341796875
2015-06-02,176.29736328125
2015-06-03,176.7644805908203
2015-06-04,175.27137756347656
2015-06-05,174.97113037109375
2015-06-08,173.89511108398438
2015-06-09,173.8701171875
2015-06-10,175.9553985595703
2015-06-11,176.5225372314453
2015-06-12,175.17132568359375
2015-06-15,174.42063903808594
2015-06-16,175.3715362548828
2015-06-17,175.6550750732422
2015-06-18,177.4818115234375
2015-06-19,176.69390869140625
2015-06-22,177.5991668701172
2015-06-23,177.724853515625
2015-06-24,176.43411254882812
2015-06-25,175.89768981933594
2015-06-26,175.86412048339844
2015-06-29,172.17620849609375
2015-06-30,172.5366668701172
2015-07-01,173.91957092285156
2015-07-02,173.7602996826172
2015-07-06,173.26580810546875
2015-07-07,174.35546875
2015-07-08,171.4302215576172
2015-07-09,171.7403564453125
2015-07-10,173.90284729003906
2015-07-13,175.82225036621094
2015-07-14,176.58502197265625
2015-07-15,176.52627563476562
2015-07-16,177.94281005859375
2015-07-17,178.0937042236328
2015-07-20,178.1858367919922
2015-07-21,177.48179626464844
2015-07-22,177.16329956054688
2015-07-23,176.16583251953125
2015-07-24,174.3386993408203
2015-07-27,173.32447814941406
2015-07-28,175.45346069335938
2015-07-29,176.660400390625
2015-07-30,176.70230102539062
2015-07-31,176.43411254882812
2015-08-03,175.83897399902344
2015-08-04,175.49539184570312
2015-08-05,176.0736846923828
2015-08-06,174.6320037841797
2015-08-07,174.2967529296875
2015-08-10,176.49276733398438
2015-08-11,174.9002227783203
2015-08-12,175.1098175048828
2015-08-13,174.89186096191406
2015-08-14,175.52886962890625
2015-08-17,176.50950622558594
2015-08-18,175.9982147216797
2015-08-19,174.6068878173828
2015-08-20,170.9608612060547
2015-08-21,165.8145294189453
2015-08-24,158.83255004882812
2015-08-25,156.96347045898438
2015-08-26,162.9898681640625
2015-08-27,167.02145385742188
2015-08-28,167.0298614501953
2015-08-31,165.680419921875
2015-09-01,160.73521423339844
2015-09-02,163.78611755371094
2015-09-03,163.9034881591797
2015-09-04,161.4225311279297
2015-09-08,165.479248046875
2015-09-09,163.26649475097656
2015-09-10,164.1549530029297
2015-09-11,164.9009246826172
2015-09-14,164.28904724121094
2015-09-15,166.34255981445312
2015-09-16,167.78421020507812
2015-09-17,167.4070281982422
2015-09-18,164.6713409423828
2015-09-21,165.52232360839844
2015-09-22,163.3738555908203
2015-09-23,163.11270141601562
2015-09-24,162.52291870117188
2015-09-25,162.4807891845703
2015-09-28,158.4029541015625
2015-09-29,158.49562072753906
2015-09-30,161.45291137695312
2015-10-01,161.87417602539062
2015-10-02,164.29222106933594
2015-10-05,167.21580505371094
2015-10-06,166.6428680419922
2015-10-07,168.00775146484375
2015-10-08,169.52430725097656
2015-10-09,169.62538146972656
2015-10-12,169.78546142578125
2015-10-13,168.7154998779297
2015-10-14,167.90658569335938
2015-10-15,170.48480224609375
2015-10-16,171.25990295410156
2015-10-19,171.34414672851562
2015-10-20,171.12510681152344
2015-10-21,170.0635223388672
2015-10-22,172.93650817871094
2015-10-23,174.8321533203125
2015-10-26,174.40249633789062
2015-10-27,174.0655059814453
2015-10-28,176.04544067382812
2015-10-29,175.9443359375
2015-10-30,175.18606567382812
2015-11-02,177.25868225097656
2015-11-03,177.77261352539062
2015-11-04,177.2333984375
2015-11-05,177.05642700195312
2015-11-06,176.9637908935547
2015-11-09,175.3124237060547
2015-11-10,175.7168426513672
2015-11-11,175.02598571777344
2015-11-12,172.58265686035156
2015-11-13,170.64488220214844
2015-11-16,173.23977661132812
2015-11-17,173.1134490966797
2015-11-18,175.86004638671875
2015-11-19,175.70843505859375
2015-11-20,176.34873962402344
2015-11-23,176.1465606689453
2015-11-24,176.3824462890625
2015-11-25,176.35716247558594
2015-11-27,176.5594024658203
2015-11-30,175.82635498046875
2015-12-01,177.50306701660156
2015-12-02,175.69155883789062
2015-12-03,173.23141479492188
2015-12-04,176.60987854003906
2015-12-07,175.53990173339844
2015-12-08,174.36036682128906
2015-12-09,173.00389099121094
2015-12-10,173.45042419433594
2015-12-11,170.08877563476562
2015-12-14,170.94815063476562
2015-12-15,172.74276733398438
2015-12-16,175.27027893066406
2015-12-17,172.59947204589844
2015-12-18,169.52462768554688
2015-12-21,170.9230499267578
2015-12-22,172.4740753173828
2015-12-23,174.60989379882812
2015-12-24,174.32168579101562
2015-12-28,173.9233856201172
2015-12-29,175.77944946289062
2015-12-30,174.5335693359375
2015-12-31,172.78773498535156
2016-01-04,170.37217712402344
2016-01-05,170.66030883789062
2016-01-06,168.50759887695312
2016-01-07,164.46482849121094
2016-01-08,162.6595916748047
2016-01-11,162.82058715820312
2016-01-12,164.13429260253906
2016-01-13,160.0406951904297
2016-01-14,162.6680450439453
2016-01-15,159.17617797851562
2016-01-19,159.3880615234375
2016-01-20,157.34548950195312
2016-01-21,158.2270050048828
2016-01-22,161.4730224609375
2016-01-25,159.03208923339844
2016-01-26,161.2017822265625
2016-01-27,159.4474334716797
2016-01-28,160.27801513671875
2016-01-29,164.1851348876953
2016-02-01,164.12583923339844
2016-02-02,161.16793823242188
2016-02-03,162.13412475585938
2016-02-04,162.3883819580078
2016-02-05,159.29486083984375
2016-02-08,157.15049743652344
2016-02-09,157.1590576171875
2016-02-10,157.02345275878906
2016-02-11,154.9808807373047
2016-02-12,158.17611694335938
2016-02-16,160.84580993652344
2016-02-17,163.47323608398438
2016-02-18,162.80364990234375
2016-02-19,162.72735595703125
2016-02-22,165.0835418701172
2016-02-23,162.99856567382812
2016-02-24,163.74441528320312
2016-02-25,165.72767639160156
2016-02-26,165.34628295898438
2016-02-29,164.04953002929688
2016-03-01,167.90585327148438
2016-03-02,168.66015625
2016-03-03,169.3212127685547
2016-03-04,169.8721160888672
2016-03-07,170.0076904296875
2016-03-08,168.15162658691406
2016-03-09,168.982177734375
2016-03-10,169.1178436279297
2016-03-11,171.84689331054688
2016-03-14,171.6265106201172
2016-03-15,171.34686279296875
2016-03-16,172.33839416503906
2016-03-17,173.43177795410156
2016-03-18,174.11329650878906
2016-03-21,174.36033630371094
2016-03-22,174.26661682128906
2016-03-23,173.11660766601562
2016-03-24,173.0398712158203
2016-03-28,173.14210510253906
2016-03-29,174.74371337890625
2016-03-30,175.51048278808594
2016-03-31,175.08447265625
2016-04-01,176.27713012695312
2016-04-04,175.7063446044922
2016-04-05,173.9514617919922
2016-04-06,175.8511962890625
2016-04-07,173.7469940185547
2016-04-08,174.21551513671875
2016-04-11,173.80662536621094
2016-04-12,175.42527770996094
2016-04-13,177.19720458984375
2016-04-14,177.2057647705078
2016-04-15,177.00979614257812
2016-04-18,178.25360107421875
2016-04-19,178.81585693359375
2016-04-20,178.9862060546875
2016-04-21,178.0235595703125
2016-04-22,178.0235595703125
2016-04-25,177.71688842773438
2016-04-26,177.98098754882812
2016-04-27,178.34732055664062
2016-04-28,176.7287139892578
2016-04-29,175.77450561523438
2016-05-02,177.1716766357422
2016-05-03,175.62969970703125
2016-05-04,174.64999389648438
2016-05-05,174.61598205566406
2016-05-06,175.25486755371094
2016-05-09,175.39967346191406
2016-05-10,177.58055114746094
2016-05-11,175.91934204101562
2016-05-12,175.97044372558594
2016-05-13,174.43702697753906
2016-05-16,176.1578826904297
2016-05-17,174.5137176513672
2016-05-18,174.5648193359375
2016-05-19,173.95993041992188
2016-05-20,175.05894470214844
2016-05-23,174.8203887939453
2016-05-24,177.0864715576172
2016-05-25,178.28762817382812
2016-05-26,178.3387908935547
2016-05-27,179.10549926757812
2016-05-31,178.76478576660156
2016-06-01,179.13107299804688
2016-06-02,179.67628479003906
2016-06-03,179.13958740234375
2016-06-06,180.0511016845703
2016-06-07,180.332275390625
2016-06-08,180.92005920410156
2016-06-09,180.67303466796875
2016-06-10,178.960693359375
2016-06-13,177.58055114746094
2016-06-14,177.2312774658203
2016-06-15,176.98422241210938
2016-06-16,177.51242065429688
2016-06-17,176.8513641357422
2016-06-20,177.9902801513672
2016-06-21,178.4955291748047
2016-06-22,178.20431518554688
2016-06-23,180.52505493164062
2016-06-24,174.04258728027344
2016-06-27,170.9254608154297
2016-06-28,174.00830078125
2016-06-29,176.97120666503906
2016-06-30,179.38609313964844
2016-07-01,179.76292419433594
2016-07-05,178.46983337402344
2016-07-06,179.54022216796875
2016-07-07,179.42893981933594
2016-07-08,182.10072326660156
2016-07-11,182.7428741455078
2016-07-12,184.07029724121094
2016-07-13,184.0446014404297
2016-07-14,185.07223510742188
2016-07-15,184.82386779785156
2016-07-18,185.32057189941406
2016-07-19,185.1321258544922
2016-07-20,185.90283203125
2016-07-21,185.20066833496094
2016-07-22,186.0312957763672
2016-07-25,185.5260467529297
2016-07-26,185.61170959472656
2016-07-27,185.41473388671875
2016-07-28,185.6288299560547
2016-07-29,185.9285430908203
2016-08-01,185.7743682861328
2016-08-02,184.58407592773438
2016-08-03,185.12356567382812
2016-08-04,185.32057189941406
2016-08-05,186.83628845214844
2016-08-08,186.72496032714844
2016-08-09,186.83628845214844
2016-08-10,186.3738555908203
2016-08-11,187.23870849609375
2016-08-12,187.07603454589844
2016-08-15,187.6155242919922
2016-08-16,186.6478729248047
2016-08-17,186.9989776611328
2016-08-18,187.41859436035156
2016-08-19,187.14451599121094
2016-08-22,187.13601684570312
2016-08-23,187.51278686523438
2016-08-24,186.55369567871094
2016-08-25,186.4252166748047
2016-08-26,186.07411193847656
2016-08-29,186.9904327392578
2016-08-30,186.68212890625
2016-08-31,186.15121459960938
2016-09-01,186.1597442626953
2016-09-02,186.9989776611328
2016-09-06,187.5641632080078
2016-09-07,187.54701232910156
2016-09-08,187.11888122558594
2016-09-09,182.64022827148438
2016-09-12,185.26058959960938
2016-09-13,182.597412109375
2016-09-14,182.52886962890625
2016-09-15,184.35287475585938
2016-09-16,183.6402130126953
2016-09-19,183.6746826171875
2016-09-20,183.68328857421875
2016-09-21,185.74888610839844
2016-09-22,186.9193878173828
2016-09-23,185.8952178955078
2016-09-26,184.38905334472656
2016-09-27,185.53372192382812
2016-09-28,186.45462036132812
2016-09-29,184.76766967773438
2016-09-30,186.16201782226562
2016-10-03,185.71446228027344
2016-10-04,184.76766967773438
2016-10-05,185.58535766601562
2016-10-06,185.71446228027344
2016-10-07,185.0775604248047
2016-10-10,186.04153442382812
2016-10-11,183.69189453125
2016-10-12,183.9328155517578
2016-10-13,183.33038330078125
2016-10-14,183.42506408691406
2016-10-17,182.78822326660156
2016-10-18,183.9328155517578
2016-10-19,184.42347717285156
2016-10-20,184.07919311523438
2016-10-21,184.16525268554688
2016-10-24,184.94850158691406
2016-10-25,184.3287353515625
2016-10-26,183.95872497558594
2016-10-27,183.46804809570312
2016-10-28,182.9259033203125
2016-10-31,182.9344940185547
2016-11-01,181.6090850830078
2016-11-02,180.51602172851562
2016-11-03,179.68978881835938
2016-11-04,179.4918212890625
2016-11-07,183.45086669921875
2016-11-08,184.27711486816406
2016-11-09,186.2308349609375
2016-11-10,186.695556640625
2016-11-11,186.26528930664062
2016-11-14,186.41159057617188
2016-11-15,187.86610412597656
2016-11-16,187.51327514648438
2016-11-17,188.4772186279297
2016-11-18,188.0554656982422
2016-11-21,189.4755401611328
2016-11-22,189.84564208984375
2016-11-23,189.94888305664062
2016-11-25,190.65463256835938
2016-11-28,189.75955200195312
2016-11-29,190.12962341308594
2016-11-30,189.67356872558594
2016-12-01,188.9763946533203
2016-12-02,189.07101440429688
2016-12-05,190.20712280273438
2016-12-06,190.80960083007812
2016-12-07,193.30548095703125
2016-12-08,193.7788848876953
2016-12-09,194.9493865966797
2016-12-12,194.7255859375
2016-12-13,196.02520751953125
2016-12-14,194.40721130371094
2016-12-15,195.2075653076172
2016-12-16,194.82583618164062
2016-12-19,195.25001525878906
2016-12-20,196.00318908691406
2016-12-21,195.45782470703125
2016-12-22,195.12017822265625
2016-12-23,195.40586853027344
2016-12-27,195.8906707763672
2016-12-28,194.27171325683594
2016-12-29,194.22842407226562
2016-12-30,193.5185546875
2017-01-03,194.9989471435547
2017-01-04,196.1590576171875
2017-01-05,196.00318908691406
2017-01-06,196.70448303222656
2017-01-09,196.0552215576172
2017-01-10,196.0552215576172
2017-01-11,196.6092529296875
2017-01-12,196.11575317382812
2017-01-13,196.56591796875
2017-01-17,195.87332153320312
2017-01-18,196.3061981201172
2017-01-19,195.5789794921875
2017-01-20,196.29754638671875
2017-01-23,195.78675842285156
2017-01-24,197.0420684814453
2017-01-25,198.7476043701172
2017-01-26,198.53981018066406
2017-01-27,198.22813415527344
2017-01-30,196.99876403808594
2017-01-31,196.98147583007812
2017-02-01,197.0593719482422
2017-02-02,197.18930053710938
2017-02-03,198.54844665527344
2017-02-06,198.19349670410156
2017-02-07,198.2021942138672
2017-02-08,198.4619140625
2017-02-09,199.63931274414062
2017-02-10,200.4271240234375
2017-02-13,201.51800537109375
2017-02-14,202.32315063476562
2017-02-15,203.37928771972656
2017-02-16,203.20611572265625
2017-02-17,203.52645874023438
2017-02-21,204.7384796142578
2017-02-22,204.55667114257812
2017-02-23,204.69520568847656
2017-02-24,204.95492553710938
2017-02-27,205.2753143310547
2017-02-28,204.72119140625
2017-03-01,207.58682250976562
2017-03-02,206.27957153320312
2017-03-03,206.40936279296875
2017-03-06,205.7947235107422
2017-03-07,205.1800079345703
2017-03-08,204.7991180419922
2017-03-09,205.05882263183594
2017-03-10,205.7774200439453
2017-03-13,205.8813018798828
2017-03-14,205.09347534179688
2017-03-15,206.8682098388672
2017-03-16,206.46131896972656
2017-03-17,206.09873962402344
2017-03-20,205.8726806640625
2017-03-21,203.2293701171875
2017-03-22,203.70758056640625
2017-03-23,203.4901885986328
2017-03-24,203.3424072265625
2017-03-27,203.13369750976562
2017-03-28,204.61192321777344
2017-03-29,204.8031463623047
2017-03-30,205.4552459716797
2017-03-31,204.97708129882812
2017-04-03,204.62062072753906
2017-04-04,204.7509765625
2017-04-05,204.142333984375
2017-04-06,204.7161865234375
2017-04-07,204.50753784179688
2017-04-10,204.62925720214844
2017-04-11,204.3857879638672
2017-04-12,203.4901885986328
2017-04-13,202.1685791015625
2017-04-17,203.9597930908203
2017-04-18,203.35107421875
2017-04-19,202.97723388671875
2017-04-20,204.62925720214844
2017-04-21,203.97714233398438
2017-04-24,206.22047424316406
2017-04-25,207.42042541503906
2017-04-26,207.28993225097656
2017-04-27,207.4639129638672
2017-04-28,207.01170349121094
2017-05-01,207.5334014892578
2017-05-02,207.6116943359375
2017-05-03,207.35952758789062
2017-05-04,207.60296630859375
2017-05-05,208.42031860351562
2017-05-08,208.38552856445312
2017-05-09,208.19424438476562
2017-05-10,208.56813049316406
2017-05-11,208.14210510253906
2017-05-12,207.79425048828125
2017-05-15,208.94204711914062
2017-05-16,208.75070190429688
2017-05-17,205.04666137695312
2017-05-18,205.8726806640625
2017-05-19,207.21165466308594
2017-05-22,208.26380920410156
2017-05-23,208.72462463378906
2017-05-24,209.21156311035156
2017-05-25,210.21148681640625
2017-05-26,210.1680450439453
2017-05-30,209.98544311523438
2017-05-31,209.93321228027344
2017-06-01,211.60267639160156
2017-06-02,212.30702209472656
2017-06-05,212.15052795410156
2017-06-06,211.4722442626953
2017-06-07,211.8635711669922
2017-06-08,211.96791076660156
2017-06-09,211.64617919921875
2017-06-12,211.60267639160156
2017-06-13,212.63742065429688
2017-06-14,212.3678436279297
2017-06-15,211.95924377441406
2017-06-16,212.00550842285156
2017-06-19,213.77047729492188
2017-06-20,212.32879638671875
2017-06-21,212.27638244628906
2017-06-22,212.18026733398438
2017-06-23,212.4336700439453
2017-06-26,212.57347106933594
2017-06-27,210.8609161376953
2017-06-28,212.74822998046875
2017-06-29,210.87835693359375
2017-06-30,211.2715301513672
2017-07-03,211.62979125976562
2017-07-05,212.11911010742188
2017-07-06,210.17933654785156
2017-07-07,211.5424346923828
2017-07-10,211.76956176757812
2017-07-11,211.6123504638672
2017-07-12,213.20248413085938
2017-07-13,213.560791015625
2017-07-14,214.55685424804688
2017-07-17,214.53062438964844
2017-07-18,214.64422607421875
2017-07-19,215.80630493164062
2017-07-20,215.90245056152344
2017-07-21,215.710205078125
2017-07-24,215.65777587890625
2017-07-25,216.18197631835938
2017-07-26,216.1907196044922
2017-07-27,215.9897918701172
2017-07-28,215.7363739013672
2017-07-31,215.61407470703125
2017-08-01,216.09463500976562
2017-08-02,216.1995086669922
2017-08-03,215.78012084960938
2017-08-04,216.17327880859375
2017-08-07,216.5751953125
2017-08-08,216.04217529296875
2017-08-09,216.03346252441406
2017-08-10,212.98410034179688
2017-08-11,213.29864501953125
2017-08-14,215.4131317138672
2017-08-15,215.3868865966797
2017-08-16,215.76260375976562
2017-08-17,212.39869689941406
2017-08-18,212.06668090820312
2017-08-21,212.23269653320312
2017-08-22,214.45201110839844
2017-08-23,213.68307495117188
2017-08-24,213.18504333496094
2017-08-25,213.68307495117188
2017-08-28,213.69183349609375
2017-08-29,213.9364776611328
2017-08-30,214.94998168945312
2017-08-31,216.2432098388672
2017-09-01,216.54898071289062
2017-09-05,214.99371337890625
2017-09-06,215.72769165039062
2017-09-07,215.70140075683594
2017-09-08,215.44805908203125
2017-09-11,217.74603271484375
2017-09-12,218.47994995117188
2017-09-13,218.58480834960938
2017-09-14,218.51495361328125
2017-09-15,218.80908203125
2017-09-18,219.27442932128906
2017-09-19,219.49398803710938
2017-09-20,219.57301330566406
2017-09-21,218.98472595214844
2017-09-22,219.0286102294922
2017-09-25,218.58078002929688
2017-09-26,218.71246337890625
2017-09-27,219.564208984375
2017-09-28,219.82766723632812
2017-09-29,220.60037231445312
2017-10-02,221.55746459960938
2017-10-03,222.0316162109375
2017-10-04,222.29505920410156
2017-10-05,223.61219787597656
2017-10-06,223.35755920410156
2017-10-09,222.98880004882812
2017-10-10,223.5770263671875
2017-10-11,223.9282989501953
2017-10-12,223.5946044921875
2017-10-13,223.86680603027344
2017-10-16,224.16543579101562
2017-10-17,224.32339477539062
2017-10-18,224.5429229736328
2017-10-19,224.60438537597656
2017-10-20,225.76345825195312
2017-10-23,224.88540649414062
2017-10-24,225.28054809570312
2017-10-25,224.16543579101562
2017-10-26,224.4551239013672
2017-10-27,226.29031372070312
2017-10-30,225.4473876953125
2017-10-31,225.79861450195312
2017-11-01,226.09713745117188
2017-11-02,226.1849365234375
2017-11-03,226.94015502929688
2017-11-06,227.29136657714844
2017-11-07,227.13327026367188
2017-11-08,227.51959228515625
2017-11-09,226.69422912597656
2017-11-10,226.62399291992188
2017-11-13,226.834716796875
2017-11-14,226.3079071044922
2017-11-15,225.17515563964844
2017-11-16,227.08941650390625
2017-11-17,226.4220428466797
2017-11-20,226.80836486816406
2017-11-21,228.29234313964844
2017-11-22,228.0904083251953
2017-11-24,228.61727905273438
2017-11-27,228.50311279296875
2017-11-28,230.82125854492188
2017-11-29,230.6807403564453
2017-11-30,232.7003173828125
2017-12-01,232.2173614501953
2017-12-04,231.93634033203125
2017-12-05,231.1022186279297
2017-12-06,231.1461181640625
2017-12-07,231.8748779296875
2017-12-08,233.13937377929688
2017-12-11,233.84178161621094
2017-12-12,234.25454711914062
2017-12-13,234.2281951904297
2017-12-14,233.27105712890625
2017-12-15,235.21360778808594
2017-12-18,236.70516967773438
2017-12-19,235.79620361328125
2017-12-20,235.6725311279297
2017-12-21,236.157958984375
2017-12-22,236.0962371826172
2017-12-26,235.81382751464844
2017-12-27,235.928466796875
2017-12-28,236.4139404296875
2017-12-29,235.52247619628906
2018-01-02,237.20819091796875
2018-01-03,238.7085723876953
2018-01-04,239.7147216796875
2018-01-05,241.3121795654297
2018-01-08,241.75347900390625
2018-01-09,242.30068969726562
2018-01-10,241.92999267578125
2018-01-11,243.6951141357422
2018-01-12,245.28372192382812
2018-01-16,244.44529724121094
2018-01-17,246.77532958984375
2018-01-18,246.3605194091797
2018-01-19,247.4813232421875
2018-01-22,249.49365234375
2018-01-23,250.0232391357422
2018-01-24,249.92604064941406
2018-01-25,250.031982421875
2018-01-26,252.92674255371094
2018-01-29,251.24990844726562
2018-01-30,248.6728057861328
2018-01-31,248.79632568359375
2018-02-01,248.51390075683594
2018-02-02,243.10379028320312
2018-02-05,232.9365692138672
2018-02-06,237.52593994140625
2018-02-07,236.23744201660156
2018-02-08,227.37640380859375
2018-02-09,230.79197692871094
2018-02-12,234.18093872070312
2018-02-13,234.76353454589844
2018-02-14,237.93190002441406
2018-02-15,240.9679412841797
2018-02-16,241.0385284423828
2018-02-20,239.5293731689453
2018-02-21,238.3379364013672
2018-02-22,238.6468048095703
2018-02-23,242.45065307617188
2018-02-26,245.26602172851562
2018-02-27,242.20350646972656
2018-02-28,239.75001525878906
2018-03-01,236.26382446289062
2018-03-02,237.4818572998047
2018-03-05,240.2266082763672
2018-03-06,240.8356170654297
2018-03-07,240.74732971191406
2018-03-08,241.9123992919922
2018-03-09,246.12216186523438
2018-03-12,245.8132781982422
2018-03-13,244.22462463378906
2018-03-14,242.97137451171875
2018-03-15,242.7066650390625
2018-03-16,242.96983337402344
2018-03-19,239.682373046875
2018-03-20,240.0900115966797
2018-03-21,239.6291961669922
2018-03-22,233.63914489746094
2018-03-23,228.6592254638672
2018-03-26,234.9150848388672
2018-03-27,230.91879272460938
2018-03-28,230.2364959716797
2018-03-29,233.1783447265625
2018-04-02,228.145263671875
2018-04-03,231.0694580078125
2018-04-04,233.5417022705078
2018-04-05,235.38475036621094
2018-04-06,230.1390380859375
2018-04-09,231.2732391357422
2018-04-10,234.9505615234375
2018-04-11,233.71888732910156
2018-04-12,235.64169311523438
2018-04-13,234.9505615234375
2018-04-16,236.8822479248047
2018-04-17,239.41651916503906
2018-04-18,239.5937957763672
2018-04-19,238.26463317871094
2018-04-20,236.24427795410156
2018-04-23,236.20880126953125
2018-04-24,233.02777099609375
2018-04-25,233.60369873046875
2018-04-26,235.97840881347656
2018-04-27,236.20001220703125
2018-04-30,234.3834686279297
2018-05-01,234.79991149902344
2018-05-02,233.22265625
2018-05-03,232.70875549316406
2018-05-04,235.721435546875
2018-05-07,236.51898193359375
2018-05-08,236.51898193359375
2018-05-09,238.80511474609375
2018-05-10,241.03802490234375
2018-05-11,241.77359008789062
2018-05-14,241.88876342773438
2018-05-15,240.222900390625
2018-05-16,241.23306274414062
2018-05-17,241.02923583984375
2018-05-18,240.42669677734375
2018-05-21,242.2343292236328
2018-05-22,241.56082153320312
2018-05-23,242.2255096435547
2018-05-24,241.72927856445312
2018-05-25,241.15322875976562
2018-05-29,238.37977600097656
2018-05-30,241.56082153320312
2018-05-31,240.08111572265625
2018-06-01,242.4381561279297
2018-06-04,243.59011840820312
2018-06-05,243.767333984375
2018-06-06,245.8052978515625
2018-06-07,245.7787628173828
2018-06-08,246.50535583496094
2018-06-11,246.83323669433594
2018-06-12,247.15220642089844
2018-06-13,246.3635711669922
2018-06-14,246.98390197753906
2018-06-15,246.66880798339844
2018-06-18,246.16139221191406
2018-06-19,245.21791076660156
2018-06-20,245.63632202148438
2018-06-21,244.09637451171875
2018-06-22,244.54144287109375
2018-06-25,241.2125244140625
2018-06-26,241.7466278076172
2018-06-27,239.74392700195312
2018-06-28,241.11465454101562
2018-06-29,241.46182250976562
2018-07-02,241.97802734375
2018-07-03,241.1235809326172
2018-07-05,243.09059143066406
2018-07-06,245.14675903320312
2018-07-09,247.3540802001953
2018-07-10,248.24423217773438
2018-07-11,246.42849731445312
2018-07-12,248.6625518798828
2018-07-13,248.8582763671875
2018-07-16,248.6358642578125
2018-07-17,249.6416015625
2018-07-18,250.16676330566406
2018-07-19,249.22332763671875
2018-07-20,248.93849182128906
2018-07-23,249.40139770507812
2018-07-24,250.65628051757812
2018-07-25,252.7925567626953
2018-07-26,252.19622802734375
2018-07-27,250.4872283935547
2018-07-30,249.17881774902344
2018-07-31,250.40713500976562
2018-08-01,249.98878479003906
2018-08-02,251.35061645507812
2018-08-03,252.42764282226562
2018-08-06,253.35328674316406
2018-08-07,254.18997192382812
2018-08-08,254.0832061767578
2018-08-09,253.73605346679688
2018-08-10,252.03599548339844
2018-08-13,251.09249877929688
2018-08-14,252.69459533691406
2018-08-15,250.80758666992188
2018-08-16,252.83706665039062
2018-08-17,253.72718811035156
2018-08-20,254.2701416015625
2018-08-21,254.866455078125
2018-08-22,254.7151336669922
2018-08-23,254.37701416015625
2018-08-24,255.9077911376953
2018-08-27,257.92828369140625
2018-08-28,258.052978515625
2018-08-29,259.4415283203125
2018-08-30,258.39111328125
2018-08-31,258.4000549316406
2018-09-04,257.9549560546875
2018-09-05,257.26068115234375
2018-09-06,256.48638916015625
2018-09-07,255.98800659179688
2018-09-10,256.4329528808594
2018-09-11,257.2785339355469
2018-09-12,257.3408203125
2018-09-13,258.86297607421875
2018-09-14,258.9073791503906
2018-09-17,257.5366516113281
2018-09-18,258.9341735839844
2018-09-19,259.2099609375
2018-09-20,261.3106994628906
2018-09-21,261.0719299316406
2018-09-24,260.2045593261719
2018-09-25,259.9632263183594
2018-09-26,259.1853332519531
2018-09-27,259.9096374511719
2018-09-28,259.93634033203125
2018-10-01,260.8393859863281
2018-10-02,260.6874084472656
2018-10-03,260.83056640625
2018-10-04,258.7919921875
2018-10-05,257.3434753417969
2018-10-08,257.3434753417969
2018-10-09,256.9679870605469
2018-10-10,248.83143615722656
2018-10-11,243.35067749023438
2018-10-12,246.73037719726562
2018-10-15,245.34445190429688
2018-10-16,250.70909118652344
2018-10-17,250.7538604736328
2018-10-18,247.13267517089844
2018-10-19,246.99853515625
2018-10-22,245.889892578125
2018-10-23,244.63812255859375
2018-10-24,237.22593688964844
2018-10-25,241.48191833496094
2018-10-26,237.23480224609375
2018-10-29,235.92050170898438
2018-10-30,239.41647338867188
2018-10-31,241.97372436523438
2018-11-01,244.54873657226562
2018-11-02,243.10035705566406
2018-11-05,244.44143676757812
2018-11-06,245.9882354736328
2018-11-07,251.2545623779297
2018-11-08,250.79861450195312
2018-11-09,248.3487091064453
2018-11-12,243.70822143554688
2018-11-13,243.25225830078125
2018-11-14,241.5891876220703
2018-11-15,244.110595703125
2018-11-16,244.7454071044922
2018-11-19,240.6056671142578
2018-11-20,236.15296936035156
2018-11-21,236.9577178955078
2018-11-23,235.3750762939453
2018-11-26,239.175048828125
2018-11-27,239.97987365722656
2018-11-28,245.50540161132812
2018-11-29,244.96897888183594
2018-11-30,246.46212768554688
2018-12-03,249.72560119628906
2018-12-04,241.63400268554688
2018-12-06,241.267333984375
2018-12-07,235.66127014160156
2018-12-10,236.1082763671875
2018-12-11,236.16192626953125
2018-12-12,237.35113525390625
2018-12-13,237.27066040039062
2018-12-14,232.8895263671875
2018-12-17,228.32058715820312
2018-12-18,228.07022094726562
2018-12-19,224.6547088623047
2018-12-20,220.997802734375
2018-12-21,216.4696807861328
2018-12-24,210.74989318847656
2018-12-26,221.3979949951172
2018-12-27,223.09771728515625
2018-12-28,222.80995178222656
2018-12-31,224.76150512695312
2019-01-02,224.99530029296875
2019-01-03,219.6262969970703
2019-01-04,226.98284912109375
2019-01-07,228.7725067138672
2019-01-08,230.92193603515625
2019-01-09,232.00115966796875
2019-01-10,232.81956481933594
2019-01-11,232.90948486328125
2019-01-14,231.48851013183594
2019-01-15,234.1415557861328
2019-01-16,234.70811462402344
2019-01-17,236.48878479003906
2019-01-18,239.6365203857422
2019-01-22,236.39883422851562
2019-01-23,236.8935546875
2019-01-24,237.01937866210938
2019-01-25,239.02491760253906
2019-01-28,237.20823669433594
2019-01-29,236.8935546875
2019-01-30,240.64373779296875
2019-01-31,242.7572021484375
2019-02-01,242.8740234375
2019-02-04,244.582763671875
2019-02-05,245.60806274414062
2019-02-06,245.28433227539062
2019-02-07,242.94602966308594
2019-02-08,243.24281311035156
2019-02-11,243.3777313232422
2019-02-12,246.5073699951172
2019-02-13,247.3077392578125
2019-02-14,246.7592010498047
2019-02-15,249.4481658935547
2019-02-19,249.87989807128906
2019-02-20,250.3834991455078
2019-02-21,249.49319458007812
2019-02-22,251.0400848388672
2019-02-25,251.38172912597656
2019-02-26,251.20193481445312
2019-02-27,251.09397888183594
2019-02-28,250.6263427734375
2019-03-01,252.1912078857422
2019-03-04,251.27389526367188
2019-03-05,250.93212890625
2019-03-06,249.41220092773438
2019-03-07,247.32579040527344
2019-03-08,246.8311309814453
2019-03-11,250.4104766845703
2019-03-12,251.35467529296875
2019-03-13,253.0185546875
2019-03-14,252.856689453125
2019-03-15,254.10592651367188
2019-03-18,255.0272674560547
2019-03-19,255.09043884277344
2019-03-20,254.32269287109375
2019-03-21,257.19525146484375
2019-03-22,252.24508666992188
2019-03-25,252.05543518066406
2019-03-26,253.9344024658203
2019-03-27,252.6064910888672
2019-03-28,253.56393432617188
2019-03-29,255.16278076171875
2019-04-01,258.18890380859375
2019-04-02,258.3152770996094
2019-04-03,258.7218017578125
2019-04-04,259.40826416015625
2019-04-05,260.66387939453125
2019-04-08,260.86260986328125
2019-04-09,259.5257568359375
2019-04-10,260.4109191894531
2019-04-11,260.3387145996094
2019-04-12,262.10009765625
2019-04-15,261.92840576171875
2019-04-16,262.10009765625
2019-04-17,261.458740234375
2019-04-18,261.9736022949219
2019-04-22,262.199462890625
2019-04-23,264.5570983886719
2019-04-24,263.969970703125
2019-04-25,263.80731201171875
2019-04-26,265.0357360839844
2019-04-29,265.4512634277344
2019-04-30,265.5867919921875
2019-05-01,263.590576171875
2019-05-02,263.0215148925781
2019-05-03,265.5959777832031
2019-05-06,264.5028076171875
2019-05-07,260.0858154296875
2019-05-08,259.72442626953125
2019-05-09,258.9386291503906
2019-05-10,260.2392883300781
2019-05-13,253.6993865966797
2019-05-14,255.993896484375
2019-05-15,257.4932861328125
2019-05-16,259.8780212402344
2019-05-17,258.19781494140625
2019-05-20,256.49066162109375
2019-05-21,258.8030090332031
2019-05-22,258.0082092285156
2019-05-23,254.85574340820312
2019-05-24,255.43380737304688
2019-05-28,253.05813598632812
2019-05-29,251.35987854003906
2019-05-30,252.04644775390625
2019-05-31,248.65003967285156
2019-06-03,248.017822265625
2019-06-04,253.40139770507812
2019-06-05,255.59632873535156
2019-06-06,257.2584533691406
2019-06-07,259.832763671875
2019-06-10,261.0251770019531
2019-06-11,260.96197509765625
2019-06-12,260.5012512207031
2019-06-13,261.576171875
2019-06-14,261.287109375
2019-06-17,261.38653564453125
2019-06-18,264.1234436035156
2019-06-19,264.71966552734375
2019-06-20,267.2488708496094
2019-06-21,266.8603820800781
2019-06-24,266.53363037109375
2019-06-25,263.9194641113281
2019-06-26,263.6562194824219
2019-06-27,264.591064453125
2019-06-28,265.9527587890625
2019-07-01,268.36712646484375
2019-07-02,269.0660095214844
2019-07-03,271.2172546386719
2019-07-05,270.9087219238281
2019-07-08,269.42010498046875
2019-07-09,269.7559509277344
2019-07-10,271.04473876953125
2019-07-11,271.6801452636719
2019-07-12,272.8964538574219
2019-07-15,272.98724365234375
2019-07-16,272.1068115234375
2019-07-17,270.25518798828125
2019-07-18,271.2445068359375
2019-07-19,269.73773193359375
2019-07-22,270.4004211425781
2019-07-23,272.3337707519531
2019-07-24,273.6136474609375
2019-07-25,272.306640625
2019-07-26,274.1310729980469
2019-07-29,273.63177490234375
2019-07-30,272.9600830078125
2019-07-31,269.97369384765625
2019-08-01,267.622802734375
2019-08-02,265.6077575683594
2019-08-05,257.62017822265625
2019-08-06,261.23272705078125
2019-08-07,261.38702392578125
2019-08-08,266.5155029296875
2019-08-09,264.7001037597656
2019-08-12,261.4777526855469
2019-08-13,265.5442810058594
2019-08-14,257.6927185058594
2019-08-15,258.37347412109375
2019-08-16,262.1857604980469
2019-08-19,265.34454345703125
2019-08-20,263.3113098144531
2019-08-21,265.4535217285156
2019-08-22,265.3717956542969
2019-08-23,258.5551452636719
2019-08-26,261.4142150878906
2019-08-27,260.3885498046875
2019-08-28,262.2220458984375
2019-08-29,265.5714111328125
2019-08-30,265.4535217285156
2019-09-03,263.90130615234375
2019-09-04,266.89666748046875
2019-09-05,270.3277587890625
2019-09-06,270.5364990234375
2019-09-09,270.67266845703125
2019-09-10,270.6092529296875
2019-09-11,272.533447265625
2019-09-12,273.4774169921875
2019-09-13,273.2958679199219
2019-09-16,272.4517517089844
2019-09-17,273.14154052734375
2019-09-18,273.3049621582031
2019-09-19,273.286865234375
2019-09-20,271.9956359863281
2019-09-23,271.9317626953125
2019-09-24,269.7980041503906
2019-09-25,271.3938293457031
2019-09-26,270.82843017578125
2019-09-27,269.36932373046875
2019-09-30,270.6186218261719
2019-10-01,267.3997497558594
2019-10-02,262.6761169433594
2019-10-03,264.8282165527344
2019-10-04,268.4118347167969
2019-10-07,267.2537841796875
2019-10-08,263.1048278808594
2019-10-09,265.603271484375
2019-10-10,267.3997497558594
2019-10-11,270.171875
2019-10-14,269.8709716796875
2019-10-15,272.5427551269531
2019-10-16,272.1050720214844
2019-10-17,272.90740966796875
2019-10-18,271.71295166015625
2019-10-21,273.554931640625
2019-10-22,272.66131591796875
2019-10-23,273.4546203613281
2019-10-24,273.9015197753906
2019-10-25,275.0229797363281
2019-10-28,276.57318115234375
2019-10-29,276.49114990234375
2019-10-30,277.3391418457031
2019-10-31,276.6006164550781
2019-11-01,279.1630554199219
2019-11-04,280.28460693359375
2019-11-05,279.97454833984375
2019-11-06,280.03839111328125
2019-11-07,281.02325439453125
2019-11-08,281.71630859375
2019-11-11,281.1782531738281
2019-11-12,281.77093505859375
2019-11-13,281.86212158203125
2019-11-14,282.2724304199219
2019-11-15,284.3150634765625
2019-11-18,284.5248718261719
2019-11-19,284.4427185058594
2019-11-20,283.385009765625
2019-11-21,282.9290466308594
2019-11-22,283.5582275390625
2019-11-25,285.75592041015625
2019-11-26,286.4033508300781
2019-11-27,287.679931640625
2019-11-29,286.613037109375
2019-12-02,284.1783447265625
2019-12-03,282.2724304199219
2019-12-04,284.0141906738281
2019-12-05,284.5248718261719
2019-12-06,287.1236572265625
2019-12-09,286.220947265625
2019-12-10,285.9017639160156
2019-12-11,286.71337890625
2019-12-12,289.18450927734375
2019-12-13,289.3578186035156
2019-12-16,291.345703125
2019-12-17,291.40948486328125
2019-12-18,291.4278259277344
2019-12-19,292.6223449707031
2019-12-20,293.9052429199219
2019-12-23,294.3542785644531
2019-12-24,294.3634338378906
2019-12-26,295.93035888671875
2019-12-27,295.8570861816406
2019-12-30,294.2259826660156
2019-12-31,294.9407043457031
2020-01-02,297.6990051269531
2020-01-03,295.4447326660156
2020-01-06,296.5718994140625
2020-01-07,295.7378845214844
2020-01-08,297.3141784667969
2020-01-09,299.330078125
2020-01-10,298.4687194824219
2020-01-13,300.5213928222656
2020-01-14,300.06317138671875
2020-01-15,300.7413330078125
2020-01-16,303.24298095703125
2020-01-17,304.1868591308594
2020-01-21,303.5912780761719
2020-01-22,303.6278381347656
2020-01-23,303.97607421875
2020-01-24,301.2728271484375
2020-01-27,296.4435729980469
2020-01-28,299.5500793457031
2020-01-29,299.30255126953125
2020-01-30,300.2739562988281
2020-01-31,294.8216552734375
2020-02-03,297.0116271972656
2020-02-04,301.5386047363281
2020-02-05,305.020751953125
2020-02-06,306.04705810546875
2020-02-07,304.416015625
2020-02-10,306.6885070800781
2020-02-11,307.2200622558594
2020-02-12,309.1992492675781
2020-02-13,308.86944580078125
2020-02-14,309.3642883300781
2020-02-18,308.5670471191406
2020-02-19,310.04241943359375
2020-02-20,308.7686462402344
2020-02-21,305.5888671875
2020-02-24,295.4539489746094
2020-02-25,286.50103759765625
2020-02-26,285.44720458984375
2020-02-27,272.6273193359375
2020-02-28,271.4818420410156
2020-03-02,283.2388000488281
2020-03-03,275.1289367675781
2020-03-04,286.69342041015625
2020-03-05,277.1632995605469
2020-03-06,272.5814208984375
2020-03-09,251.2943115234375
2020-03-10,264.2975769042969
2020-03-11,251.4134521484375
2020-03-12,227.35891723632812
2020-03-13,246.794921875
2020-03-16,219.78976440429688
2020-03-17,231.6566619873047
2020-03-18,219.92723083496094
2020-03-19,220.39456176757812
2020-03-20,210.89682006835938
2020-03-23,205.5045928955078
2020-03-24,224.12391662597656
2020-03-25,227.47911071777344
2020-03-26,240.7616729736328
2020-03-27,233.59036254882812
2020-03-30,241.17640686035156
2020-03-31,237.58154296875
2020-04-01,226.88922119140625
2020-04-02,232.124755859375
2020-04-03,228.76956176757812
2020-04-06,244.1351776123047
2020-04-07,244.38409423828125
2020-04-08,252.58763122558594
2020-04-09,256.431396484375
2020-04-13,254.09019470214844
2020-04-14,261.583984375
2020-04-15,256.0259094238281
2020-04-16,257.26092529296875
2020-04-17,264.2110290527344
2020-04-20,259.55609130859375
2020-04-21,251.6751251220703
2020-04-22,257.26092529296875
2020-04-23,257.24249267578125
2020-04-24,260.828125
2020-04-27,264.58892822265625
2020-04-28,263.3722229003906
2020-04-29,270.2668762207031
2020-04-30,267.7504577636719
2020-05-01,260.6622619628906
2020-05-04,261.38116455078125
2020-05-05,263.7961730957031
2020-05-06,262.0080261230469
2020-05-07,265.1696472167969
2020-05-08,269.55712890625
2020-05-11,269.6123962402344
2020-05-12,264.2386779785156
2020-05-13,259.5653381347656
2020-05-14,262.6716613769531
2020-05-15,263.8791809082031
2020-05-18,271.916748046875
2020-05-19,269.1239318847656
2020-05-20,273.69573974609375
2020-05-21,271.8061828613281
2020-05-22,272.3223571777344
2020-05-26,275.67755126953125
2020-05-27,279.77935791015625
2020-05-28,279.26318359375
2020-05-29,280.5075988769531
2020-06-01,281.6413269042969
2020-06-02,283.97332763671875
2020-06-03,287.7525329589844
2020-06-04,286.9966735839844
2020-06-05,294.3523254394531
2020-06-08,297.9102478027344
2020-06-09,295.68878173828125
2020-06-10,294.0389099121094
2020-06-11,277.0878601074219
2020-06-12,280.4060974121094
2020-06-15,283.0239562988281
2020-06-16,288.4714660644531
2020-06-17,287.2732238769531
2020-06-18,287.3837890625
2020-06-19,285.7414245605469
2020-06-22,287.5744934082031
2020-06-23,288.89837646484375
2020-06-24,281.5289611816406
2020-06-25,284.5471496582031
2020-06-26,277.7886962890625
2020-06-29,281.87158203125
2020-06-30,285.48223876953125
2020-07-01,287.48199462890625
2020-07-02,289.0650939941406
2020-07-06,293.52752685546875
2020-07-07,290.50006103515625
2020-07-08,292.7220153808594
2020-07-09,291.0555725097656
2020-07-10,294.0274658203125
2020-07-13,291.4814147949219
2020-07-14,295.2586975097656
2020-07-15,297.9713439941406
2020-07-16,296.989990234375
2020-07-17,297.85107421875
2020-07-20,300.258056640625
2020-07-21,300.89691162109375
2020-07-22,302.6097106933594
2020-07-23,298.99896240234375
2020-07-24,297.0733642578125
2020-07-27,299.2396545410156
2020-07-28,297.3418884277344
2020-07-29,300.9986572265625
2020-07-30,299.9247741699219
2020-07-31,302.2948303222656
2020-08-03,304.39654541015625
2020-08-04,305.57232666015625
2020-08-05,307.4701232910156
2020-08-06,309.5254211425781
2020-08-07,309.74761962890625
2020-08-10,310.6734924316406
2020-08-11,308.10894775390625
2020-08-12,312.40472412109375
2020-08-13,311.83990478515625
2020-08-14,311.84918212890625
2020-08-17,312.83984375
2020-08-18,313.5157165527344
2020-08-19,312.2103271484375
2020-08-20,313.182373046875
2020-08-21,314.2933654785156
2020-08-24,317.47821044921875
2020-08-25,318.589111328125
2020-08-26,321.7832336425781
2020-08-27,322.48675537109375
2020-08-28,324.5697937011719
2020-08-31,323.3940124511719
2020-09-01,326.4399719238281
2020-09-02,331.1615905761719
2020-09-03,319.764892578125
2020-09-04,317.1541442871094
2020-09-08,308.48846435546875
2020-09-09,314.5803527832031
2020-09-10,309.1180419921875
2020-09-11,309.2755126953125
2020-09-14,313.3489685058594
2020-09-15,314.9320983886719
2020-09-16,313.68231201171875
2020-09-17,310.9233703613281
2020-09-18,307.3438415527344
2020-09-21,303.92327880859375
2020-09-22,307.01849365234375
2020-09-23,299.8984069824219
2020-09-24,300.6977844238281
2020-09-25,305.5592346191406
2020-09-28,310.63433837890625
2020-09-29,308.94256591796875
2020-09-30,311.28497314453125
2020-10-01,313.2834167480469
2020-10-02,310.3089904785156
2020-10-05,315.81182861328125
2020-10-06,311.3221435546875
2020-10-07,316.7412414550781
2020-10-08,319.54833984375
2020-10-09,322.4019775390625
2020-10-12,327.5886535644531
2020-10-13,325.4508056640625
2020-10-14,323.4058837890625
2020-10-15,323.0061950683594
2020-10-16,322.8109436035156
2020-10-19,317.90313720703125
2020-10-20,319.1765441894531
2020-10-21,318.57244873046875
2020-10-22,320.31982421875
2020-10-23,321.40740966796875
2020-10-26,315.4678649902344
2020-10-27,314.3802795410156
2020-10-28,303.6351013183594
2020-10-29,306.72100830078125
2020-10-30,303.5235900878906
2020-11-02,306.9255676269531
2020-11-03,312.3446044921875
2020-11-04,319.3252868652344
2020-11-05,325.5529479980469
2020-11-06,325.4786376953125
2020-11-09,329.5685729980469
2020-11-10,329.08514404296875
2020-11-11,331.5298156738281
2020-11-12,328.3136901855469
2020-11-13,332.8589782714844
2020-11-16,337.0138854980469
2020-11-17,335.2013244628906
2020-11-18,331.167236328125
2020-11-19,332.56158447265625
2020-11-20,330.2841796875
2020-11-23,332.2640686035156
2020-11-24,337.61810302734375
2020-11-25,337.0976257324219
2020-11-27,338.0364074707031
2020-11-30,336.5398864746094
2020-12-01,340.2207946777344
2020-12-02,340.9365234375
2020-12-03,340.8435363769531
2020-12-04,343.7807922363281
2020-12-07,343.0743713378906
2020-12-08,344.0782165527344
2020-12-09,340.99224853515625
2020-12-10,340.8807067871094
2020-12-11,340.48095703125
2020-12-14,338.95660400390625
2020-12-15,343.5390930175781
2020-12-16,344.0782165527344
2020-12-17,346.00225830078125
2020-12-18,344.62078857421875
2020-12-21,343.38861083984375
2020-12-22,342.8098449707031
2020-12-23,343.1179504394531
2020-12-24,344.4527893066406
2020-12-28,347.4119567871094
2020-12-29,346.74908447265625
2020-12-30,347.2438659667969
2020-12-31,349.0081481933594
2021-01-04,344.2567443847656
2021-01-05,346.6277770996094
2021-01-06,348.7000732421875
2021-01-07,353.8808898925781
2021-01-08,355.89715576171875
2021-01-11,353.4981994628906
2021-01-12,353.5728454589844
2021-01-13,354.52496337890625
2021-01-14,353.283447265625
2021-01-15,350.7070007324219
2021-01-19,353.46075439453125
2021-01-20,358.352294921875
2021-01-21,358.678955078125
2021-01-22,357.4095153808594
2021-01-25,358.81903076171875
2021-01-26,358.2589111328125
2021-01-27,349.50286865234375
2021-01-28,352.5086975097656
2021-01-29,345.4515380859375
2021-02-01,351.2018737792969
2021-02-02,356.16790771484375
2021-02-03,356.447998046875
2021-02-04,360.49920654296875
2021-02-05,361.9180908203125
2021-02-08,364.5318298339844
2021-02-09,364.2890930175781
2021-02-10,364.1304626464844
2021-02-11,364.718505859375
2021-02-12,366.5201416015625
2021-02-16,366.2027282714844
2021-02-17,366.28680419921875
2021-02-18,364.7278747558594
2021-02-19,364.0838317871094
2021-02-22,361.2833251953125
2021-02-23,361.7220458984375
2021-02-24,365.7080383300781
2021-02-25,356.8959655761719
2021-02-26,355.0570373535156
2021-03-01,363.6636962890625
2021-03-02,360.82598876953125
2021-03-03,356.0465393066406
2021-03-04,351.6405334472656
2021-03-05,358.1095275878906
2021-03-08,356.3265686035156
2021-03-09,361.4140625
2021-03-10,363.6636962890625
2021-03-11,367.35089111328125
2021-03-12,367.8456726074219
2021-03-15,370.0392761230469
2021-03-16,369.5726318359375
2021-03-17,370.83282470703125
2021-03-18,365.43731689453125
2021-03-19,364.7611389160156
2021-03-22,367.6737365722656
2021-03-23,364.7798767089844
2021-03-24,362.9255065917969
2021-03-25,364.9671630859375
2021-03-26,370.8486022949219
2021-03-29,370.6612548828125
2021-03-30,369.67791748046875
2021-03-31,371.17645263671875
2021-04-01,375.18475341796875
2021-04-05,380.5698547363281
2021-04-06,380.3450622558594
2021-04-07,380.78521728515625
2021-04-08,382.5927734375
2021-04-09,385.3742370605469
2021-04-12,385.5147705078125
2021-04-13,386.6572570800781
2021-04-14,385.3367614746094
2021-04-15,389.4762878417969
2021-04-16,390.77801513671875
2021-04-19,388.85809326171875
2021-04-20,386.0111083984375
2021-04-21,389.66357421875
2021-04-22,386.1046447753906
2021-04-23,390.29107666015625
2021-04-26,391.10577392578125
2021-04-27,391.0215759277344
2021-04-28,390.90911865234375
2021-04-29,393.40032958984375
2021-04-30,390.8155517578125
2021-05-03,391.65850830078125
2021-05-04,389.2420959472656
2021-05-05,389.36395263671875
2021-05-06,392.4731750488281
2021-05-07,395.32965087890625
2021-05-10,391.4148254394531
2021-05-11,387.921630859375
2021-05-12,379.6801452636719
2021-05-13,384.2410583496094
2021-05-14,390.1412048339844
2021-05-17,389.1485290527344
2021-05-18,385.79571533203125
2021-05-19,384.7842102050781
2021-05-20,388.9237060546875
2021-05-21,388.60528564453125
2021-05-24,392.5668029785156
2021-05-25,391.69586181640625
2021-05-26,392.4731750488281
2021-05-27,392.67919921875
2021-05-28,393.3815612792969
2021-06-01,393.03509521484375
2021-06-02,393.6532287597656
2021-06-03,392.19219970703125
2021-06-04,395.7790832519531
2021-06-07,395.3951416015625
2021-06-08,395.4794006347656
2021-06-09,394.88946533203125
2021-06-10,396.7250061035156
2021-06-11,397.3805847167969
2021-06-14,398.2703552246094
2021-06-15,397.53985595703125
2021-06-16,395.3202209472656
2021-06-17,395.1891174316406
2021-06-18,389.8578796386719
2021-06-21,395.4391174316406
2021-06-22,397.55316162109375
2021-06-23,397.0739440917969
2021-06-24,399.4229431152344
2021-06-25,400.84173583984375
2021-06-28,401.6497802734375
2021-06-29,401.8659362792969
2021-06-30,402.2041320800781
2021-07-01,404.4309997558594
2021-07-02,407.5223083496094
2021-07-06,406.7799987792969
2021-07-07,408.2175598144531
2021-07-08,404.89141845703125
2021-07-09,409.2135009765625
2021-07-12,410.6792907714844
2021-07-13,409.27935791015625
2021-07-14,409.8901062011719
2021-07-15,408.4900817871094
2021-07-16,405.2860107421875
2021-07-19,399.30084228515625
2021-07-20,405.0229187011719
2021-07-21,408.30218505859375
2021-07-22,409.1571044921875
2021-07-23,413.3665771484375
2021-07-26,414.3813781738281
2021-07-27,412.4927673339844
2021-07-28,412.32366943359375
2021-07-29,414.03369140625
2021-07-30,412.02294921875
2021-08-02,411.1585693359375
2021-08-03,414.50341796875
2021-08-04,412.46453857421875
2021-08-05,415.0766906738281
2021-08-06,415.7625732421875
2021-08-09,415.42431640625
2021-08-10,415.9410705566406
2021-08-11,416.9745788574219
2021-08-12,418.2242431640625
2021-08-13,418.9853820800781
2021-08-16,419.9719543457031
2021-08-17,417.2188720703125
2021-08-18,412.65252685546875
2021-08-19,413.2914123535156
2021-08-20,416.5799865722656
2021-08-23,420.2445068359375
2021-08-24,420.91156005859375
2021-08-25,421.7947692871094
2021-08-26,419.30487060546875
2021-08-27,423.0538024902344
2021-08-30,424.9142150878906
2021-08-31,424.28466796875
2021-09-01,424.5102233886719
2021-09-02,425.8162536621094
2021-09-03,425.7128601074219
2021-09-07,424.1907958984375
2021-09-08,423.6739501953125
2021-09-09,421.8605651855469
2021-09-10,418.53436279296875
2021-09-13,419.60546875
2021-09-14,417.341064453125
2021-09-15,420.8270263671875
2021-09-16,420.1598815917969
2021-09-17,416.06707763671875
2021-09-20,409.1294860839844
2021-09-21,408.7430114746094
2021-09-22,412.7302551269531
2021-09-23,417.7450256347656
2021-09-24,418.4330749511719
2021-09-27,417.23602294921875
2021-09-28,408.8279113769531
2021-09-29,409.5158996582031
2021-09-30,404.5107116699219
2021-10-01,409.3180236816406
2021-10-04,404.0394287109375
2021-10-05,408.2434387207031
2021-10-06,409.9401550292969
2021-10-07,413.4843444824219
2021-10-08,412.7302551269531
2021-10-11,409.7422180175781
2021-10-12,408.73358154296875
2021-10-13,410.2040100097656
2021-10-14,417.1039123535156
2021-10-15,420.2805480957031
2021-10-18,421.5247802734375
2021-10-19,424.7768249511719
2021-10-20,426.4451599121094
2021-10-21,427.5574035644531
2021-10-22,427.1144104003906
2021-10-25,429.4049987792969
2021-10-26,429.7914123535156
2021-10-27,427.8874206542969
2021-10-28,432.0160217285156
2021-10-29,432.892578125
2021-11-01,433.6372985839844
2021-11-02,435.39056396484375
2021-11-03,438.0486755371094
2021-11-04,440.11297607421875
2021-11-05,441.6400451660156
2021-11-08,442.01702880859375
2021-11-09,440.5560302734375
2021-11-10,437.01177978515625
2021-11-11,437.1531982421875
2021-11-12,440.45233154296875
2021-11-15,440.6031494140625
2021-11-16,442.3470153808594
2021-11-17,441.2724304199219
2021-11-18,442.7712097167969
2021-11-19,441.97943115234375
2021-11-22,440.73516845703125
2021-11-23,441.31951904296875
2021-11-24,442.497802734375
2021-11-26,432.6286315917969
2021-11-29,437.93560791015625
2021-11-30,429.4143981933594
2021-12-01,424.6448059082031
2021-12-02,431.1488342285156
2021-12-03,427.3971862792969
2021-12-06,432.4590148925781
2021-12-07,441.40435791015625
2021-12-08,442.5732116699219
2021-12-09,439.5851745605469
2021-12-10,443.72314453125
2021-12-13,439.7925109863281
2021-12-14,436.7667236328125
2021-12-15,443.59124755859375
2021-12-16,439.6794128417969
2021-12-17,434.99993896484375
2021-12-20,430.3743896484375
2021-12-21,438.0174255371094
2021-12-22,442.39703369140625
2021-12-23,445.14971923828125
2021-12-27,451.4494934082031
2021-12-28,451.08056640625
2021-12-29,451.6575927734375
2021-12-30,450.40899658203125
2021-12-31,449.27386474609375
2022-01-03,451.8751525878906
2022-01-04,451.7237243652344
2022-01-05,443.0496826171875
2022-01-06,442.633544921875
2022-01-07,440.8835754394531
2022-01-10,440.3349609375
2022-01-11,444.3456726074219
2022-01-12,445.5469970703125
2022-01-13,439.40802001953125
2022-01-14,439.5876770019531
2022-01-18,431.80279541015625
2022-01-19,427.319091796875
2022-01-20,422.5895080566406
2022-01-21,414.2937927246094
2022-01-24,416.05316162109375
2022-01-25,410.97357177734375
2022-01-26,409.94256591796875
2022-01-27,407.9182434082031
2022-01-28,418.0491027832031
2022-01-31,425.57861328125
2022-02-01,428.4542236328125
2022-02-02,432.6162414550781
2022-02-03,422.4476318359375
2022-02-04,424.43408203125
2022-02-07,423.0719299316406
2022-02-08,426.5528869628906
2022-02-09,432.79595947265625
2022-02-10,425.0205383300781
2022-02-11,416.63958740234375
2022-02-14,415.2774963378906
2022-02-15,421.974609375
2022-02-16,422.4476318359375
2022-02-17,413.42352294921875
2022-02-18,410.7465515136719
2022-02-22,406.3386535644531
2022-02-23,399.1307678222656
2022-02-24,405.13726806640625
2022-02-25,414.07623291015625
2022-02-28,413.016845703125
2022-03-01,406.72650146484375
2022-03-02,414.2086486816406
2022-03-03,412.1465148925781
2022-03-04,408.7980041503906
2022-03-07,396.7469482421875
2022-03-08,393.7388916015625
2022-03-09,404.29541015625
2022-03-10,402.4697570800781
2022-03-11,397.3524169921875
2022-03-14,394.4483947753906
2022-03-15,403.12249755859375
2022-03-16,412.0614013671875
2022-03-17,417.21673583984375
2022-03-18,421.786376953125
2022-03-21,421.66302490234375
2022-03-22,426.5970458984375
2022-03-23,421.10321044921875
2022-03-24,427.4510498046875
2022-03-25,429.53851318359375
2022-03-28,432.5938415527344
2022-03-29,437.94537353515625
2022-03-30,435.24114990234375
2022-03-31,428.542236328125
2022-04-01,429.7568054199219
2022-04-04,433.43829345703125
2022-04-05,427.96337890625
2022-04-06,423.6840515136719
2022-04-07,425.8189392089844
2022-04-08,424.6803894042969
2022-04-11,417.421630859375
2022-04-12,415.87493896484375
2022-04-13,420.6382751464844
2022-04-14,415.4005432128906
2022-04-18,415.5712890625
2022-04-19,422.27978515625
2022-04-20,421.9667053222656
2022-04-21,415.6567687988281
2022-04-22,404.25146484375
2022-04-25,406.59515380859375
2022-04-26,394.81982421875
2022-04-27,395.92999267578125
2022-04-28,405.930908203125
2022-04-29,390.92950439453125
2022-05-02,393.28265380859375
2022-05-03,395.0854797363281
2022-05-04,407.11700439453125
2022-05-05,392.6469421386719
2022-05-06,390.3033142089844
2022-05-09,377.8067932128906
2022-05-10,378.67974853515625
2022-05-11,372.6640319824219
2022-05-12,372.2749328613281
2022-05-13,381.17523193359375
2022-05-16,379.6286315917969
2022-05-17,387.4377136230469
2022-05-18,371.8194885253906
2022-05-19,369.54217529296875
2022-05-20,369.7035217285156
2022-05-23,376.6207580566406
2022-05-24,373.74566650390625
2022-05-25,377.0476989746094
2022-05-26,384.58160400390625
2022-05-27,394.02276611328125
2022-05-31,391.81195068359375
2022-06-01,388.6427917480469
2022-06-02,396.0438537597656
2022-06-03,389.5441589355469
2022-06-06,390.7302551269531
2022-06-07,394.4782409667969
2022-06-08,390.1893310546875
2022-06-09,380.9095764160156
2022-06-10,369.8648376464844
2022-06-13,355.8217468261719
2022-06-14,354.7495422363281
2022-06-15,359.80694580078125
2022-06-16,347.8988342285156
2022-06-17,348.6487731933594
2022-06-21,357.42547607421875
2022-06-22,356.7774963378906
2022-06-23,360.2748718261719
2022-06-24,371.72943115234375
2022-06-27,370.3094787597656
2022-06-28,362.7430419921875
2022-06-29,362.44757080078125
2022-06-30,359.5029296875
2022-07-01,363.30523681640625
2022-07-05,363.9913635253906
2022-07-06,365.2207336425781
2022-07-07,370.69061279296875
2022-07-08,370.3857116699219
2022-07-11,366.1545715332031
2022-07-12,362.91448974609375
2022-07-13,361.0086364746094
2022-07-14,360.1318664550781
2022-07-15,367.01226806640625
2022-07-18,363.9818420410156
2022-07-19,373.8163757324219
2022-07-20,376.19866943359375
2022-07-21,380.02960205078125
2022-07-22,376.503662109375
2022-07-25,376.96112060546875
2022-07-26,372.50128173828125
2022-07-27,382.1737976074219
2022-07-28,386.9671630859375
2022-07-29,392.608642578125
2022-08-01,391.4460144042969
2022-08-02,388.8635559082031
2022-08-03,394.9529724121094
2022-08-04,394.6860656738281
2022-08-05,394.0190124511719
2022-08-08,393.5616455078125
2022-08-09,391.9987487792969
2022-08-10,400.2322692871094
2022-08-11,400.2322692871094
2022-08-12,407.0078430175781
2022-08-15,408.6850280761719
2022-08-16,409.4855651855469
2022-08-17,406.5790100097656
2022-08-18,407.76068115234375
2022-08-19,402.28118896484375
2022-08-22,393.9046936035156
2022-08-23,392.9517517089844
2022-08-24,394.2096862792969
2022-08-25,399.7748718261719
2022-08-26,386.242919921875
2022-08-29,383.68902587890625
2022-08-30,379.4769287109375
2022-08-31,376.5894775390625
2022-09-01,377.7711486816406
2022-09-02,373.7878112792969
2022-09-06,372.3774108886719
2022-09-07,379.067138671875
2022-09-08,381.5447998046875
2022-09-09,387.4722595214844
2022-09-12,391.63665771484375
2022-09-13,374.6073303222656
2022-09-14,376.0367126464844
2022-09-15,371.76751708984375
2022-09-16,368.93133544921875
2022-09-19,371.7923889160156
2022-09-20,367.52471923828125
2022-09-21,361.11370849609375
2022-09-22,358.08038330078125
2022-09-23,352.08087158203125
2022-09-26,348.5978088378906
2022-09-27,347.70794677734375
2022-09-28,354.54949951171875
2022-09-29,347.1434020996094
2022-09-30,341.7753601074219
2022-10-03,350.7986145019531
2022-10-04,361.6686706542969
2022-10-05,360.82666015625
2022-10-06,357.10443115234375
2022-10-07,347.1434020996094
2022-10-10,344.49285888671875
2022-10-11,342.3111877441406
2022-10-12,341.18206787109375
2022-10-13,350.1862487792969
2022-10-14,342.2059326171875
2022-10-17,350.9996032714844
2022-10-18,355.1236572265625
2022-10-19,352.60711669921875
2022-10-20,349.650390625
2022-10-21,358.1473693847656
2022-10-24,362.5298156738281
2022-10-25,368.31890869140625
2022-10-26,365.54400634765625
2022-10-27,363.5920104980469
2022-10-28,372.2420654296875
2022-10-31,369.5533142089844
2022-11-01,367.9361877441406
2022-11-02,358.70233154296875
2022-11-03,355.00885009765625
2022-11-04,360.1185607910156
2022-11-07,363.5632629394531
2022-11-08,365.5248718261719
2022-11-09,357.9942932128906
2022-11-10,377.66754150390625
2022-11-11,381.3229064941406
2022-11-14,378.07904052734375
2022-11-15,381.3037414550781
2022-11-16,378.394775390625
2022-11-17,377.2369384765625
2022-11-18,378.9497985839844
2022-11-21,377.57183837890625
2022-11-22,382.65283203125
2022-11-23,385.064208984375
2022-11-25,384.9780578613281
2022-11-28,378.8349304199219
2022-11-29,378.1842956542969
2022-11-30,390.0973205566406
2022-12-01,389.810302734375
2022-12-02,389.360595703125
2022-12-05,382.3562316894531
2022-12-06,376.8446350097656
2022-12-07,376.2035827636719
2022-12-08,379.1507568359375
2022-12-09,376.318359375
2022-12-12,381.7437744140625
2022-12-13,384.6335754394531
2022-12-14,382.1744079589844
2022-12-15,372.8257751464844
2022-12-16,368.4241638183594
2022-12-19,365.3000183105469
2022-12-20,365.7998962402344
2022-12-21,371.2695617675781
2022-12-22,365.97296142578125
2022-12-23,368.07806396484375
2022-12-27,366.6265563964844
2022-12-28,362.07025146484375
2022-12-29,368.5876159667969
2022-12-30,367.61676025390625
2023-01-03,366.069091796875
2023-01-04,368.8952331542969
2023-01-05,364.684814453125
2023-01-06,373.0478210449219
2023-01-09,372.83636474609375
2023-01-10,375.4510192871094
2023-01-11,380.1996154785156
2023-01-12,381.5838317871094
2023-01-13,383.06427001953125
2023-01-17,382.36248779296875
2023-01-18,376.3258361816406
2023-01-19,373.586181640625
2023-01-20,380.5457458496094
2023-01-23,385.1116638183594
2023-01-24,384.6983947753906
2023-01-25,384.8426208496094
2023-01-26,389.0721435546875
2023-01-27,389.96612548828125
2023-01-30,385.07330322265625
2023-01-31,390.7351989746094
2023-02-01,394.8877868652344
2023-02-02,400.6361999511719
2023-02-03,396.37774658203125
2023-02-06,393.95538330078125
2023-02-07,399.10772705078125
2023-02-08,394.74365234375
2023-02-09,391.32147216796875
2023-02-10,392.2347412109375
2023-02-13,396.8390808105469
2023-02-14,396.65655517578125
2023-02-15,397.9446716308594
2023-02-16,392.46539306640625
2023-02-17,391.4849548339844
2023-02-21,383.6313781738281
2023-02-22,383.1026916503906
2023-02-23,385.1405944824219
2023-02-24,381.0263671875
2023-02-27,382.3240661621094
2023-02-28,380.9110107421875
2023-03-01,379.44989013671875
2023-03-02,382.4009094238281
2023-03-03,388.5339050292969
2023-03-06,388.8030090332031
2023-03-07,382.8431396484375
2023-03-08,383.4679260253906
2023-03-09,376.39306640625
2023-03-10,370.9619140625
2023-03-13,370.4331970214844
2023-03-14,376.556396484375
2023-03-15,374.2014465332031
2023-03-16,380.76678466796875
2023-03-17,376.31463623046875
2023-03-20,379.93310546875
2023-03-21,384.9218444824219
2023-03-22,378.3602600097656
2023-03-23,379.3830871582031
2023-03-24,381.8726501464844
2023-03-27,382.5866394042969
2023-03-28,381.72796630859375
2023-03-29,387.2762756347656
2023-03-30,389.5438537597656
2023-03-31,395.0343017578125
2023-04-03,396.5396728515625
2023-04-04,394.3396301269531
2023-04-05,393.30712890625
2023-04-06,394.84136962890625
2023-04-10,395.2466125488281
2023-04-11,395.3527526855469
2023-04-12,393.7413635253906
2023-04-13,398.9712829589844
2023-04-14,397.9967346191406
2023-04-17,399.4248046875
2023-04-18,399.6852722167969
2023-04-19,399.61773681640625
2023-04-20,397.4369812011719
2023-04-21,397.745849609375
2023-04-24,398.1606750488281
2023-04-25,391.84039306640625
2023-04-26,390.1806945800781
2023-04-27,397.9484558105469
2023-04-28,401.3450012207031
2023-05-01,400.9397277832031
2023-05-02,396.43353271484375
2023-05-03,393.71240234375
2023-05-04,390.9237060546875
2023-05-05,398.1606750488281
2023-05-08,398.2668762207031
2023-05-09,396.5203552246094
2023-05-10,398.3730163574219
2023-05-11,397.67828369140625
2023-05-12,397.15716552734375
2023-05-15,398.52740478515625
2023-05-16,395.86419677734375
2023-05-17,400.6695861816406
2023-05-18,404.5293273925781
2023-05-19,403.9406433105469
2023-05-22,404.1047668457031
2023-05-23,399.5694885253906
2023-05-24,396.6747131347656
2023-05-25,400.10992431640625
2023-05-26,405.2915954589844
2023-05-30,405.4460144042969
2023-05-31,403.19769287109375
2023-06-01,407.0285339355469
2023-06-02,412.91461181640625
2023-06-05,412.12335205078125
2023-06-06,413.02069091796875
2023-06-07,411.5926208496094
2023-06-08,414.0821533203125
2023-06-09,414.82513427734375
2023-06-12,418.58837890625
2023-06-13,421.3481140136719
2023-06-14,421.8498229980469
2023-06-15,427.0797119140625
2023-06-16,425.6250305175781
2023-06-20,423.4168701171875
2023-06-21,421.24737548828125
2023-06-22,422.7679138183594
2023-06-23,419.5718688964844
2023-06-26,417.8575744628906
2023-06-27,422.4386291503906
2023-06-28,422.65179443359375
2023-06-29,424.3175964355469
2023-06-30,429.3247985839844
2023-07-03,429.81878662109375
2023-07-05,429.1795654296875
2023-07-06,425.8188171386719
2023-07-07,424.7437438964844
2023-07-10,425.8188171386719
2023-07-11,428.5306701660156
2023-07-12,431.97857666015625
2023-07-13,435.40716552734375
2023-07-14,435.1358947753906
2023-07-17,436.6468200683594
2023-07-18,439.891357421875
2023-07-19,440.8695373535156
2023-07-20,437.9446105957031
2023-07-21,437.9446105957031
2023-07-24,439.90106201171875
2023-07-25,441.1020202636719
2023-07-26,441.1698303222656
2023-07-27,438.2449035644531
2023-07-28,442.5354309082031
2023-07-31,443.3780212402344
2023-08-01,442.1092529296875
2023-08-02,435.95916748046875
2023-08-03,434.7098083496094
2023-08-04,432.74365234375
2023-08-07,436.52093505859375
2023-08-08,434.62261962890625
2023-08-09,431.717041015625
2023-08-10,431.8719482421875
2023-08-11,431.6202392578125
2023-08-14,434.0027160644531
2023-08-15,428.9471130371094
2023-08-16,425.7994384765625
2023-08-17,422.5549011230469
2023-08-18,422.7582092285156
2023-08-21,425.50885009765625
2023-08-22,424.3563232421875
2023-08-23,429.08270263671875
2023-08-24,423.135986328125
2023-08-25,426.1190185546875
2023-08-28,428.82122802734375
2023-08-29,435.01971435546875
2023-08-30,436.8115234375
2023-08-31,436.17230224609375
2023-09-01,436.9858093261719
2023-09-05,435.0971984863281
2023-09-06,432.17230224609375
2023-09-07,430.84539794921875
2023-09-08,431.4942626953125
2023-09-11,434.3320617675781
2023-09-12,431.9495544433594
2023-09-13,432.4531555175781
2023-09-14,436.1819763183594
2023-09-15,430.92669677734375
2023-09-18,431.1793212890625
2023-09-19,430.2851867675781
2023-09-20,426.3294677734375
2023-09-21,419.2829284667969
2023-09-22,418.34014892578125
2023-09-25,420.09930419921875
2023-09-26,413.927490234375
2023-09-27,414.0927734375
2023-09-28,416.4934387207031
2023-09-29,415.4826354980469
2023-10-02,415.3173828125
2023-10-03,409.7579345703125
2023-10-04,412.7417907714844
2023-10-05,412.58624267578125
2023-10-06,417.4848327636719
2023-10-09,420.1576232910156
2023-10-10,422.344482421875
2023-10-11,424.0745544433594
2023-10-12,421.4892272949219
2023-10-13,419.3898010253906
2023-10-16,423.8023681640625
2023-10-17,423.7829284667969
2023-10-18,418.135986328125
2023-10-19,414.4621276855469
2023-10-20,409.369140625
2023-10-23,408.65966796875
2023-10-24,411.74066162109375
2023-10-25,405.831298828125
2023-10-26,400.9716491699219
2023-10-27,399.1541442871094
2023-10-30,403.9263610839844
2023-10-31,406.46307373046875
2023-11-01,410.79791259765625
2023-11-02,418.6706237792969
2023-11-03,422.4902648925781
2023-11-06,423.4622497558594
2023-11-07,424.66741943359375
2023-11-08,424.9783935546875
2023-11-09,421.6641540527344
2023-11-10,428.2441711425781
2023-11-13,427.8359069824219
2023-11-14,436.13623046875
2023-11-15,437.0595703125
2023-11-16,437.5941162109375
2023-11-17,438.138427734375
2023-11-20,441.51104736328125
2023-11-21,440.5488586425781
2023-11-22,442.2497253417969
2023-11-24,442.5218505859375
2023-11-27,441.724853515625
2023-11-28,442.1622314453125
2023-11-29,441.8511962890625
2023-11-30,443.5909729003906
2023-12-01,446.2152099609375
2023-12-04,443.87286376953125
2023-12-05,443.785400390625
2023-12-06,441.9970703125
2023-12-07,445.3695983886719
2023-12-08,447.2843017578125
2023-12-11,449.02410888671875
2023-12-12,451.0748596191406
2023-12-13,457.29522705078125
2023-12-14,458.76287841796875
2023-12-15,458.0075378417969
2023-12-18,460.5838623046875
2023-12-19,463.3846435546875
2023-12-20,456.9634094238281
2023-12-21,461.2962951660156
2023-12-22,462.22332763671875
2023-12-26,464.175048828125
2023-12-27,465.01434326171875
2023-12-28,465.19000244140625
2023-12-29,463.8432922363281
2024-01-02,461.2474670410156
2024-01-03,457.4805603027344
2024-01-04,456.00701904296875
2024-01-05,456.631591796875
2024-01-08,463.15045166015625
2024-01-09,462.44781494140625
2024-01-10,465.0631103515625
2024-01-11,464.85821533203125
2024-01-12,465.1802062988281
2024-01-16,463.472412109375
2024-01-17,460.8961486816406
2024-01-18,464.9947814941406
2024-01-19,470.7915344238281
2024-01-22,471.7869567871094
2024-01-23,473.16290283203125
2024-01-24,473.6801452636719
2024-01-25,476.25640869140625
2024-01-26,475.6513671875
2024-01-29,479.41827392578125
2024-01-30,479.04742431640625
2024-01-31,471.23065185546875
2024-02-01,477.398193359375
2024-02-02,482.4239807128906
2024-02-05,480.6673889160156
2024-02-06,482.0628662109375
2024-02-07,486.08349609375
2024-02-08,486.2981872558594
2024-02-09,489.10870361328125
2024-02-12,488.89398193359375
2024-02-13,482.1604309082031
2024-02-14,486.5421142578125
2024-02-15,489.899169921875
2024-02-16,487.45947265625
2024-02-20,484.77581787109375
2024-02-21,485.2149353027344
2024-02-22,495.2566833496094
2024-02-23,495.5982360839844
2024-02-26,493.7831115722656
2024-02-27,494.700439453125
2024-02-28,494.046630859375
2024-02-29,495.82275390625
2024-03-01,500.47760009765625
2024-03-04,499.9408874511719
2024-03-05,494.9444274902344
2024-03-06,497.45245361328125
2024-03-07,502.3903503417969
2024-03-08,499.37493896484375
2024-03-11,498.945556640625
2024-03-12,504.3128967285156
2024-03-13,503.5223083496094
2024-03-14,502.5270080566406
2024-03-15,499.0763244628906
2024-03-18,502.0423889160156
2024-03-19,504.83233642578125
2024-03-20,509.501708984375
2024-03-21,511.18548583984375
2024-03-22,510.2163391113281
2024-03-25,508.80670166015625
2024-03-26,507.8669128417969
2024-03-27,512.1349487304688
2024-03-28,512.037109375
2024-04-01,511.1462097167969
2024-04-02,507.8963928222656
2024-04-03,508.4542236328125
2024-04-04,502.24798583984375
2024-04-05,507.4949035644531
2024-04-08,507.77874755859375
2024-04-09,508.3662109375
2024-04-10,503.2758483886719
2024-04-11,507.0740051269531
2024-04-12,500.0747985839844
2024-04-15,493.809814453125
2024-04-16,492.9092102050781
2024-04-17,489.9920654296875
2024-04-18,488.9837951660156
2024-04-19,484.7157287597656
2024-04-22,489.1795959472656
2024-04-23,494.9844970703125
2024-04-24,494.7495422363281
2024-04-25,492.8700256347656
2024-04-26,497.5394592285156
2024-04-29,499.3014831542969
2024-04-30,491.3919372558594
2024-05-01,489.7962951660156
2024-05-02,494.3775939941406
2024-05-03,500.50555419921875
2024-05-06,505.6741638183594
2024-05-07,506.2321472167969
2024-05-08,506.2811279296875
2024-05-09,509.1982421875
2024-05-10,509.85418701171875
2024-05-13,509.9225158691406
2024-05-14,512.26220703125
2024-05-15,518.6055908203125
2024-05-16,517.5384521484375
2024-05-17,518.2825317382812
2024-05-20,518.879638671875
2024-05-21,520.1521606445312
2024-05-22,518.6546020507812
2024-05-23,514.8661499023438
2024-05-24,518.2727661132812
2024-05-28,518.6349487304688
2024-05-29,515.0031127929688
2024-05-30,511.5867614746094
2024-05-31,516.246337890625
2024-06-03,516.6672973632812
2024-06-04,517.2449340820312
2024-06-05,523.3923950195312
2024-06-06,523.3826293945312
2024-06-07,522.7463989257812
2024-06-10,524.361572265625
2024-06-11,525.6243286132812
2024-06-12,529.9412841796875
2024-06-13,531.00830078125
2024-06-14,531.331298828125
2024-06-17,535.5601806640625
2024-06-18,536.9208374023438
2024-06-20,535.4623413085938
2024-06-21,534.7445068359375
2024-06-24,533.0061645507812
2024-06-25,535.0587768554688
2024-06-26,535.7265014648438
2024-06-27,536.5711059570312
2024-06-28,534.4596557617188
2024-07-01,535.5595703125
2024-07-02,539.1636962890625
2024-07-03,541.5698852539062
2024-07-05,544.6928100585938
2024-07-08,545.3212890625
2024-07-09,545.8516235351562
2024-07-10,551.2528686523438
2024-07-11,546.4996948242188
2024-07-12,549.9468383789062
2024-07-15,551.459228515625
2024-07-16,554.7294921875
2024-07-17,546.9514770507812
2024-07-18,542.748291015625
2024-07-19,539.14404296875
2024-07-22,544.7025756835938
2024-07-23,543.8482055664062
2024-07-24,531.5233154296875
2024-07-25,528.7538452148438
2024-07-26,534.6756591796875
2024-07-29,534.9899291992188
2024-07-30,532.279541015625
2024-07-31,540.9315185546875
2024-08-01,533.2713623046875
2024-08-02,523.3427124023438
2024-08-05,508.1011047363281
2024-08-06,512.7854614257812
2024-08-07,509.3580017089844
2024-08-08,521.133056640625
2024-08-09,523.4310302734375
2024-08-12,523.7061157226562
2024-08-13,532.3187866210938
2024-08-14,533.9981689453125
2024-08-15,543.1509399414062
2024-08-16,544.36865234375
2024-08-19,549.5736694335938
2024-08-20,548.679931640625
2024-08-21,550.5656127929688
2024-08-22,546.2444458007812
2024-08-23,552.0484008789062
2024-08-26,550.7324829101562
2024-08-27,551.4887084960938
2024-08-28,548.287109375
2024-08-29,548.336181640625
2024-08-30,553.5706787109375
2024-09-03,542.1787719726562
2024-09-04,541.0689086914062
2024-09-05,539.7529296875
2024-09-06,530.6688232421875
2024-09-09,536.6104125976562
2024-09-10,538.9476928710938
2024-09-11,544.4766845703125
2024-09-12,549.0629272460938
2024-09-13,551.9306640625
2024-09-16,552.7457275390625
2024-09-17,552.9715576171875
2024-09-18,551.33154296875
2024-09-19,560.7396240234375
2024-09-20,559.7703857421875
2024-09-23,561.169189453125
2024-09-24,562.77490234375
2024-09-25,561.53369140625
2024-09-26,563.7599487304688
2024-09-27,562.9423828125
2024-09-30,565.1981811523438
2024-10-01,560.1349487304688
2024-10-02,560.3712768554688
2024-10-03,559.3468017578125
2024-10-04,564.4298095703125
2024-10-07,559.3270874023438
2024-10-08,564.616943359375
2024-10-09,568.52783203125
2024-10-10,567.5328369140625
2024-10-11,570.9313354492188
2024-10-14,575.6005859375
2024-10-15,571.1283569335938
2024-10-16,573.6107788085938
2024-10-17,573.6599731445312
2024-10-18,575.8665771484375
2024-10-21,574.9208374023438
2024-10-22,574.615478515625
2024-10-23,569.364990234375
2024-10-24,570.596435546875
2024-10-25,570.3993530273438
2024-10-28,572.1627197265625
2024-10-29,573.0886840820312
2024-10-30,571.3549194335938
2024-10-31,560.1546630859375
2024-11-01,562.5186767578125
2024-11-04,561.30712890625
2024-11-05,568.0943603515625
2024-11-06,582.2203369140625
2024-11-07,586.72216796875
2024-11-08,589.263671875
2024-11-11,589.8251342773438
2024-11-12,587.9928588867188
2024-11-13,588.278564453125
2024-11-14,584.495849609375
2024-11-15,577.0092163085938
2024-11-18,579.3734741210938
2024-11-19,581.4913330078125
2024-11-20,581.6884155273438
2024-11-21,584.81103515625
2024-11-22,586.6236572265625
2024-11-25,588.6134643554688
2024-11-26,591.6869506835938
2024-11-27,589.89404296875
2024-11-29,593.55859375
2024-12-02,594.6224365234375
2024-12-03,594.8983154296875
2024-12-04,598.59228515625
2024-12-05,597.6072998046875
2024-12-06,598.7400512695312
2024-12-09,595.6567993164062
2024-12-10,593.8048095703125
2024-12-11,598.3953247070312
2024-12-12,595.31201171875
2024-12-13,595.1937866210938
2024-12-16,597.7352905273438
2024-12-17,595.2725830078125
2024-12-18,577.5314331054688
2024-12-19,577.3541259765625
2024-12-20,584.2886352539062
2024-12-23,587.7875366210938
2024-12-24,594.32080078125
2024-12-26,594.3603515625
2024-12-27,588.1038208007812
2024-12-30,581.392578125
2024-12-31,579.2774047851562
2025-01-02,577.854248046875
2025-01-03,585.079345703125
2025-01-06,588.4497680664062
2025-01-07,581.7979125976562
2025-01-08,582.6478271484375
2025-01-10,573.7522583007812
2025-01-13,574.6419067382812
2025-01-14,575.4326171875
2025-01-15,585.8997192382812
2025-01-16,584.7730102539062
2025-01-17,590.6439819335938
2025-01-21,596.0504760742188
2025-01-22,599.401123046875
2025-01-23,602.6727294921875
2025-01-24,600.913330078125
2025-01-27,592.4132080078125
2025-01-28,597.50341796875
2025-01-29,594.8248291015625
2025-01-30,598.017333984375
2025-01-31,594.8347778320312
2025-02-03,590.8317260742188
2025-02-04,594.7952270507812
2025-02-05,597.2068481445312
2025-02-06,599.2825317382812
2025-02-07,593.7969970703125
2025-02-10,597.8295288085938
2025-02-11,598.2842407226562
2025-02-12,596.3568725585938
2025-02-13,602.6528930664062
2025-02-14,602.6233520507812
2025-02-18,604.3925170898438
2025-02-19,605.8157958984375
2025-02-20,603.29541015625
2025-02-21,592.9765625
2025-02-24,590.2783203125
2025-02-25,587.3427734375
2025-02-26,587.63916015625
2025-02-27,578.2593383789062
2025-02-28,587.2835083007812
2025-03-03,576.9942626953125
2025-03-04,570.1644287109375
2025-03-05,576.29248046875
2025-03-06,566.0626220703125
2025-03-07,569.2352905273438
2025-03-10,554.073486328125
2025-03-11,549.4674682617188
2025-03-12,552.38330078125
2025-03-13,545.0197143554688
2025-03-14,556.2775268554688
2025-03-17,560.567138671875
2025-03-18,554.50830078125
2025-03-19,560.54736328125
2025-03-20,558.9264526367188
2025-03-21,559.1107788085938
2025-03-24,569.1236572265625
2025-03-25,570.49169921875
2025-03-26,563.6810913085938
2025-03-27,562.1841430664062
2025-03-28,550.8626708984375
2025-03-31,554.5604858398438
2025-04-01,556.1268310546875
2025-04-02,559.6461791992188
2025-04-03,532.06640625
2025-04-04,500.9176330566406
2025-04-07,500.0254211425781
2025-04-08,492.193603515625
2025-04-09,543.8834838867188
2025-04-10,520.0509643554688
2025-04-11,529.3301391601562
2025-04-14,534.4654541015625
2025-04-15,532.968505859375
2025-04-16,521.1216430664062
2025-04-17,521.8651733398438
2025-04-21,509.44342041015625
2025-04-22,522.6979370117188
2025-04-23,530.79736328125
2025-04-24,541.9701538085938
2025-04-25,545.885986328125
2025-04-28,546.0941772460938
2025-04-29,549.5342407226562
2025-04-30,549.7523193359375
2025-05-01,553.6483154296875
2025-05-02,561.8668212890625
2025-05-05,558.6448974609375
2025-05-06,553.9755249023438
2025-05-07,556.3052978515625
2025-05-08,560.1815185546875
2025-05-09,559.4677734375
2025-05-12,577.9567260742188
2025-05-13,581.7734985351562
2025-05-14,582.5170288085938
2025-05-15,585.3622436523438
2025-05-16,589.0699462890625
2025-05-19,589.7142944335938
2025-05-20,587.7315673828125
2025-05-21,577.8278198242188
2025-05-22,578.055908203125
2025-05-23,574.1101684570312
2025-05-27,586.0463256835938
2025-05-28,582.65576171875
2025-05-29,584.9557495117188
2025-05-30,584.3014526367188
2025-06-02,587.5928955078125
2025-06-03,590.943603515625
2025-06-04,590.7850341796875
2025-06-05,587.9298095703125
2025-06-06,593.96728515625
2025-06-09,594.5026245117188
2025-06-10,597.873291015625
2025-06-11,596.1680908203125
2025-06-12,598.5374755859375
2025-06-13,591.8457641601562
2025-06-16,597.4767456054688
2025-06-17,592.3712158203125
2025-06-18,592.281982421875
2025-06-20,590.8909912109375
2025-06-23,596.7274780273438
2025-06-24,603.3196411132812
2025-06-25,603.65771484375
2025-06-26,608.380615234375
2025-06-27,611.4032592773438
2025-06-30,614.3264770507812
2025-07-01,614.127685546875
2025-07-02,616.9117431640625
2025-07-03,621.7738647460938
2025-07-07,617.1403198242188
2025-07-08,616.8023681640625
2025-07-09,620.5010986328125
2025-07-10,622.2510375976562
2025-07-11,620.0636596679688
2025-07-14,621.246826171875
2025-07-15,618.592041015625
2025-07-16,620.66015625
2025-07-17,624.4583740234375
2025-07-18,624.0010375976562
2025-07-21,625.1842651367188
2025-07-22,625.2737426757812
2025-07-23,630.5932006835938
2025-07-24,630.802001953125
2025-07-25,633.4667358398438
2025-07-28,633.3076782226562
2025-07-29,631.6372680664062
2025-07-30,630.841796875
2025-07-31,628.475341796875
2025-08-01,618.1743774414062
2025-08-04,627.570556640625
2025-08-05,624.3887939453125
2025-08-06,629.17138671875
2025-08-07,628.6444091796875
2025-08-08,633.5462646484375
2025-08-11,632.29345703125
2025-08-12,639.0248413085938
2025-08-13,641.2123413085938
2025-08-14,641.27197265625
2025-08-15,639.7705688476562
2025-08-18,639.6314086914062
2025-08-19,636.1612548828125
2025-08-20,634.470947265625
2025-08-21,631.9255981445312
2025-08-22,641.6299438476562
2025-08-25,638.8060913085938
2025-08-26,641.4807739257812
2025-08-27,642.9423828125
2025-08-28,645.2192993164062
2025-08-29,641.3713989257812
2025-09-02,636.6187133789062
2025-09-03,640.06884765625
2025-09-04,645.418212890625
2025-09-05,643.5488891601562
2025-09-08,645.1298828125
2025-09-09,646.6212768554688
2025-09-10,648.4905395507812
2025-09-11,653.8796997070312
2025-09-12,653.6608276367188
2025-09-15,657.1409301757812
2025-09-16,656.2361450195312
2025-09-17,655.4208374023438
2025-09-18,658.4832153320312
2025-09-19,661.74462890625
2025-09-22,664.8753662109375
2025-09-23,661.256103515625
2025-09-24,659.1522216796875
2025-09-25,656.1112670898438
2025-09-26,659.8701782226562
2025-09-29,661.7246704101562
2025-09-30,664.21728515625
2025-10-01,666.4806518554688
2025-10-02,667.248291015625
2025-10-03,667.2384033203125
2025-10-06,669.6312866210938
2025-10-07,667.1486206054688
2025-10-08,671.1268920898438
2025-10-09,669.1826171875
2025-10-10,651.0960693359375
2025-10-13,661.0865478515625
2025-10-14,660.2789306640625
2025-10-15,663.2102661132812
2025-10-16,658.6936645507812
2025-10-17,662.4326171875
2025-10-20,669.3222045898438
2025-10-21,669.3121948242188
2025-10-22,665.83251953125
2025-10-23,669.7808837890625
2025-10-24,675.2546997070312
2025-10-27,683.2211303710938
2025-10-28,685.0357666015625
2025-10-29,685.3648071289062
2025-10-30,677.8270874023438
2025-10-31,680.050537109375
2025-11-03,681.3267822265625
2025-11-04,673.2506103515625
2025-11-05,675.583740234375
2025-11-06,668.3351440429688
2025-11-07,668.9931640625
2025-11-10,679.432373046875
2025-11-11,680.9877319335938
2025-11-12,681.3666381835938
2025-11-13,670.0599975585938
2025-11-14,669.9503784179688
2025-11-17,663.7088012695312
2025-11-18,658.1353149414062
2025-11-19,660.6777954101562
2025-11-20,650.6075439453125
2025-11-21,657.08837890625
2025-11-24,666.759765625
2025-11-25,673.03125
2025-11-26,677.6775512695312
2025-11-28,681.3765869140625
