,price
1998-12-22,5.873080730438232
1998-12-23,5.848467826843262
1998-12-24,5.956146240234375
1998-12-28,5.925382137298584
1998-12-29,6.023829936981201
1998-12-30,5.974606037139893
1998-12-31,5.953071117401123
1999-01-04,5.857696533203125
1999-01-05,5.928459644317627
1999-01-06,5.989985466003418
1999-01-07,5.968453407287598
1999-01-08,6.002295017242432
1999-01-11,5.842315196990967
1999-01-12,5.845391750335693
1999-01-13,5.8853864669799805
1999-01-14,5.7869391441345215
1999-01-15,5.8146281242370605
1999-01-19,6.011523246765137
1999-01-20,5.986910820007324
1999-01-21,5.9653754234313965
1999-01-22,6.005368232727051
1999-01-25,5.780784606933594
1999-01-26,5.894614219665527
1999-01-27,5.805395603179932
1999-01-28,5.8146281242370605
1999-01-29,5.805395603179932
1999-02-01,5.793092250823975
1999-02-02,5.716179847717285
1999-02-03,5.746940612792969
1999-02-04,5.660799980163574
1999-02-05,5.663875102996826
1999-02-08,5.663875102996826
1999-02-09,5.688488960266113
1999-02-10,5.648494243621826
1999-02-11,5.673105239868164
1999-02-12,5.580810546875
1999-02-16,5.682336330413818
1999-02-17,5.642343521118164
1999-02-18,5.74386739730835
1999-02-19,5.682336330413818
1999-02-22,5.8669281005859375
1999-02-23,5.682336330413818
1999-02-24,5.7346391677856445
1999-02-25,5.611574649810791
1999-02-26,5.645418643951416
1999-03-01,5.562351226806641
1999-03-02,5.479284286499023
1999-03-03,5.482363224029541
1999-03-04,5.568503379821777
1999-03-05,5.663875102996826
1999-03-08,5.599267959594727
1999-03-09,5.583887100219727
1999-03-10,5.5654296875
1999-03-11,5.6085004806518555
1999-03-12,5.670030117034912
1999-03-15,5.685412883758545
1999-03-16,5.663875102996826
1999-03-17,5.611574649810791
1999-03-18,5.694643497467041
1999-03-19,5.5896501541137695
1999-03-22,5.608231067657471
1999-03-23,5.431715965270996
1999-03-24,5.506036758422852
1999-03-25,5.487456321716309
1999-03-26,5.416233062744141
1999-03-29,5.388360500335693
1999-03-30,5.3016510009765625
1999-03-31,5.289265155792236
1999-04-01,5.400745391845703
1999-04-05,5.444103240966797
1999-04-06,5.416233062744141
1999-04-07,5.487456321716309
1999-04-08,5.633003234863281
1999-04-09,5.592746734619141
1999-04-12,5.673259735107422
1999-04-13,5.580360412597656
1999-04-14,5.499844551086426
1999-04-15,5.555583953857422
1999-04-16,5.617520809173584
1999-04-19,5.673259735107422
1999-04-20,5.735195636749268
1999-04-21,5.837391376495361
1999-04-22,5.81881046295166
1999-04-23,5.815711975097656
1999-04-26,5.784743785858154
1999-04-27,5.81881046295166
1999-04-28,5.794035911560059
1999-04-29,5.877646446228027
1999-04-30,5.800228595733643
1999-05-03,5.88693904876709
1999-05-04,5.837391376495361
1999-05-05,5.883842945098877
1999-05-06,5.759973049163818
1999-05-07,5.831197738647461
1999-05-10,5.815711975097656
1999-05-11,5.837391376495361
1999-05-12,5.85287618637085
1999-05-13,5.930293083190918
1999-05-14,5.81881046295166
1999-05-17,5.939582347869873
1999-05-18,5.8095197677612305
1999-05-19,5.930293083190918
1999-05-20,5.917906284332275
1999-05-21,5.862164497375488
1999-05-24,5.921002388000488
1999-05-25,5.927197456359863
1999-05-26,5.958165168762207
1999-05-27,5.855971813201904
1999-05-28,5.868359088897705
1999-06-01,5.865260601043701
1999-06-02,5.865260601043701
1999-06-03,5.8095197677612305
1999-06-04,5.896225929260254
1999-06-07,5.945774555206299
1999-06-08,5.945774555206299
1999-06-09,5.99222993850708
1999-06-10,5.942681789398193
1999-06-11,5.902420520782471
1999-06-14,6.066551208496094
1999-06-15,6.072743892669678
1999-06-16,6.131581783294678
1999-06-17,6.078940391540527
1999-06-18,6.100647449493408
1999-06-21,6.053910732269287
1999-06-22,6.032100677490234
1999-06-23,6.013404369354248
1999-06-24,5.947977542877197
1999-06-25,5.9168171882629395
1999-06-28,5.979135036468506
1999-06-29,5.9822468757629395
1999-06-30,6.109994888305664
1999-07-01,6.0881829261779785
1999-07-02,6.0913004875183105
1999-07-06,6.072606086730957
1999-07-07,6.128688335418701
1999-07-08,6.078839302062988
1999-07-09,6.078839302062988
1999-07-12,6.053910732269287
1999-07-13,6.0258684158325195
1999-07-14,6.063258647918701
1999-07-15,6.156732559204102
1999-07-16,6.228391647338867
1999-07-19,6.16919469833374
1999-07-20,6.197237968444824
1999-07-21,6.234625339508057
1999-07-22,6.225278854370117
1999-07-23,6.18477201461792
1999-07-26,6.194120407104492
1999-07-27,6.231507301330566
1999-07-28,6.219045639038086
1999-07-29,6.11622953414917
1999-07-30,6.128688335418701
1999-08-02,6.222162246704102
1999-08-03,6.181658744812012
1999-08-04,6.0881829261779785
1999-08-05,6.144268035888672
1999-08-06,6.119344234466553
1999-08-09,6.144268035888672
1999-08-10,6.032100677490234
1999-08-11,6.000945091247559
1999-08-12,5.969783306121826
1999-08-13,6.047678470611572
1999-08-16,6.000945091247559
1999-08-17,6.066373348236084
1999-08-18,6.028986930847168
1999-08-19,5.960439205169678
1999-08-20,5.944857597351074
1999-08-23,5.972899436950684
1999-08-24,5.957324028015137
1999-08-25,6.041448593139648
1999-08-26,6.044564247131348
1999-08-27,5.963555812835693
1999-08-30,5.882546424865723
1999-08-31,5.835808753967285
1999-09-01,5.8576154708862305
1999-09-02,5.776609420776367
1999-09-03,5.885660648345947
1999-09-07,5.845156192779541
1999-09-08,5.761030673980713
1999-09-09,5.782841205596924
1999-09-10,5.80465030670166
1999-09-13,5.8576154708862305
1999-09-14,5.860735893249512
1999-09-15,5.866968154907227
1999-09-16,5.835808753967285
1999-09-17,5.912012577056885
1999-09-20,5.880616188049316
1999-09-21,5.802123546600342
1999-09-22,5.912012577056885
1999-09-23,5.858640193939209
1999-09-24,5.773869037628174
1999-09-27,5.858640193939209
1999-09-28,5.792704105377197
1999-09-29,5.868058681488037
1999-09-30,5.984226703643799
1999-10-01,5.943412780761719
1999-10-04,6.040739059448242
1999-10-05,5.880616188049316
1999-10-06,5.968531131744385
1999-10-07,5.883757591247559
1999-10-08,5.927713394165039
1999-10-11,5.890036582946777
1999-10-12,5.773869037628174
1999-10-13,5.827243328094482
1999-10-14,5.8649210929870605
1999-10-15,5.72677755355835
1999-10-18,5.770730495452881
1999-10-19,5.70165491104126
1999-10-20,5.711074352264404
1999-10-21,5.623164176940918
1999-10-22,5.692238807678223
1999-10-25,5.629443168640137
1999-10-26,5.663980007171631
1999-10-27,5.811546325683594
1999-10-28,6.028181552886963
1999-10-29,6.015620231628418
1999-11-01,6.072139739990234
1999-11-02,6.015620231628418
1999-11-03,5.946549415588379
1999-11-04,5.915154457092285
1999-11-05,5.96538782119751
1999-11-08,6.003063678741455
1999-11-09,5.915154457092285
1999-11-10,5.940270900726318
1999-11-11,5.921431064605713
1999-11-12,5.940270900726318
1999-11-15,5.912012577056885
1999-11-16,5.899456977844238
1999-11-17,5.943412780761719
1999-11-18,5.899456977844238
1999-11-19,5.9025983810424805
1999-11-22,5.836664199829102
1999-11-23,5.777007579803467
1999-11-24,5.7456135749816895
1999-11-26,5.811546325683594
1999-11-29,5.7456135749816895
1999-11-30,5.817822456359863
1999-12-01,5.846080303192139
1999-12-02,5.811546325683594
1999-12-03,5.924575328826904
1999-12-06,5.883757591247559
1999-12-07,5.927713394165039
1999-12-08,5.880616188049316
1999-12-09,5.886898994445801
1999-12-10,5.842940330505371
1999-12-13,5.839800834655762
1999-12-14,5.836664199829102
1999-12-15,5.861779689788818
1999-12-16,5.802123546600342
1999-12-17,5.877046585083008
1999-12-20,5.741181373596191
1999-12-21,5.8170166015625
1999-12-22,5.801216125488281
1999-12-23,5.829653739929199
1999-12-27,5.674825668334961
1999-12-28,5.725384712219238
1999-12-29,5.640071868896484
1999-12-30,5.640071868896484
1999-12-31,5.690627098083496
2000-01-03,5.551601409912109
2000-01-04,5.384134769439697
2000-01-05,5.520003318786621
2000-01-06,5.510522842407227
2000-01-07,5.557919025421143
2000-01-10,5.576877593994141
2000-01-11,5.516842365264893
2000-01-12,5.459965705871582
2000-01-13,5.409412860870361
2000-01-14,5.453647613525391
2000-01-18,5.431530475616455
2000-01-19,5.4346923828125
2000-01-20,5.459965705871582
2000-01-21,5.636910915374756
2000-01-24,5.561079502105713
2000-01-25,5.431530475616455
2000-01-26,5.406254768371582
2000-01-27,5.371496200561523
2000-01-28,5.34306001663208
2000-01-31,5.589515209197998
2000-02-01,5.548439025878906
2000-02-02,5.520003318786621
2000-02-03,5.510522842407227
2000-02-04,5.4820876121521
2000-02-07,5.466288089752197
2000-02-08,5.478928565979004
2000-02-09,5.478928565979004
2000-02-10,5.399932861328125
2000-02-11,5.305141448974609
2000-02-14,5.311461925506592
2000-02-15,5.298823356628418
2000-02-16,5.27670431137085
2000-02-17,5.245110034942627
2000-02-18,5.052366256713867
2000-02-22,5.033409595489502
2000-02-23,4.929137706756592
2000-02-24,4.764832019805908
2000-02-25,4.739555358886719
2000-02-28,4.875424861907959
2000-02-29,4.910181999206543
2000-03-01,5.125039577484131
2000-03-02,5.25774621963501
2000-03-03,5.305141448974609
2000-03-06,5.1566362380981445
2000-03-07,5.096604347229004
2000-03-08,5.131359577178955
2000-03-09,5.172435760498047
2000-03-10,5.172435760498047
2000-03-13,5.188232898712158
2000-03-14,5.153476238250732
2000-03-15,5.181911468505859
2000-03-16,5.384134769439697
2000-03-17,5.427454471588135
2000-03-20,5.405168056488037
2000-03-21,5.37015438079834
2000-03-22,5.246006488800049
2000-03-23,5.335139274597168
2000-03-24,5.284207820892334
2000-03-27,5.357422828674316
2000-03-28,5.33195686340332
2000-03-29,5.427454471588135
2000-03-30,5.414719581604004
2000-03-31,5.446554183959961
2000-04-03,5.481567859649658
2000-04-04,5.557966709136963
2000-04-05,5.631181240081787
2000-04-06,5.666195869445801
2000-04-07,5.650278568267822
2000-04-10,5.637548446655273
2000-04-11,5.783977031707764
2000-04-12,5.834909915924072
2000-04-13,5.8412766456604
2000-04-14,5.627995014190674
2000-04-17,5.542050361633301
2000-04-18,5.557966709136963
2000-04-19,5.608897686004639
2000-04-20,5.627995014190674
2000-04-24,5.780792713165283
2000-04-25,5.952689170837402
2000-04-26,5.939957618713379
2000-04-27,5.806263446807861
2000-04-28,5.803077697753906
2000-05-01,5.803077697753906
2000-05-02,5.592985153198242
2000-05-03,5.612082004547119
2000-05-04,5.602533340454102
2000-05-05,5.61526346206665
2000-05-08,5.653462886810303
2000-05-09,5.634363651275635
2000-05-10,5.74259614944458
2000-05-11,5.828546047210693
2000-05-12,5.736226558685303
2000-05-15,5.847644329071045
2000-05-16,5.822177886962891
2000-05-17,5.733046531677246
2000-05-18,5.780792713165283
2000-05-19,5.672563552856445
2000-05-22,5.7107648849487305
2000-05-23,5.605717182159424
2000-05-24,5.701211929321289
2000-05-25,5.605717182159424
2000-05-26,5.717127323150635
2000-05-30,5.758509635925293
2000-05-31,5.79034423828125
2000-06-01,5.831725597381592
2000-06-02,5.812624931335449
2000-06-05,5.678929328918457
2000-06-06,5.812624931335449
2000-06-07,5.834909915924072
2000-06-08,5.869925498962402
2000-06-09,5.943140983581543
2000-06-12,5.91767692565918
2000-06-13,6.045003890991211
2000-06-14,6.019540309906006
2000-06-15,5.987705707550049
2000-06-16,5.920810699462891
2000-06-19,6.017034530639648
2000-06-20,5.95288610458374
2000-06-21,5.972130298614502
2000-06-22,5.933642864227295
2000-06-23,5.95288610458374
2000-06-26,5.933642864227295
2000-06-27,5.773275852203369
2000-06-28,5.821384429931641
2000-06-29,5.728371620178223
2000-06-30,5.593661308288574
2000-07-03,5.760443210601807
2000-07-05,5.811764240264893
2000-07-06,5.818178176879883
2000-07-07,5.8791184425354
2000-07-10,5.8791184425354
2000-07-11,5.824589252471924
2000-07-12,5.850253105163574
2000-07-13,5.875908374786377
2000-07-14,5.795726299285889
2000-07-17,5.747615337371826
2000-07-18,5.725164890289307
2000-07-19,5.782896995544434
2000-07-20,5.689880847930908
2000-07-21,5.747615337371826
2000-07-24,5.728371620178223
2000-07-25,5.776481628417969
2000-07-26,5.721956253051758
2000-07-27,5.699504852294922
2000-07-28,5.664220333099365
2000-07-31,5.680262088775635
2000-08-01,5.805349349975586
2000-08-02,5.901569843292236
2000-08-03,5.911190986633301
2000-08-04,5.8791184425354
2000-08-07,5.99458122253418
2000-08-08,5.837421894073486
2000-08-09,5.7444071769714355
2000-08-10,5.7444071769714355
2000-08-11,5.80855655670166
2000-08-14,5.843834400177002
2000-08-15,5.882323741912842
2000-08-16,5.798932075500488
2000-08-17,5.721956253051758
2000-08-18,5.754031181335449
2000-08-21,5.792520046234131
2000-08-22,5.721956253051758
2000-08-23,5.7668609619140625
2000-08-24,5.754031181335449
2000-08-25,5.747615337371826
2000-08-28,5.850253105163574
2000-08-29,5.798932075500488
2000-08-30,5.85666561126709
2000-08-31,5.901569843292236
2000-09-01,5.972130298614502
2000-09-05,5.99458122253418
2000-09-06,6.068353652954102
2000-09-07,6.068353652954102
2000-09-08,6.260793685913086
2000-09-11,6.405126094818115
2000-09-12,6.389087200164795
2000-09-13,6.344187259674072
2000-09-14,6.260793685913086
2000-09-15,6.319213390350342
2000-09-18,6.280405044555664
2000-09-19,6.176919460296631
2000-09-20,6.066962242126465
2000-09-21,6.112239360809326
2000-09-22,6.2674689292907715
2000-09-25,6.312745571136475
2000-09-26,6.403296947479248
2000-09-27,6.377424716949463
2000-09-28,6.584399700164795
2000-09-29,6.681416988372803
2000-10-02,6.72022819519043
2000-10-03,6.636144161224365
2000-10-04,6.636144161224365
2000-10-05,6.694355487823486
2000-10-06,6.662014961242676
2000-10-09,6.662014961242676
2000-10-10,6.649081230163574
2000-10-11,6.545591831207275
2000-10-12,6.455039024353027
2000-10-13,6.552060604095459
2000-10-16,6.5908684730529785
2000-10-17,6.678187370300293
2000-10-18,6.623208045959473
2000-10-19,6.5908684730529785
2000-10-20,6.555294513702393
2000-10-23,6.694355487823486
2000-10-24,6.665250778198242
2000-10-25,6.623208045959473
2000-10-26,6.600571155548096
2000-10-27,6.752565860748291
2000-10-30,7.014521598815918
2000-10-31,7.0694990158081055
2000-11-01,7.027456283569336
2000-11-02,7.0306901931762695
2000-11-03,6.998349189758301
2000-11-06,6.966010570526123
2000-11-07,6.975712299346924
2000-11-08,7.011287689208984
2000-11-09,7.050090312957764
2000-11-10,7.063032150268555
2000-11-13,7.095370292663574
2000-11-14,6.972479343414307
2000-11-15,6.966010570526123
2000-11-16,7.046856880187988
2000-11-17,6.940138339996338
2000-11-20,7.008051872253418
2000-11-21,6.940138339996338
2000-11-22,6.991879463195801
2000-11-24,6.978945732116699
2000-11-27,6.930437088012695
2000-11-28,7.0306901931762695
2000-11-29,7.075968265533447
2000-11-30,7.066262722015381
2000-12-01,6.930437088012695
2000-12-04,7.004818916320801
2000-12-05,7.050090312957764
2000-12-06,7.075968265533447
2000-12-07,7.072733402252197
2000-12-08,6.90132999420166
2000-12-11,6.920734405517578
2000-12-12,6.940138339996338
2000-12-13,7.111537456512451
2000-12-14,7.0694990158081055
2000-12-15,7.008378028869629
2000-12-18,6.996090412139893
2000-12-19,6.753262996673584
2000-12-20,6.690913200378418
2000-12-21,6.6515374183654785
2000-12-22,6.756542205810547
2000-12-26,6.946868896484375
2000-12-27,6.946868896484375
2000-12-28,6.891082763671875
2000-12-29,6.9698405265808105
2001-01-02,6.864835262298584
2001-01-03,6.720449447631836
2001-01-04,6.615440368652344
2001-01-05,6.549812316894531
2001-01-08,6.648255825042725
2001-01-09,6.677788257598877
2001-01-10,6.661380767822266
2001-01-11,6.507154941558838
2001-01-12,6.556373596191406
2001-01-16,6.451367378234863
2001-01-17,6.467775344848633
2001-01-18,6.5826263427734375
2001-01-19,6.562936782836914
2001-01-22,6.549812316894531
2001-01-23,6.543245792388916
2001-01-24,6.553092956542969
2001-01-25,6.59903621673584
2001-01-26,6.536685466766357
2001-01-29,6.638544082641602
2001-01-30,6.638544082641602
2001-01-31,6.577635288238525
2001-02-01,6.657444000244141
2001-02-02,6.583940505981445
2001-02-05,6.632241249084473
2001-02-06,6.672146797180176
2001-02-07,6.674243927001953
2001-02-08,6.7330498695373535
2001-02-09,6.7246479988098145
2001-02-12,6.7309489250183105
2001-02-13,6.787653923034668
2001-02-14,6.674243927001953
2001-02-15,6.6847453117370605
2001-02-16,6.722548961639404
2001-02-20,6.754052639007568
2001-02-21,6.674243927001953
2001-02-22,6.7456488609313965
2001-02-23,6.707845687866211
2001-02-26,6.783451080322266
2001-02-27,6.791850566864014
2001-02-28,6.714147090911865
2001-03-01,6.640645503997803
2001-03-02,6.657444000244141
2001-03-05,6.644845962524414
2001-03-06,6.636441230773926
2001-03-07,6.604938983917236
2001-03-08,6.728847980499268
2001-03-09,6.6112446784973145
2001-03-12,6.686844348907471
2001-03-13,6.53143310546875
2001-03-14,6.30672025680542
2001-03-15,6.418029308319092
2001-03-16,6.366208076477051
2001-03-19,6.446579456329346
2001-03-20,6.35352087020874
2001-03-21,6.211812496185303
2001-03-22,6.1335577964782715
2001-03-23,6.122982501983643
2001-03-26,6.326025485992432
2001-03-27,6.558675289154053
2001-03-28,6.419084072113037
2001-03-29,6.569251537322998
2001-03-30,6.617895126342773
2001-04-02,6.6390485763549805
2001-04-03,6.607322692871094
2001-04-04,6.6327033042907715
2001-04-05,6.588285446166992
2001-04-06,6.465617656707764
2001-04-09,6.607322692871094
2001-04-10,6.744798183441162
2001-04-11,6.653853893280029
2001-04-12,6.649621963500977
2001-04-16,6.755375862121582
2001-04-17,6.911886692047119
2001-04-18,6.768065452575684
2001-04-19,6.780754089355469
2001-04-20,6.70038366317749
2001-04-23,6.715187072753906
2001-04-24,6.746913433074951
2001-04-25,6.865351676940918
2001-04-26,6.9266886711120605
2001-04-27,6.930919647216797
2001-04-30,6.9372639656066895
2001-05-01,7.002829074859619
2001-05-02,6.913999080657959
2001-05-03,6.825169086456299
2001-05-04,6.89495849609375
2001-05-07,6.930919647216797
2001-05-08,6.831512451171875
2001-05-09,6.84208869934082
2001-05-10,6.846317291259766
2001-05-11,6.850550651550293
2001-05-14,6.941493511199951
2001-05-15,6.89495849609375
2001-05-16,7.043013572692871
2001-05-17,7.000711917877197
2001-05-18,7.043013572692871
2001-05-21,7.068393230438232
2001-05-22,7.043013572692871
2001-05-23,7.040900707244873
2001-05-24,7.021864891052246
2001-05-25,6.911886692047119
2001-05-29,6.907652854919434
2001-05-30,6.878042697906494
2001-05-31,6.985915660858154
2001-06-01,6.9266886711120605
2001-06-04,6.930919647216797
2001-06-05,6.829399585723877
2001-06-06,6.774409294128418
2001-06-07,6.717304706573486
2001-06-08,6.742682933807373
2001-06-11,6.806135177612305
2001-06-12,6.865351676940918
2001-06-13,6.723644256591797
2001-06-14,6.524835586547852
2001-06-15,6.565093994140625
2001-06-18,6.573614597320557
2001-06-19,6.599174976348877
2001-06-20,6.6162190437316895
2001-06-21,6.44367790222168
2001-06-22,6.516103744506836
2001-06-25,6.439416885375977
2001-06-26,6.535275459289551
2001-06-27,6.5501813888549805
2001-06-28,6.565093994140625
2001-06-29,6.63538932800293
2001-07-02,6.654562473297119
2001-07-03,6.671603202819824
2001-07-05,6.726984977722168
2001-07-06,6.720595836639404
2001-07-09,6.78236722946167
2001-07-10,6.793020248413086
2001-07-11,6.824974536895752
2001-07-12,6.754678249359131
2001-07-13,6.737637519836426
2001-07-16,6.7845001220703125
2001-07-17,6.7951507568359375
2001-07-18,6.724855899810791
2001-07-19,6.76746129989624
2001-07-20,6.624739170074463
2001-07-23,6.44367790222168
2001-07-24,6.258354663848877
2001-07-25,6.535275459289551
2001-07-26,6.558704376220703
2001-07-27,6.554446697235107
2001-07-30,6.628999710083008
2001-07-31,6.575748920440674
2001-08-01,6.652432918548584
2001-08-02,6.641781330108643
2001-08-03,6.622611999511719
2001-08-06,6.494803428649902
2001-08-07,6.545927047729492
2001-08-08,6.415987491607666
2001-08-09,6.426634788513184
2001-08-10,6.55231237411499
2001-08-13,6.479888916015625
2001-08-14,6.479888916015625
2001-08-15,6.3989458084106445
2001-08-16,6.469236850738525
2001-08-17,6.390423774719238
2001-08-20,6.441549301147461
2001-08-21,6.44367790222168
2001-08-22,6.4330291748046875
2001-08-23,6.418112754821777
2001-08-24,6.4628496170043945
2001-08-27,6.479888916015625
2001-08-28,6.450067520141602
2001-08-29,6.411723613739014
2001-08-30,6.337170124053955
2001-08-31,6.341432094573975
2001-09-04,6.407465934753418
2001-09-05,6.369121074676514
2001-09-06,6.32012939453125
2001-09-07,6.31160831451416
2001-09-10,6.415987491607666
2001-09-17,6.358470916748047
2001-09-18,6.403204441070557
2001-09-19,6.354213714599609
2001-09-20,6.435155391693115
2001-09-21,6.252915382385254
2001-09-24,6.274377822875977
2001-09-25,6.368828773498535
2001-09-26,6.21642541885376
2001-09-27,6.139148235321045
2001-09-28,6.28082275390625
2001-10-01,6.334484577178955
2001-10-02,6.403175354003906
2001-10-03,6.471862316131592
2001-10-04,6.407465934753418
2001-10-05,6.420345783233643
2001-10-08,6.480452537536621
2001-10-09,6.448253154754639
2001-10-10,6.461128234863281
2001-10-11,6.366682529449463
2001-10-12,6.323750019073486
2001-10-15,6.313017845153809
2001-10-16,6.360240936279297
2001-10-17,6.353803634643555
2001-10-18,6.231449604034424
2001-10-19,6.338776111602783
2001-10-22,6.218571186065674
2001-10-23,6.059722423553467
2001-10-24,6.0060601234436035
2001-10-25,6.046846866607666
2001-10-26,6.066164970397949
2001-10-29,6.0554327964782715
2001-10-30,5.96527624130249
2001-10-31,5.950246810913086
2001-11-01,5.999622344970703
2001-11-02,6.0232343673706055
2001-11-05,6.081190586090088
2001-11-06,6.106950283050537
2001-11-07,6.027525424957275
2001-11-08,6.109096527099609
2001-11-09,6.147732257843018
2001-11-12,6.12626838684082
2001-11-13,6.121975898742676
2001-11-14,6.057579517364502
2001-11-15,6.046846866607666
2001-11-16,6.111241340637207
2001-11-19,6.096216201782227
2001-11-20,6.109096527099609
2001-11-21,6.064017295837402
2001-11-23,6.057579517364502
2001-11-26,6.064017295837402
2001-11-27,5.982449531555176
2001-11-28,5.9030280113220215
2001-11-29,5.900880336761475
2001-11-30,5.875118255615234
2001-12-03,5.885854721069336
2001-12-04,5.952396392822266
2001-12-05,5.995328426361084
2001-12-06,5.939517498016357
2001-12-07,5.945958614349365
2001-12-10,5.9051690101623535
2001-12-11,5.810724258422852
2001-12-12,5.875118255615234
2001-12-13,5.868681907653809
2001-12-14,5.827895641326904
2001-12-17,5.8536553382873535
2001-12-18,5.907320976257324
2001-12-19,6.033966064453125
2001-12-20,6.003913402557373
2001-12-21,5.961732387542725
2001-12-24,6.009322166442871
2001-12-26,6.002832412719727
2001-12-27,6.082871437072754
2001-12-28,6.061239719390869
2001-12-31,6.063401222229004
2002-01-02,6.149931907653809
2002-01-03,6.182377815246582
2002-01-04,6.1542558670043945
2002-01-07,6.160743713378906
2002-01-08,6.085032939910889
2002-01-09,6.030956268310547
2002-01-10,6.078542232513428
2002-01-11,6.020139217376709
2002-01-14,6.076381206512451
2002-01-15,6.078542232513428
2002-01-16,6.052585124969482
2002-01-17,5.992018699645996
2002-01-18,5.981200695037842
2002-01-22,5.851408958435059
2002-01-23,5.937935829162598
2002-01-24,5.924954891204834
2002-01-25,5.888182640075684
2002-01-28,5.888182640075684
2002-01-29,5.812475204467773
2002-01-30,5.805981636047363
2002-01-31,5.844921112060547
2002-02-01,5.8578996658325195
2002-02-04,5.797329425811768
2002-02-05,5.719454765319824
2002-02-06,5.604806900024414
2002-02-07,5.684844970703125
2002-02-08,5.715125560760498
2002-02-11,5.754063606262207
2002-02-12,5.754063606262207
2002-02-13,5.788676738739014
2002-02-14,5.801656723022461
2002-02-15,5.790842056274414
2002-02-19,5.691333770751953
2002-02-20,5.762716293334961
2002-02-21,5.648067951202393
2002-02-22,5.725944995880127
2002-02-25,5.790842056274414
2002-02-26,5.784351348876953
2002-02-27,5.823287487030029
2002-02-28,5.834103107452393
2002-03-01,5.959568500518799
2002-03-04,6.030956268310547
2002-03-05,6.035281181335449
2002-03-06,6.1542558670043945
2002-03-07,6.117481708526611
2002-03-08,6.100178241729736
2002-03-11,6.119644641876221
2002-03-12,6.056913375854492
2002-03-13,6.056913375854492
2002-03-14,6.035281181335449
2002-03-15,6.08630895614624
2002-03-18,6.114657878875732
2002-03-19,6.143009662628174
2002-03-20,6.105936527252197
2002-03-21,6.171353816986084
2002-03-22,6.099393844604492
2002-03-25,6.1081156730651855
2002-03-26,6.075405120849609
2002-03-27,6.090671062469482
2002-03-28,6.145187854766846
2002-04-01,6.081946849822998
2002-04-02,6.11683988571167
2002-04-03,6.11683988571167
2002-04-04,6.125560760498047
2002-04-05,6.0928521156311035
2002-04-08,6.049236297607422
2002-04-09,5.920575141906738
2002-04-10,6.0448737144470215
2002-04-11,5.863875389099121
2002-04-12,5.903130531311035
2002-04-15,5.811541557312012
2002-04-16,5.953285217285156
2002-04-17,5.983816623687744
2002-04-18,5.968550682067871
2002-04-19,5.916214466094971
2002-04-22,5.826807498931885
2002-04-23,5.8551554679870605
2002-04-24,5.870418548583984
2002-04-25,5.831170082092285
2002-04-26,5.737397193908691
2002-04-29,5.652353763580322
2002-04-30,5.7722883224487305
2002-05-01,5.826807498931885
2002-05-02,5.789734363555908
2002-05-03,5.757023334503174
2002-05-06,5.726495742797852
2002-05-07,5.669792175292969
2002-05-08,5.75048303604126
2002-05-09,5.7025065422058105
2002-05-10,5.571664810180664
2002-05-13,5.639267921447754
2002-05-14,5.724313735961914
2002-05-15,5.693783760070801
2002-05-16,5.715590000152588
2002-05-17,5.661073207855225
2002-05-20,5.691603183746338
2002-05-21,5.733038902282715
2002-05-22,5.835527420043945
2002-05-23,5.940201759338379
2002-05-24,5.879143714904785
2002-05-28,5.920575141906738
2002-05-29,5.822446346282959
2002-05-30,5.7679266929626465
2002-05-31,5.724313735961914
2002-06-03,5.593471527099609
2002-06-04,5.613098621368408
2002-06-05,5.591290473937988
2002-06-06,5.427741050720215
2002-06-07,5.490980625152588
2002-06-10,5.510606288909912
2002-06-11,5.419018745422363
2002-06-12,5.530230522155762
2002-06-13,5.523691177368164
2002-06-14,5.4539079666137695
2002-06-17,5.57602596282959
2002-06-18,5.617460250854492
2002-06-19,5.462629795074463
2002-06-20,5.397209167480469
2002-06-21,5.416365146636963
2002-06-24,5.326096057891846
2002-06-25,5.29086446762085
2002-06-26,5.2358198165893555
2002-06-27,5.231417655944824
2002-06-28,5.339302062988281
2002-07-01,5.229216575622559
2002-07-02,5.119126319885254
2002-07-03,5.0883002281188965
2002-07-05,5.147748947143555
2002-07-08,5.081696033477783
2002-07-09,4.947388648986816
2002-07-10,4.667762756347656
2002-07-11,4.830692768096924
2002-07-12,4.650151252746582
2002-07-15,4.722808837890625
2002-07-16,4.584094047546387
2002-07-17,4.498226642608643
2002-07-18,4.392541885375977
2002-07-19,4.145940780639648
2002-07-22,4.044661045074463
2002-07-23,3.7298080921173096
2002-07-24,4.062273025512695
2002-07-25,4.183371543884277
2002-07-26,4.128327369689941
2002-07-29,4.194382667541504
2002-07-30,4.535654067993164
2002-07-31,4.55327033996582
2002-08-01,4.487216949462891
2002-08-02,4.39914608001709
2002-08-05,4.322083473205566
2002-08-06,4.500428676605225
2002-08-07,4.533453941345215
2002-08-08,4.61712121963501
2002-08-09,4.628129482269287
2002-08-12,4.707393646240234
2002-08-13,4.577489852905273
2002-08-14,4.7162017822265625
2002-08-15,4.725009441375732
2002-08-16,4.650151252746582
2002-08-19,4.722808837890625
2002-08-20,4.7095947265625
2002-08-21,4.854913711547852
2002-08-22,4.953994274139404
2002-08-23,4.876931190490723
2002-08-26,4.953994274139404
2002-08-27,4.9055562019348145
2002-08-28,4.874728679656982
2002-08-29,4.806474685668945
2002-08-30,4.733818054199219
2002-09-03,4.603911399841309
2002-09-04,4.575287342071533
2002-09-05,4.562076091766357
2002-09-06,4.562076091766357
2002-09-09,4.55327033996582
2002-09-10,4.449785232543945
2002-09-11,4.454189300537109
2002-09-12,4.339696407318115
2002-09-13,4.403549671173096
2002-09-16,4.352907657623291
2002-09-17,4.194382667541504
2002-09-18,4.333091735839844
2002-09-19,4.242819309234619
2002-09-20,4.142975330352783
2002-09-23,4.033775329589844
2002-09-24,3.9022905826568604
2002-09-25,4.018176555633545
2002-09-26,4.176407337188721
2002-09-27,4.105092525482178
2002-09-30,4.1608076095581055
2002-10-01,4.227664470672607
2002-10-02,4.100632667541504
2002-10-03,4.078347682952881
2002-10-04,3.8911473751068115
2002-10-07,3.85548996925354
2002-10-08,3.7106282711029053
2002-10-09,3.394164800643921
2002-10-10,3.6237118244171143
2002-10-11,3.6727399826049805
2002-10-14,3.6660568714141846
2002-10-15,3.677199363708496
2002-10-16,3.550168514251709
2002-10-17,3.610342025756836
2002-10-18,3.6415436267852783
2002-10-21,3.85548996925354
2002-10-22,3.806457757949829
2002-10-23,3.8755457401275635
2002-10-24,3.877774477005005
2002-10-25,3.9334869384765625
2002-10-28,4.011490821838379
2002-10-29,3.9847469329833984
2002-10-30,4.073892116546631
2002-10-31,4.064978122711182
2002-11-01,4.085032939910889
2002-11-04,4.232122898101807
2002-11-05,4.232122898101807
2002-11-06,4.321266174316406
2002-11-07,4.120692253112793
2002-11-08,3.993661403656006
2002-11-11,3.949089527130127
2002-11-12,3.8755457401275635
2002-11-13,3.9000613689422607
2002-11-14,3.986976385116577
2002-11-15,4.044919013977051
2002-11-18,4.033775329589844
2002-11-19,4.056061267852783
2002-11-20,4.053834438323975
2002-11-21,4.122920036315918
2002-11-22,4.238808631896973
2002-11-25,4.247724533081055
2002-11-26,4.140749931335449
2002-11-27,4.165265083312988
2002-11-29,4.183093070983887
2002-12-02,4.120692253112793
2002-12-03,4.165265083312988
2002-12-04,4.071662902832031
2002-12-05,4.058291435241699
2002-12-06,4.053834438323975
2002-12-09,4.109548568725586
2002-12-10,4.140749931335449
2002-12-11,4.1786370277404785
2002-12-12,4.192008972167969
2002-12-13,4.234350204467773
2002-12-16,4.301209926605225
2002-12-17,4.305664539337158
2002-12-18,4.292295455932617
2002-12-19,4.296751976013184
2002-12-20,4.341179847717285
2002-12-23,4.3231377601623535
2002-12-24,4.30509614944458
2002-12-26,4.332155704498291
2002-12-27,4.316371917724609
2002-12-30,4.327647686004639
2002-12-31,4.318626403808594
2003-01-02,4.420111179351807
2003-01-03,4.465211868286133
2003-01-06,4.665924072265625
2003-01-07,4.564438343048096
2003-01-08,4.596011161804199
2003-01-09,4.573459625244141
2003-01-10,4.573459625244141
2003-01-13,4.476489543914795
2003-01-14,4.48551082611084
2003-01-15,4.471978664398193
2003-01-16,4.465211868286133
2003-01-17,4.444916248321533
2003-01-21,4.352455139160156
2003-01-22,4.314117431640625
2003-01-23,4.393046855926514
2003-01-24,4.280291557312012
2003-01-27,4.115663528442383
2003-01-28,4.239696502685547
2003-01-29,4.237440586090088
2003-01-30,4.16978645324707
2003-01-31,4.217145919799805
2003-02-03,4.230676651000977
2003-02-04,4.2103800773620605
2003-02-05,4.14723539352417
2003-02-06,4.108898639678955
2003-02-07,4.036733150482178
2003-02-10,4.050264835357666
2003-02-11,3.9826087951660156
2003-02-12,3.845043659210205
2003-02-13,3.899168014526367
2003-02-14,3.964566946029663
2003-02-18,4.007416725158691
2003-02-19,4.009671211242676
2003-02-20,4.007416725158691
2003-02-21,4.059283256530762
2003-02-24,4.032222747802734
2003-02-25,4.059283256530762
2003-02-26,3.9893734455108643
2003-02-27,3.9961395263671875
2003-02-28,3.9916296005249023
2003-03-03,4.018690586090088
2003-03-04,3.9938859939575195
2003-03-05,4.034478187561035
2003-03-06,4.034478187561035
2003-03-07,4.048008441925049
2003-03-10,3.953293561935425
2003-03-11,3.9465270042419434
2003-03-12,3.953293561935425
2003-03-13,4.023202419281006
2003-03-14,4.038986682891846
2003-03-17,4.1291937828063965
2003-03-18,4.176551342010498
2003-03-19,4.1540021896362305
2003-03-20,4.201358795166016
2003-03-21,4.271332740783691
2003-03-24,4.1664862632751465
2003-03-25,4.223466873168945
2003-03-26,4.186999797821045
2003-03-27,4.207513809204102
2003-03-28,4.214352130889893
2003-03-31,4.193838596343994
2003-04-01,4.223466873168945
2003-04-02,4.225748538970947
2003-04-03,4.2097930908203125
2003-04-04,4.2622151374816895
2003-04-07,4.2622151374816895
2003-04-08,4.234864711761475
2003-04-09,4.225748538970947
2003-04-10,4.2622151374816895
2003-04-11,4.248539447784424
2003-04-14,4.303243160247803
2003-04-15,4.357945442199707
2003-04-16,4.3533854484558105
2003-04-17,4.362502574920654
2003-04-21,4.403529167175293
2003-04-22,4.4650702476501465
2003-04-23,4.4650702476501465
2003-04-24,4.506094455718994
2003-04-25,4.494699478149414
2003-04-28,4.556240081787109
2003-04-29,4.563077926635742
2003-04-30,4.556240081787109
2003-05-01,4.494699478149414
2003-05-02,4.5311689376831055
2003-05-05,4.549402713775635
2003-05-06,4.5425639152526855
2003-05-07,4.535726547241211
2003-05-08,4.528888702392578
2003-05-09,4.55851936340332
2003-05-12,4.592707633972168
2003-05-13,4.601823329925537
2003-05-14,4.622337341308594
2003-05-15,4.692995548248291
2003-05-16,4.7910003662109375
2003-05-19,4.715787887573242
2003-05-20,4.736299514770508
2003-05-21,4.724905014038086
2003-05-22,4.8092360496521
2003-05-23,4.991578102111816
2003-05-27,5.064514636993408
2003-05-28,5.041723251342773
2003-05-29,4.966507911682129
2003-05-30,5.0166497230529785
2003-06-02,5.059956073760986
2003-06-03,5.080471992492676
2003-06-04,5.151127815246582
2003-06-05,5.0918660163879395
2003-06-06,5.037162780761719
2003-06-09,5.032604217529297
2003-06-10,5.055398464202881
2003-06-11,5.09414529800415
2003-06-12,5.1556854248046875
2003-06-13,5.087306022644043
2003-06-16,5.1853156089782715
2003-06-17,5.160244941711426
2003-06-18,5.1853156089782715
2003-06-19,5.201271057128906
2003-06-20,5.176672458648682
2003-06-23,5.1215057373046875
2003-06-24,5.089323997497559
2003-06-25,5.0801286697387695
2003-06-26,5.128401756286621
2003-06-27,5.061738967895508
2003-06-30,5.084726810455322
2003-07-01,5.050249099731445
2003-07-02,5.087022304534912
2003-07-03,5.0571417808532715
2003-07-07,5.066336631774902
2003-07-08,5.027257442474365
2003-07-09,4.990480899810791
2003-07-10,4.900829792022705
2003-07-11,4.930715084075928
2003-07-14,4.923818111419678
2003-07-15,4.827271938323975
2003-07-16,4.746818542480469
2003-07-17,4.735321998596191
2003-07-18,4.808880805969238
2003-07-21,4.7399210929870605
2003-07-22,4.820376396179199
2003-07-23,4.790493965148926
2003-07-24,4.788193702697754
2003-07-25,4.827271938323975
2003-07-28,4.792791843414307
2003-07-29,4.772104263305664
2003-07-30,4.737620830535889
2003-07-31,4.744517803192139
2003-08-01,4.723828315734863
2003-08-04,4.723828315734863
2003-08-05,4.650269031524658
2003-08-06,4.677857875823975
2003-08-07,4.721532344818115
2003-08-08,4.744517803192139
2003-08-11,4.744517803192139
2003-08-12,4.808880805969238
2003-08-13,4.762907028198242
2003-08-14,4.781297206878662
2003-08-15,4.772104263305664
2003-08-18,4.760610103607178
2003-08-19,4.765205383300781
2003-08-20,4.811179161071777
2003-08-21,4.8295698165893555
2003-08-22,4.762907028198242
2003-08-25,4.785894393920898
2003-08-26,4.799688339233398
2003-08-27,4.815777778625488
2003-08-28,4.827271938323975
2003-08-29,4.838764190673828
2003-09-02,4.928415775299072
2003-09-03,4.944506645202637
2003-09-04,4.946804523468018
2003-09-05,4.9376091957092285
2003-09-08,4.974388122558594
2003-09-09,4.962895393371582
2003-09-10,4.956000804901123
2003-09-11,4.942207336425781
2003-09-12,4.9789862632751465
2003-09-15,4.951400279998779
2003-09-16,4.9950761795043945
2003-09-17,4.981283187866211
2003-09-18,5.036452770233154
2003-09-19,5.044571876525879
2003-09-22,5.0167388916015625
2003-09-23,5.039931297302246
2003-09-24,4.9796271324157715
2003-09-25,4.9889092445373535
2003-09-26,5.035293102264404
2003-09-29,5.088636875152588
2003-09-30,5.079361915588379
2003-10-01,5.086320400238037
2003-10-02,5.135026931762695
2003-10-03,5.1466217041015625
2003-10-06,5.1396613121032715
2003-10-07,5.1234283447265625
2003-10-08,5.1048736572265625
2003-10-09,5.114151954650879
2003-10-10,5.0979156494140625
2003-10-13,5.1303863525390625
2003-10-14,5.144304275512695
2003-10-15,5.079361915588379
2003-10-16,5.102556228637695
2003-10-17,5.070084095001221
2003-10-20,5.095596790313721
2003-10-21,5.088636875152588
2003-10-22,5.086320400238037
2003-10-23,5.095596790313721
2003-10-24,5.079361915588379
2003-10-27,5.100235462188721
2003-10-28,5.086320400238037
2003-10-29,5.081681728363037
2003-10-30,5.1234283447265625
2003-10-31,5.114151954650879
2003-11-03,5.1396613121032715
2003-11-04,5.114151954650879
2003-11-05,5.111835479736328
2003-11-06,5.090959072113037
2003-11-07,5.0584869384765625
2003-11-10,5.04689359664917
2003-11-11,5.051529407501221
2003-11-12,5.063125133514404
2003-11-13,5.070084095001221
2003-11-14,5.063125133514404
2003-11-17,5.021376609802246
2003-11-18,4.930923938751221
2003-11-19,4.993546485900879
2003-11-20,4.9819488525390625
2003-11-21,4.972672939300537
2003-11-24,5.049208641052246
2003-11-25,5.077040672302246
2003-11-26,5.114151954650879
2003-11-28,5.1257476806640625
2003-12-01,5.1396613121032715
2003-12-02,5.148942470550537
2003-12-03,5.1396613121032715
2003-12-04,5.151260852813721
2003-12-05,5.179093837738037
2003-12-08,5.1930084228515625
2003-12-09,5.148942470550537
2003-12-10,5.172133922576904
2003-12-11,5.195328235626221
2003-12-12,5.206925868988037
2003-12-15,5.188371181488037
2003-12-16,5.220841407775879
2003-12-17,5.244033336639404
2003-12-18,5.31129264831543
2003-12-19,5.3234686851501465
2003-12-22,5.372629165649414
2003-12-23,5.400722503662109
2003-12-24,5.410085678100586
2003-12-26,5.417108058929443
2003-12-29,5.456905364990234
2003-12-30,5.470955848693848
2003-12-31,5.461585998535156
2004-01-02,5.447544574737549
2004-01-05,5.456905364990234
2004-01-06,5.4452009201049805
2004-01-07,5.473292827606201
2004-01-08,5.470955848693848
2004-01-09,5.452225208282471
2004-01-12,5.449881553649902
2004-01-13,5.424131870269775
2004-01-14,5.489678859710693
2004-01-15,5.470955848693848
2004-01-16,5.461585998535156
2004-01-20,5.5013861656188965
2004-01-21,5.597366809844971
2004-01-22,5.61843729019165
2004-01-23,5.569275856018066
2004-01-26,5.536501407623291
2004-01-27,5.517772197723389
2004-01-28,5.538843631744385
2004-01-29,5.583322525024414
2004-01-30,5.573956489562988
2004-02-02,5.541181564331055
2004-02-03,5.590345859527588
2004-02-04,5.49904727935791
2004-02-05,5.466270446777344
2004-02-06,5.513088703155518
2004-02-09,5.5458664894104
2004-02-10,5.592684268951416
2004-02-11,5.588002681732178
2004-02-12,5.571614742279053
2004-02-13,5.56459379196167
2004-02-17,5.60673189163208
2004-02-18,5.625457286834717
2004-02-19,5.588002681732178
2004-02-20,5.534160614013672
2004-02-23,5.555229663848877
2004-02-24,5.5247931480407715
2004-02-25,5.58098030090332
2004-02-26,5.61843729019165
2004-02-27,5.679302215576172
2004-03-01,5.707394599914551
2004-03-02,5.681644916534424
2004-03-03,5.679302215576172
2004-03-04,5.719099521636963
2004-03-05,5.763579845428467
2004-03-08,5.747191905975342
2004-03-09,5.714418411254883
2004-03-10,5.64886999130249
2004-03-11,5.566932678222656
2004-03-12,5.6207780838012695
2004-03-15,5.604391574859619
2004-03-16,5.658233165740967
2004-03-17,5.747191905975342
2004-03-18,5.721441268920898
2004-03-19,5.687926769256592
2004-03-22,5.62184476852417
2004-03-23,5.61948299407959
2004-03-24,5.631283760070801
2004-03-25,5.640725135803223
2004-03-26,5.659605503082275
2004-03-29,5.695006370544434
2004-03-30,5.716247081756592
2004-03-31,5.739849090576172
2004-04-01,5.756371974945068
2004-04-02,5.728048801422119
2004-04-05,5.74457311630249
2004-04-06,5.7469305992126465
2004-04-07,5.687926769256592
2004-04-08,5.683207035064697
2004-04-12,5.593521595001221
2004-04-13,5.492040157318115
2004-04-14,5.499117851257324
2004-04-15,5.52979850769043
2004-04-16,5.548677444458008
2004-04-19,5.513276100158691
2004-04-20,5.451914310455322
2004-04-21,5.494394779205322
2004-04-22,5.555761337280273
2004-04-23,5.55811882019043
2004-04-26,5.574641227722168
2004-04-27,5.584082126617432
2004-04-28,5.588803768157959
2004-04-29,5.501477241516113
2004-04-30,5.494394779205322
2004-05-03,5.532158851623535
2004-05-04,5.55340051651001
2004-05-05,5.515638828277588
2004-05-06,5.534520149230957
2004-05-07,5.366949081420898
2004-05-10,5.291426181793213
2004-05-11,5.277263164520264
2004-05-12,5.272543430328369
2004-05-13,5.293783187866211
2004-05-14,5.322105884552002
2004-05-17,5.2654619216918945
2004-05-18,5.310306549072266
2004-05-19,5.272543430328369
2004-05-20,5.326827526092529
2004-05-21,5.31974458694458
2004-05-24,5.392911434173584
2004-05-25,5.489672660827637
2004-05-26,5.492040157318115
2004-05-27,5.548677444458008
2004-05-28,5.560479164123535
2004-06-01,5.55340051651001
2004-06-02,5.562839984893799
2004-06-03,5.503836631774902
2004-06-04,5.522716999053955
2004-06-07,5.569919586181641
2004-06-08,5.517998218536377
2004-06-09,5.4825921058654785
2004-06-10,5.520359039306641
2004-06-14,5.4825921058654785
2004-06-15,5.50619649887085
2004-06-16,5.536877632141113
2004-06-17,5.574641227722168
2004-06-18,5.604399681091309
2004-06-21,5.642494201660156
2004-06-22,5.621068000793457
2004-06-23,5.663921356201172
2004-06-24,5.6829681396484375
2004-06-25,5.6496357917785645
2004-06-28,5.6758222579956055
2004-06-29,5.632969379425049
2004-06-30,5.6567769050598145
2004-07-01,5.59011697769165
2004-07-02,5.647254943847656
2004-07-06,5.637731552124023
2004-07-07,5.6496357917785645
2004-07-08,5.628204345703125
2004-07-09,5.616306304931641
2004-07-12,5.628204345703125
2004-07-13,5.616306304931641
2004-07-14,5.666301250457764
2004-07-15,5.692491054534912
2004-07-16,5.7329630851745605
2004-07-19,5.759153842926025
2004-07-20,5.771055221557617
2004-07-21,5.6805853843688965
2004-07-22,5.642494201660156
2004-07-23,5.609161853790283
2004-07-26,5.594878673553467
2004-07-27,5.587733268737793
2004-07-28,5.661540508270264
2004-07-29,5.702014923095703
2004-07-30,5.742489337921143
2004-08-02,5.78533935546875
2004-08-03,5.773437023162842
2004-08-04,5.8234357833862305
2004-08-05,5.754390716552734
2004-08-06,5.79724645614624
2004-08-09,5.782961368560791
2004-08-10,5.825815677642822
2004-08-11,5.849620819091797
2004-08-12,5.8472418785095215
2004-08-13,5.825815677642822
2004-08-16,5.851999759674072
2004-08-17,5.849620819091797
2004-08-18,5.8877177238464355
2004-08-19,5.859145641326904
2004-08-20,5.882955074310303
2004-08-23,5.871049404144287
2004-08-24,5.882955074310303
2004-08-25,5.9067606925964355
2004-08-26,5.9067606925964355
2004-08-27,5.9043803215026855
2004-08-30,5.918666839599609
2004-08-31,5.975808143615723
2004-09-01,5.956762313842773
2004-09-02,6.0115180015563965
2004-09-03,5.9900898933410645
2004-09-07,6.032946586608887
2004-09-08,5.975808143615723
2004-09-09,6.001992702484131
2004-09-10,6.013898849487305
2004-09-13,5.966281414031982
2004-09-14,5.956762313842773
2004-09-15,5.968663215637207
2004-09-16,6.00437593460083
2004-09-17,6.04014253616333
2004-09-20,6.018538951873779
2004-09-21,6.052148818969727
2004-09-22,6.0257415771484375
2004-09-23,5.965723514556885
2004-09-24,5.968123435974121
2004-09-27,5.975327968597412
2004-09-28,6.013739109039307
2004-09-29,6.00173282623291
2004-09-30,6.013739109039307
2004-10-01,6.0617523193359375
2004-10-04,6.085761547088623
2004-10-05,6.11216402053833
2004-10-06,6.136171817779541
2004-10-07,6.102563858032227
2004-10-08,6.128973007202148
2004-10-11,6.11216402053833
2004-10-12,6.162580966949463
2004-10-13,6.080958843231201
2004-10-14,6.092961311340332
2004-10-15,6.140971660614014
2004-10-18,6.097762584686279
2004-10-19,6.088160037994385
2004-10-20,6.095363616943359
2004-10-21,6.121768951416016
2004-10-22,6.160179138183594
2004-10-25,6.253803730010986
2004-10-26,6.316222190856934
2004-10-27,6.309023380279541
2004-10-28,6.273011207580566
2004-10-29,6.306621074676514
2004-11-01,6.35703706741333
2004-11-02,6.232199668884277
2004-11-03,6.364241123199463
2004-11-04,6.4914751052856445
2004-11-05,6.467469692230225
2004-11-08,6.529885768890381
2004-11-09,6.532286167144775
2004-11-10,6.529885768890381
2004-11-11,6.59950590133667
2004-11-12,6.6787309646606445
2004-11-15,6.6451215744018555
2004-11-16,6.633116722106934
2004-11-17,6.577902317047119
2004-11-18,6.577902317047119
2004-11-19,6.553892135620117
2004-11-22,6.657123565673828
2004-11-23,6.697934150695801
2004-11-24,6.721942901611328
2004-11-26,6.748347759246826
2004-11-29,6.659524440765381
2004-11-30,6.587502479553223
2004-12-01,6.529885768890381
2004-12-02,6.448263645172119
2004-12-03,6.496278285980225
2004-12-06,6.556293487548828
2004-12-07,6.5058794021606445
2004-12-08,6.472270965576172
2004-12-09,6.47467041015625
2004-12-10,6.498677730560303
2004-12-13,6.594703674316406
2004-12-14,6.61871337890625
2004-12-15,6.649919033050537
2004-12-16,6.652321815490723
2004-12-17,6.669773578643799
2004-12-20,6.706126689910889
2004-12-21,6.776412010192871
2004-12-22,6.790953636169434
2004-12-23,6.788535118103027
2004-12-27,6.744903087615967
2004-12-28,6.761868000030518
2004-12-29,6.781259059906006
2004-12-30,6.783681392669678
2004-12-31,6.749751567840576
2005-01-03,6.672194957733154
2005-01-04,6.626145839691162
2005-01-05,6.521931171417236
2005-01-06,6.555863380432129
2005-01-07,6.555863380432129
2005-01-10,6.5897932052612305
2005-01-11,6.570404052734375
2005-01-12,6.5897932052612305
2005-01-13,6.62130069732666
2005-01-14,6.677040100097656
2005-01-18,6.735210418701172
2005-01-19,6.706126689910889
2005-01-20,6.684313774108887
2005-01-21,6.657652378082275
2005-01-24,6.715819835662842
2005-01-25,6.677040100097656
2005-01-26,6.773988246917725
2005-01-27,6.807919025421143
2005-01-28,6.815189361572266
2005-01-31,6.89274263381958
2005-02-01,6.9387922286987305
2005-02-02,6.965453624725342
2005-02-03,6.9848408699035645
2005-02-04,7.052701473236084
2005-02-07,7.038160800933838
2005-02-08,7.079361438751221
2005-02-09,7.038160800933838
2005-02-10,7.0454325675964355
2005-02-11,7.0502753257751465
2005-02-14,7.113293647766113
2005-02-15,7.1011738777160645
2005-02-16,7.1205644607543945
2005-02-17,7.106024265289307
2005-02-18,7.030888557434082
2005-02-22,6.8636603355407715
2005-02-23,6.900013446807861
2005-02-24,6.953334331512451
2005-02-25,7.089057445526123
2005-02-28,7.040585994720459
2005-03-01,7.059974670410156
2005-03-02,7.052701473236084
2005-03-03,7.089057445526123
2005-03-04,7.2005438804626465
2005-03-07,7.25143575668335
2005-03-08,7.202968120574951
2005-03-09,7.0745158195495605
2005-03-10,7.1205644607543945
2005-03-11,7.089057445526123
2005-03-14,7.198120594024658
2005-03-15,7.166615009307861
2005-03-16,7.1011738777160645
2005-03-17,7.1423749923706055
2005-03-18,7.120882511138916
2005-03-21,7.118445873260498
2005-03-22,6.974369525909424
2005-03-23,6.940179347991943
2005-03-24,7.0134358406066895
2005-03-28,7.025651454925537
2005-03-29,6.937735080718994
2005-03-30,7.050067901611328
2005-03-31,7.118445873260498
2005-04-01,7.142864227294922
2005-04-04,7.162400722503662
2005-04-05,7.20391321182251
2005-04-06,7.181934356689453
2005-04-07,7.247871398925781
2005-04-08,7.19170618057251
2005-04-11,7.262520790100098
2005-04-12,7.3309006690979
2005-04-13,7.279618263244629
2005-04-14,7.211241245269775
2005-04-15,7.084253787994385
2005-04-18,7.11112117767334
2005-04-19,7.211241245269775
2005-04-20,7.147747993469238
2005-04-21,7.211241245269775
2005-04-22,7.257638931274414
2005-04-25,7.306475639343262
2005-04-26,7.213680744171143
2005-04-27,7.26740837097168
2005-04-28,7.235659122467041
2005-04-29,7.338224411010742
2005-05-02,7.357758522033691
2005-05-03,7.321132183074951
2005-05-04,7.328455448150635
2005-05-05,7.299151420593262
2005-05-06,7.282058238983154
2005-05-09,7.343109130859375
2005-05-10,7.289385795593262
2005-05-11,7.323571681976318
2005-05-12,7.240545749664307
2005-05-13,7.12332820892334
2005-05-16,7.16972541809082
2005-05-17,7.252755641937256
2005-05-18,7.255200386047363
2005-05-19,7.296709060668945
2005-05-20,7.2942705154418945
2005-05-23,7.26740837097168
2005-05-24,7.26740837097168
2005-05-25,7.286941051483154
2005-05-26,7.306475639343262
2005-05-27,7.335780620574951
2005-05-31,7.333339214324951
2005-06-01,7.42857551574707
2005-06-02,7.41880989074707
2005-06-03,7.44323205947876
2005-06-06,7.435903549194336
2005-06-07,7.452995777130127
2005-06-08,7.467653274536133
2005-06-09,7.474978923797607
2005-06-10,7.501837730407715
2005-06-13,7.533585548400879
2005-06-14,7.5531206130981445
2005-06-15,7.516493797302246
2005-06-16,7.504281997680664
2005-06-17,7.600050449371338
2005-06-20,7.6148223876953125
2005-06-21,7.624670505523682
2005-06-22,7.693607330322266
2005-06-23,7.715762138366699
2005-06-24,7.661597728729248
2005-06-27,7.708379745483398
2005-06-28,7.784700393676758
2005-06-29,7.762539386749268
2005-06-30,7.769926071166992
2005-07-01,7.84132194519043
2005-07-05,7.856093883514404
2005-07-06,7.723152160644531
2005-07-07,7.784700393676758
2005-07-08,7.875788688659668
2005-07-11,7.920104026794434
2005-07-12,7.942260265350342
2005-07-13,7.964418411254883
2005-07-14,7.885636806488037
2005-07-15,7.883179664611816
2005-07-18,7.87825345993042
2005-07-19,7.885636806488037
2005-07-20,7.927490711212158
2005-07-21,7.784700393676758
2005-07-22,7.829012393951416
2005-07-25,7.8314738273620605
2005-07-26,7.858555316925049
2005-07-27,7.89302396774292
2005-07-28,7.942260265350342
2005-07-29,7.9447221755981445
2005-08-01,7.84132194519043
2005-08-02,8.023506164550781
2005-08-03,8.045662879943848
2005-08-04,7.993964195251465
2005-08-05,7.856093883514404
2005-08-08,7.696066379547119
2005-08-09,7.777309894561768
2005-08-10,7.7748541831970215
2005-08-11,7.821628570556641
2005-08-12,7.814242362976074
2005-08-15,7.843788146972656
2005-08-16,7.72068977355957
2005-08-17,7.713302135467529
2005-08-18,7.742847919464111
2005-08-19,7.789621353149414
2005-08-22,7.84132194519043
2005-08-23,7.905332565307617
2005-08-24,7.868400573730469
2005-08-25,7.927490711212158
2005-08-26,7.9151787757873535
2005-08-29,7.94718599319458
2005-08-30,7.934876441955566
2005-08-31,7.996421813964844
2005-09-01,8.12198543548584
2005-09-02,8.124444961547852
2005-09-06,8.200769424438477
2005-09-07,8.205692291259766
2005-09-08,8.134294509887695
2005-09-09,8.230311393737793
2005-09-12,8.222925186157227
2005-09-13,8.151527404785156
2005-09-14,8.181070327758789
2005-09-15,8.257393836975098
2005-09-16,8.332053184509277
2005-09-19,8.307249069213867
2005-09-20,8.27500057220459
2005-09-21,8.131134033203125
2005-09-22,8.08648681640625
2005-09-23,8.106330871582031
2005-09-26,8.17330265045166
2005-09-27,8.175787925720215
2005-09-28,8.26012134552002
2005-09-29,8.341979026794434
2005-09-30,8.334535598754883
2005-10-03,8.428797721862793
2005-10-04,8.282448768615723
2005-10-05,8.041836738586426
2005-10-06,7.935176849365234
2005-10-07,8.004632949829102
2005-10-10,7.863239765167236
2005-10-11,7.8806023597717285
2005-10-12,7.731770038604736
2005-10-13,7.568057060241699
2005-10-14,7.654879570007324
2005-10-17,7.739216327667236
2005-10-18,7.610228061676025
2005-10-19,7.630072116851807
2005-10-20,7.429145812988281
2005-10-21,7.528368949890137
2005-10-24,7.721848487854004
2005-10-25,7.731770038604736
2005-10-26,7.637514591217041
2005-10-27,7.550693511962891
2005-10-28,7.702005386352539
2005-10-31,7.801225185394287
2005-11-01,7.647432804107666
2005-11-02,7.67719841003418
2005-11-03,7.672239303588867
2005-11-04,7.662318229675293
2005-11-07,7.642474174499512
2005-11-08,7.6399922370910645
2005-11-09,7.706967353820801
2005-11-10,7.669755458831787
2005-11-11,7.600301742553711
2005-11-14,7.550693511962891
2005-11-15,7.565573215484619
2005-11-16,7.635032653808594
2005-11-17,7.746652126312256
2005-11-18,7.731770038604736
2005-11-21,7.7491350173950195
2005-11-22,7.7491350173950195
2005-11-23,7.8458733558654785
2005-11-25,7.875644683837891
2005-11-28,7.8458733558654785
2005-11-29,7.865719795227051
2005-11-30,7.788824558258057
2005-12-01,7.818589687347412
2005-12-02,7.830995082855225
2005-12-05,7.826029300689697
2005-12-06,7.803705215454102
2005-12-07,7.766500473022461
2005-12-08,7.848355770111084
2005-12-09,7.937654495239258
2005-12-12,7.863239765167236
2005-12-13,7.979823112487793
2005-12-14,8.069122314453125
2005-12-15,8.08648681640625
2005-12-16,8.08598518371582
2005-12-19,7.978374004364014
2005-12-20,7.990885257720947
2005-12-21,7.918308734893799
2005-12-22,7.953347682952881
2005-12-23,7.968362808227539
2005-12-27,7.953347682952881
2005-12-28,7.913301944732666
2005-12-29,7.898287773132324
2005-12-30,7.855747222900391
2006-01-03,8.008405685424805
2006-01-04,8.020917892456055
2006-01-05,7.968362808227539
2006-01-06,8.053452491760254
2006-01-09,8.003396987915039
2006-01-10,8.015912055969238
2006-01-11,8.003396987915039
2006-01-12,8.003396987915039
2006-01-13,8.058455467224121
2006-01-17,8.143547058105469
2006-01-18,8.16106128692627
2006-01-19,8.233641624450684
2006-01-20,8.186088562011719
2006-01-23,8.173576354980469
2006-01-24,8.24615478515625
2006-01-25,8.133537292480469
2006-01-26,8.060954093933105
2006-01-27,8.10600471496582
2006-01-30,8.050947189331055
2006-01-31,8.045943260192871
2006-02-01,8.068470001220703
2006-02-02,7.963354587554932
2006-02-03,7.923312187194824
2006-02-06,7.970861434936523
2006-02-07,7.923312187194824
2006-02-08,7.920810222625732
2006-02-09,7.948338508605957
2006-02-10,7.953347682952881
2006-02-13,7.943336486816406
2006-02-14,7.935826301574707
2006-02-15,7.948338508605957
2006-02-16,8.010905265808105
2006-02-17,8.08348274230957
2006-02-21,8.095993995666504
2006-02-22,8.12602710723877
2006-02-23,8.116013526916504
2006-02-24,8.141043663024902
2006-02-27,8.206110000610352
2006-02-28,8.15105152130127
2006-03-01,8.12852954864502
2006-03-02,8.12352466583252
2006-03-03,8.08348274230957
2006-03-06,7.953347682952881
2006-03-07,7.9158034324646
2006-03-08,7.908300876617432
2006-03-09,7.885775566101074
2006-03-10,7.935826301574707
2006-03-13,7.945840835571289
2006-03-14,8.030927658081055
2006-03-15,8.08348274230957
2006-03-16,8.12602710723877
2006-03-17,8.106362342834473
2006-03-20,7.987849712371826
2006-03-21,7.927338600158691
2006-03-22,7.9651570320129395
2006-03-23,7.955075263977051
2006-03-24,7.939949035644531
2006-03-27,7.8869948387146
2006-03-28,7.854218006134033
2006-03-29,7.902126789093018
2006-03-30,7.831524848937988
2006-03-31,7.773531436920166
2006-04-03,7.78361701965332
2006-04-04,7.866827011108398
2006-04-05,7.942465782165527
2006-04-06,7.844133377075195
2006-04-07,7.733189105987549
2006-04-10,7.730668067932129
2006-04-11,7.6424174308776855
2006-04-12,7.660068988800049
2006-04-13,7.624766826629639
2006-04-17,7.617204189300537
2006-04-18,7.763447284698486
2006-04-19,7.788661479949951
2006-04-20,7.844133377075195
2006-04-21,7.879433631896973
2006-04-24,7.952551364898682
2006-04-25,7.8390889167785645
2006-04-26,7.760928153991699
2006-04-27,7.864303112030029
2006-04-28,7.897079944610596
2006-05-01,7.82396125793457
2006-05-02,7.95003080368042
2006-05-03,7.924818515777588
2006-05-04,7.934903144836426
2006-05-05,8.113924980163574
2006-05-08,8.050886154174805
2006-05-09,7.982810020446777
2006-05-10,8.045848846435547
2006-05-11,7.970206260681152
2006-05-12,7.881951808929443
2006-05-15,7.932382106781006
2006-05-16,7.897079944610596
2006-05-17,7.776055812835693
2006-05-18,7.773531436920166
2006-05-19,7.8390889167785645
2006-05-22,7.899604320526123
2006-05-23,7.788661479949951
2006-05-24,7.8163957595825195
2006-05-25,7.889518737792969
2006-05-26,7.975246429443359
2006-05-30,7.894559383392334
2006-05-31,8.025673866271973
2006-06-01,8.106362342834473
2006-06-02,8.20469856262207
2006-06-05,8.106362342834473
2006-06-06,8.121485710144043
2006-06-07,8.091229438781738
2006-06-08,8.118967056274414
2006-06-09,8.187044143676758
2006-06-12,8.20469856262207
2006-06-13,8.106362342834473
2006-06-14,8.045848846435547
2006-06-15,8.169397354125977
2006-06-16,8.164053916931152
2006-06-19,8.052180290222168
2006-06-20,8.072525024414062
2006-06-21,8.064894676208496
2006-06-22,8.03692626953125
2006-06-23,8.049639701843262
2006-06-26,8.082695960998535
2006-06-27,8.052180290222168
2006-06-28,8.075065612792969
2006-06-29,8.179306983947754
2006-06-30,8.209820747375488
2006-07-03,8.301353454589844
2006-07-05,8.245418548583984
2006-07-06,8.20219612121582
2006-07-07,8.265753746032715
2006-07-10,8.311519622802734
2006-07-11,8.375085830688477
2006-07-12,8.334405899047852
2006-07-13,8.303894996643066
2006-07-14,8.303894996643066
2006-07-17,8.326774597167969
2006-07-18,8.33949089050293
2006-07-19,8.46661376953125
2006-07-20,8.486952781677246
2006-07-21,8.507299423217773
2006-07-24,8.586116790771484
2006-07-25,8.621708869934082
2006-07-26,8.65221881866455
2006-07-27,8.583573341369629
2006-07-28,8.64205265045166
2006-07-31,8.603910446166992
2006-08-01,8.710700988769531
2006-08-02,8.703069686889648
2006-08-03,8.659852981567383
2006-08-04,8.662388801574707
2006-08-07,8.560685157775879
2006-08-08,8.64205265045166
2006-08-09,8.64459228515625
2006-08-10,8.631879806518555
2006-08-11,8.611539840698242
2006-08-14,8.67002010345459
2006-08-15,8.725955963134766
2006-08-16,8.64459228515625
2006-08-17,8.634421348571777
2006-08-18,8.731039047241211
2006-08-21,8.748834609985352
2006-08-22,8.779346466064453
2006-08-23,8.687814712524414
2006-08-24,8.723406791687012
2006-08-25,8.723406791687012
2006-08-28,8.78951644897461
2006-08-29,8.79714298248291
2006-08-30,8.751379013061523
2006-08-31,8.840365409851074
2006-09-01,8.847997665405273
2006-09-05,8.753921508789062
2006-09-06,8.720871925354004
2006-09-07,8.7335844039917
2006-09-08,8.7335844039917
2006-09-11,8.703069686889648
2006-09-12,8.657304763793945
2006-09-13,8.675101280212402
2006-09-14,8.639512062072754
2006-09-15,8.642582893371582
2006-09-18,8.616952896118164
2006-09-19,8.634893417358398
2006-09-20,8.622078895568848
2006-09-21,8.609264373779297
2006-09-22,8.599010467529297
2006-09-25,8.719475746154785
2006-09-26,8.706661224365234
2006-09-27,8.827123641967773
2006-09-28,8.798931121826172
2006-09-29,8.711787223815918
2006-10-02,8.775861740112305
2006-10-03,8.811745643615723
2006-10-04,8.84763240814209
2006-10-05,8.81943416595459
2006-10-06,8.770735740661621
2006-10-09,8.763045310974121
2006-10-10,8.827123641967773
2006-10-11,8.84763240814209
2006-10-12,8.845065116882324
2006-10-13,8.855315208435059
2006-10-16,8.898887634277344
2006-10-17,8.937331199645996
2006-10-18,9.034730911254883
2006-10-19,9.070611000061035
2006-10-20,9.126997947692871
2006-10-23,9.137255668640137
2006-10-24,9.144943237304688
2006-10-25,9.24233627319336
2006-10-26,9.20132827758789
2006-10-27,9.16800308227539
2006-10-30,9.162883758544922
2006-10-31,9.173133850097656
2006-11-01,9.22951889038086
2006-11-02,9.18594741821289
2006-11-03,9.119312286376953
2006-11-06,9.078299522399902
2006-11-07,9.0475435256958
2006-11-08,9.137255668640137
2006-11-09,9.134689331054688
2006-11-10,9.203889846801758
2006-11-13,9.20132827758789
2006-11-14,9.224394798278809
2006-11-15,9.19364070892334
2006-11-16,9.226957321166992
2006-11-17,9.237208366394043
2006-11-20,9.206449508666992
2006-11-21,9.221830368041992
2006-11-22,9.24233627319336
2006-11-24,9.278217315673828
2006-11-27,9.175700187683105
2006-11-28,9.24233627319336
2006-11-29,9.357674598693848
2006-11-30,9.416622161865234
2006-12-01,9.411497116088867
2006-12-04,9.485821723937988
2006-12-05,9.508896827697754
2006-12-06,9.462753295898438
2006-12-07,9.452508926391602
2006-12-08,9.424311637878418
2006-12-11,9.475574493408203
2006-12-12,9.511457443237305
2006-12-13,9.54733657836914
2006-12-14,9.562716484069824
2006-12-15,9.553925514221191
2006-12-18,9.486678123474121
2006-12-19,9.528059005737305
2006-12-20,9.497024536132812
2006-12-21,9.491849899291992
2006-12-22,9.458227157592773
2006-12-26,9.504779815673828
2006-12-27,9.556509971618652
2006-12-28,9.499608993530273
2006-12-29,9.497024536132812
2007-01-03,9.522889137268066
2007-01-04,9.509956359863281
2007-01-05,9.339254379272461
2007-01-08,9.33408260345459
2007-01-09,9.341842651367188
2007-01-10,9.34443187713623
2007-01-11,9.354775428771973
2007-01-12,9.27718448638916
2007-01-16,9.305634498596191
2007-01-17,9.326326370239258
2007-01-18,9.32115364074707
2007-01-19,9.323742866516113
2007-01-22,9.32115364074707
2007-01-23,9.375466346740723
2007-01-24,9.406500816345215
2007-01-25,9.398741722106934
2007-01-26,9.375466346740723
2007-01-29,9.406500816345215
2007-01-30,9.434950828552246
2007-01-31,9.463400840759277
2007-02-01,9.543575286865234
2007-02-02,9.595303535461426
2007-02-05,9.698759078979492
2007-02-06,9.750481605529785
2007-02-07,9.786694526672363
2007-02-08,9.804797172546387
2007-02-09,9.838418006896973
2007-02-12,9.802209854125977
2007-02-13,9.887558937072754
2007-02-14,9.957389831542969
2007-02-15,9.872039794921875
2007-02-16,9.890144348144531
2007-02-20,9.916009902954102
2007-02-21,9.87463092803955
2007-02-22,9.887558937072754
2007-02-23,10.001355171203613
2007-02-26,10.239302635192871
2007-02-27,9.866868019104004
2007-02-28,9.965145111083984
2007-03-01,9.996188163757324
2007-03-02,9.8410062789917
2007-03-05,9.716859817504883
2007-03-06,9.861695289611816
2007-03-07,9.8410062789917
2007-03-08,9.892731666564941
2007-03-09,9.879798889160156
2007-03-12,9.978081703186035
2007-03-13,9.843591690063477
2007-03-14,9.892731666564941
2007-03-15,10.019463539123535
2007-03-16,9.985137939453125
2007-03-19,10.05794906616211
2007-03-20,10.203564643859863
2007-03-21,10.3231782913208
2007-03-22,10.312774658203125
2007-03-23,10.362184524536133
2007-03-26,10.406386375427246
2007-03-27,10.390786170959473
2007-03-28,10.369983673095703
2007-03-29,10.429794311523438
2007-03-30,10.3231782913208
2007-04-02,10.570209503173828
2007-04-03,10.583208084106445
2007-04-04,10.536402702331543
2007-04-05,10.583208084106445
2007-04-09,10.661216735839844
2007-04-10,10.663816452026367
2007-04-11,10.637813568115234
2007-04-12,10.591005325317383
2007-04-13,10.588408470153809
2007-04-16,10.650814056396484
2007-04-17,10.700220108032227
2007-04-18,10.778230667114258
2007-04-19,10.726224899291992
2007-04-20,10.809435844421387
2007-04-23,10.890044212341309
2007-04-24,10.968052864074707
2007-04-25,10.999256134033203
2007-04-26,10.962848663330078
2007-04-27,10.871840476989746
2007-04-30,10.830236434936523
2007-05-01,10.918646812438965
2007-05-02,10.978455543518066
2007-05-03,10.965450286865234
2007-05-04,10.944647789001465
2007-05-07,11.074662208557129
2007-05-08,11.025257110595703
2007-05-09,11.033062934875488
2007-05-10,10.921250343322754
2007-05-11,10.97325325012207
2007-05-14,11.017455101013184
2007-05-15,11.077261924743652
2007-05-16,11.103267669677734
2007-05-17,11.077261924743652
2007-05-18,11.137066841125488
2007-05-21,11.121474266052246
2007-05-22,11.100662231445312
2007-05-23,10.926445007324219
2007-05-24,10.682021141052246
2007-05-25,10.687214851379395
2007-05-29,10.718425750732422
2007-05-30,10.851038932800293
2007-05-31,10.879639625549316
2007-06-01,10.819833755493164
2007-06-04,10.778230667114258
2007-06-05,10.635211944580078
2007-06-06,10.466194152832031
2007-06-07,10.141156196594238
2007-06-08,10.213968276977539
2007-06-11,10.349181175231934
2007-06-12,10.180160522460938
2007-06-13,10.382986068725586
2007-06-14,10.447994232177734
2007-06-15,10.588335037231445
2007-06-18,10.473129272460938
2007-06-19,10.541203498840332
2007-06-20,10.266281127929688
2007-06-21,10.331738471984863
2007-06-22,10.135369300842285
2007-06-25,10.19035530090332
2007-06-26,10.135369300842285
2007-06-27,10.284611701965332
2007-06-28,10.281990051269531
2007-06-29,10.363160133361816
2007-07-02,10.512401580810547
2007-07-03,10.512401580810547
2007-07-05,10.491454124450684
2007-07-06,10.436471939086914
2007-07-09,10.452177047729492
2007-07-10,10.35529899597168
2007-07-11,10.381487846374512
2007-07-12,10.512401580810547
2007-07-13,10.669495582580566
2007-07-16,10.51502513885498
2007-07-17,10.525492668151855
2007-07-18,10.604042053222656
2007-07-19,10.774224281311035
2007-07-20,10.65640926361084
2007-07-23,10.666884422302246
2007-07-24,10.347450256347656
2007-07-25,10.368395805358887
2007-07-26,10.1327486038208
2007-07-27,9.831647872924805
2007-07-30,9.967801094055176
2007-07-31,9.949468612670898
2007-08-01,10.174643516540527
2007-08-02,10.284611701965332
2007-08-03,9.93637752532959
2007-08-06,10.247955322265625
2007-08-07,10.433849334716797
2007-08-08,10.585715293884277
2007-08-09,10.39458179473877
2007-08-10,10.213918685913086
2007-08-13,10.266281127929688
2007-08-14,10.093476295471191
2007-08-15,9.957326889038086
2007-08-16,10.028020858764648
2007-08-17,10.114423751831055
2007-08-20,10.169407844543457
2007-08-21,10.158930778503418
2007-08-22,10.276758193969727
2007-08-23,10.308176040649414
2007-08-24,10.371017456054688
2007-08-27,10.1065673828125
2007-08-28,9.949468612670898
2007-08-29,10.145841598510742
2007-08-30,10.127516746520996
2007-08-31,10.1065673828125
2007-09-04,10.302938461303711
2007-09-05,10.276758193969727
2007-09-06,10.289846420288086
2007-09-07,10.213918685913086
2007-09-10,10.22177505493164
2007-09-11,10.289846420288086
2007-09-12,10.376250267028809
2007-09-13,10.397197723388672
2007-09-14,10.39458179473877
2007-09-17,10.402433395385742
2007-09-18,10.643319129943848
2007-09-19,10.761136054992676
2007-09-20,10.614513397216797
2007-09-21,10.631389617919922
2007-09-24,10.670941352844238
2007-09-25,10.684123039245605
2007-09-26,10.736859321594238
2007-09-27,10.660390853881836
2007-09-28,10.494277954101562
2007-10-01,10.636669158935547
2007-10-02,10.67621898651123
2007-10-03,10.641939163208008
2007-10-04,10.699943542480469
2007-10-05,10.784321784973145
2007-10-08,10.768503189086914
2007-10-09,10.887153625488281
2007-10-10,10.805419921875
2007-10-11,10.916157722473145
2007-10-12,10.887153625488281
2007-10-15,10.808050155639648
2007-10-16,10.781685829162598
2007-10-17,10.810688972473145
2007-10-18,10.715766906738281
2007-10-19,10.478459358215332
2007-10-22,10.552291870117188
2007-10-23,10.557562828063965
2007-10-24,10.547012329101562
2007-10-25,10.805419921875
2007-10-26,10.953071594238281
2007-10-29,11.050634384155273
2007-10-30,11.06381893157959
2007-10-31,11.19301986694336
2007-11-01,10.963623046875
2007-11-02,11.053264617919922
2007-11-05,11.174564361572266
2007-11-06,11.185108184814453
2007-11-07,10.929348945617676
2007-11-08,11.142918586730957
2007-11-09,11.055908203125
2007-11-12,10.863426208496094
2007-11-13,10.955710411071777
2007-11-14,10.889793395996094
2007-11-15,10.987348556518555
2007-11-16,10.98998737335205
2007-11-19,11.021627426147461
2007-11-20,11.15610408782959
2007-11-21,11.06381893157959
2007-11-23,11.053264617919922
2007-11-26,11.034817695617676
2007-11-27,11.077004432678223
2007-11-28,11.269486427307129
2007-11-29,11.19301986694336
2007-11-30,11.266849517822266
2007-12-03,11.37759017944336
2007-12-04,11.459328651428223
2007-12-05,11.657090187072754
2007-12-06,11.588530540466309
2007-12-07,11.649176597595215
2007-12-10,11.70191764831543
2007-12-11,11.430329322814941
2007-12-12,11.43295955657959
2007-12-13,11.601716995239258
2007-12-14,11.385505676269531
2007-12-17,11.280031204223633
2007-12-18,11.380229949951172
2007-12-19,11.351224899291992
2007-12-20,11.401324272155762
2007-12-21,11.424437522888184
2007-12-24,11.480229377746582
2007-12-26,11.421783447265625
2007-12-27,11.320820808410645
2007-12-28,11.403181076049805
2007-12-31,11.246429443359375
2008-01-02,11.182662963867188
2008-01-03,11.166720390319824
2008-01-04,11.251738548278809
2008-01-07,11.485546112060547
2008-01-08,11.488204956054688
2008-01-09,11.613068580627441
2008-01-10,11.541335105895996
2008-01-11,11.538684844970703
2008-01-14,11.554622650146484
2008-01-15,11.432412147521973
2008-01-16,11.227828025817871
2008-01-17,10.794764518737793
2008-01-18,10.635355949401855
2008-01-22,10.268710136413574
2008-01-23,10.542369842529297
2008-01-24,10.255424499511719
2008-01-25,10.143836975097656
2008-01-28,10.303248405456543
2008-01-29,10.337787628173828
2008-01-30,10.284647941589355
2008-01-31,10.420146942138672
2008-02-01,10.691147804260254
2008-02-04,10.84524154663086
2008-02-05,10.518457412719727
2008-02-06,10.499855995178223
2008-02-07,10.444059371948242
2008-02-08,10.361701011657715
2008-02-11,10.446721076965332
2008-02-12,10.624726295471191
2008-02-13,10.574244499206543
2008-02-14,10.44140338897705
2008-02-15,10.587526321411133
2008-02-19,10.50251293182373
2008-02-20,10.523768424987793
2008-02-21,10.292620658874512
2008-02-22,10.473286628723145
2008-02-25,10.483909606933594
2008-02-26,10.619415283203125
2008-02-27,10.364354133605957
2008-02-28,10.295273780822754
2008-02-29,9.99239730834961
2008-03-03,10.143836975097656
2008-03-04,10.319189071655273
2008-03-05,10.289965629577637
2008-03-06,10.08007526397705
2008-03-07,10.01630687713623
2008-03-10,10.003026962280273
2008-03-11,10.175718307495117
2008-03-12,10.175718307495117
2008-03-13,10.143836975097656
2008-03-14,10.069449424743652
2008-03-17,10.074759483337402
2008-03-18,10.252764701843262
2008-03-19,10.050848007202148
2008-03-20,10.02167797088623
2008-03-24,10.053790092468262
2008-03-25,10.024356842041016
2008-03-26,10.061817169189453
2008-03-27,10.163514137268066
2008-03-28,10.06984806060791
2008-03-31,10.152806282043457
2008-04-01,10.415051460266113
2008-04-02,10.54885196685791
2008-04-03,10.492658615112305
2008-04-04,10.481951713562012
2008-04-07,10.527444839477539
2008-04-08,10.597023963928223
2008-04-09,10.570263862609863
2008-04-10,10.495333671569824
2008-04-11,10.508712768554688
2008-04-14,10.492658615112305
2008-04-15,10.607728004455566
2008-04-16,10.829835891723633
2008-04-17,10.851247787475586
2008-04-18,10.88603401184082
2008-04-21,10.78702163696289
2008-04-22,10.754908561706543
2008-04-23,10.77096176147461
2008-04-24,10.760260581970215
2008-04-25,10.795049667358398
2008-04-28,10.690686225891113
2008-04-29,10.741523742675781
2008-04-30,10.671950340270996
2008-05-01,10.797723770141602
2008-05-02,10.977014541625977
2008-05-05,10.819130897521973
2008-05-06,10.81645393371582
2008-05-07,10.653220176696777
2008-05-08,10.679975509643555
2008-05-09,10.714770317077637
2008-05-12,10.819130897521973
2008-05-13,10.80307674407959
2008-05-14,10.84321403503418
2008-05-15,10.832514762878418
2008-05-16,10.912793159484863
2008-05-19,11.035886764526367
2008-05-20,11.110819816589355
2008-05-21,11.054622650146484
2008-05-22,11.118844985961914
2008-05-23,10.94758129119873
2008-05-27,11.003777503967285
2008-05-28,11.011801719665527
2008-05-29,11.129554748535156
2008-05-30,11.054622650146484
2008-06-02,10.974340438842773
2008-06-03,10.87800121307373
2008-06-04,11.00912857055664
2008-06-05,11.140253067016602
2008-06-06,10.848567962646484
2008-06-09,11.017156600952148
2008-06-10,11.006454467773438
2008-06-11,10.995752334594727
2008-06-12,10.950254440307617
2008-06-13,11.04926872253418
2008-06-16,11.059972763061523
2008-06-17,11.1215238571167
2008-06-18,11.078703880310059
2008-06-19,11.092090606689453
2008-06-20,10.964030265808105
2008-06-23,11.096131324768066
2008-06-24,11.00446605682373
2008-06-25,11.133871078491211
2008-06-26,10.802275657653809
2008-06-27,10.710624694824219
2008-06-30,10.972123146057129
2008-07-01,11.028735160827637
2008-07-02,10.999079704284668
2008-07-03,10.88585376739502
2008-07-07,10.778021812438965
2008-07-08,10.834633827209473
2008-07-09,10.964030265808105
2008-07-10,10.99099063873291
2008-07-11,10.907419204711914
2008-07-14,10.831937789916992
2008-07-15,10.756454467773438
2008-07-16,10.543478965759277
2008-07-17,10.376336097717285
2008-07-18,10.38711929321289
2008-07-21,10.570435523986816
2008-07-22,10.535388946533203
2008-07-23,10.27928638458252
2008-07-24,10.263113021850586
2008-07-25,10.139101028442383
2008-07-28,10.163362503051758
2008-07-29,10.176840782165527
2008-07-30,10.376336097717285
2008-07-31,10.265804290771484
2008-08-01,9.97195816040039
2008-08-04,9.86412525177002
2008-08-05,9.944999694824219
2008-08-06,9.998916625976562
2008-08-07,9.990832328796387
2008-08-08,10.020484924316406
2008-08-11,10.131011009216309
2008-08-12,10.012397766113281
2008-08-13,10.012397766113281
2008-08-14,9.926129341125488
2008-08-15,9.961175918579102
2008-08-18,9.974650382995605
2008-08-19,10.028570175170898
2008-08-20,10.066314697265625
2008-08-21,10.163362503051758
2008-08-22,10.203802108764648
2008-08-25,10.095966339111328
2008-08-26,10.206499099731445
2008-08-27,10.27928638458252
2008-08-28,10.295459747314453
2008-08-29,10.152578353881836
2008-09-02,10.028570175170898
2008-09-03,9.869510650634766
2008-09-04,9.74551010131836
2008-09-05,9.540623664855957
2008-09-08,9.78055191040039
2008-09-09,9.473224639892578
2008-09-10,9.578365325927734
2008-09-11,9.653850555419922
2008-09-12,9.834470748901367
2008-09-15,9.492094993591309
2008-09-16,9.34921646118164
2008-09-17,8.896312713623047
2008-09-18,9.222513198852539
2008-09-19,9.518960952758789
2008-09-22,9.282343864440918
2008-09-23,9.121882438659668
2008-09-24,9.206193923950195
2008-09-25,9.388413429260254
2008-09-26,9.391129493713379
2008-09-29,8.898863792419434
2008-09-30,9.037571907043457
2008-10-01,8.999495506286621
2008-10-02,8.868953704833984
2008-10-03,8.735684394836426
2008-10-06,8.30869197845459
2008-10-07,7.9687275886535645
2008-10-08,7.8300251960754395
2008-10-09,7.302402496337891
2008-10-10,7.005953311920166
2008-10-13,7.851778507232666
2008-10-14,7.786510467529297
2008-10-15,7.207209587097168
2008-10-16,7.416628360748291
2008-10-17,7.454705238342285
2008-10-20,8.082955360412598
2008-10-21,7.827302932739258
2008-10-22,7.495500087738037
2008-10-23,7.675000190734863
2008-10-24,7.4710211753845215
2008-10-27,7.180013179779053
2008-10-28,7.903457164764404
2008-10-29,7.650522708892822
2008-10-30,8.07751750946045
2008-10-31,7.8626604080200195
2008-11-03,7.9442524909973145
2008-11-04,8.093833923339844
2008-11-05,7.9442524909973145
2008-11-06,7.571651458740234
2008-11-07,7.903457164764404
2008-11-10,7.713080406188965
2008-11-11,7.713080406188965
2008-11-12,7.457424163818359
2008-11-13,8.023123741149902
2008-11-14,7.832742691040039
2008-11-17,7.819144248962402
2008-11-18,7.734834671020508
2008-11-19,7.568931579589844
2008-11-20,7.128341197967529
2008-11-21,7.840903282165527
2008-11-24,7.91977596282959
2008-11-25,8.07751750946045
2008-11-26,8.050321578979492
2008-11-28,8.191746711730957
2008-12-01,7.647806167602539
2008-12-02,7.846343040466309
2008-12-03,7.98232889175415
2008-12-04,7.694041728973389
2008-12-05,7.742995262145996
2008-12-08,7.868100643157959
2008-12-09,7.756589889526367
2008-12-10,7.873540878295898
2008-12-11,7.810983657836914
2008-12-12,7.859938621520996
2008-12-15,7.737555980682373
2008-12-16,8.00136661529541
2008-12-17,7.759313583374023
2008-12-18,7.824586391448975
2008-12-19,7.871127605438232
2008-12-22,7.76647424697876
2008-12-23,7.678343772888184
2008-12-24,7.716901779174805
2008-12-26,7.733426094055176
2008-12-29,7.749948978424072
2008-12-30,7.8683762550354
2008-12-31,7.995061874389648
2009-01-02,8.182341575622559
2009-01-05,8.29800796508789
2009-01-06,8.179582595825195
2009-01-07,8.113487243652344
2009-01-08,8.07217788696289
2009-01-09,8.008832931518555
2009-01-12,8.01158618927002
2009-01-13,7.860111236572266
2009-01-14,7.7637200355529785
2009-01-15,7.8050336837768555
2009-01-16,7.95925760269165
2009-01-20,7.821555137634277
2009-01-21,7.909682750701904
2009-01-22,7.906929016113281
2009-01-23,7.923455715179443
2009-01-26,8.113487243652344
2009-01-27,8.152043342590332
2009-01-28,8.204371452331543
2009-01-29,8.143781661987305
2009-01-30,7.981291770935059
2009-02-02,8.025357246398926
2009-02-03,8.06116008758545
2009-02-04,8.12175178527832
2009-02-05,8.179582595825195
2009-02-06,8.231910705566406
2009-02-09,8.185091972351074
2009-02-10,7.953752040863037
2009-02-11,7.928965091705322
2009-02-12,7.860111236572266
2009-02-13,7.813294887542725
2009-02-17,7.474541187286377
2009-02-18,7.361625671386719
2009-02-19,7.394678115844727
2009-02-20,7.226675510406494
2009-02-23,7.053169250488281
2009-02-24,7.256972312927246
2009-02-25,7.210155010223389
2009-02-26,7.091727256774902
2009-02-27,6.981563091278076
2009-03-02,6.761239051818848
2009-03-03,6.518880844116211
2009-03-04,6.579471111297607
2009-03-05,6.39219331741333
2009-03-06,6.383932590484619
2009-03-09,6.262753009796143
2009-03-10,6.345374584197998
2009-03-11,6.334357261657715
2009-03-12,6.416980266571045
2009-03-13,6.505113124847412
2009-03-16,6.681371212005615
2009-03-17,6.786027431488037
2009-03-18,7.006351947784424
2009-03-19,7.108249664306641
2009-03-20,7.058685779571533
2009-03-23,7.331570625305176
2009-03-24,7.1728515625
2009-03-25,7.170067310333252
2009-03-26,7.2563886642456055
2009-03-27,7.183990001678467
2009-03-30,7.0419816970825195
2009-03-31,7.114376544952393
2009-04-01,7.1422224044799805
2009-04-02,7.234113693237305
2009-04-03,7.2814483642578125
2009-04-06,7.220190525054932
2009-04-07,7.18677282333374
2009-04-08,7.2563886642456055
2009-04-09,7.259171009063721
2009-04-13,7.164498329162598
2009-04-14,7.072608947753906
2009-04-15,7.139439105987549
2009-04-16,7.189560890197754
2009-04-17,7.178422451019287
2009-04-20,7.097667217254639
2009-04-21,7.122731685638428
2009-04-22,7.047551155090332
2009-04-23,7.072608947753906
2009-04-24,7.061469554901123
2009-04-27,7.111594200134277
2009-04-28,7.139439105987549
2009-04-29,7.192342281341553
2009-04-30,7.197914123535156
2009-05-01,7.3872575759887695
2009-05-04,7.498637676239014
2009-05-05,7.484714508056641
2009-05-06,7.44016170501709
2009-05-07,7.479146480560303
2009-05-08,7.587740421295166
2009-05-11,7.55432653427124
2009-05-12,7.6072306632995605
2009-05-13,7.403964996337891
2009-05-14,7.3983988761901855
2009-05-15,7.222971439361572
2009-05-18,7.222971439361572
2009-05-19,7.353843688964844
2009-05-20,7.220190525054932
2009-05-21,7.133869171142578
2009-05-22,7.192342281341553
2009-05-26,7.401180744171143
2009-05-27,7.250820159912109
2009-05-28,7.401180744171143
2009-05-29,7.45408821105957
2009-06-01,7.693550109863281
2009-06-02,7.601665496826172
2009-06-03,7.473577499389648
2009-06-04,7.543190002441406
2009-06-05,7.551544189453125
2009-06-08,7.504205703735352
2009-06-09,7.484714508056641
2009-06-10,7.601665496826172
2009-06-11,7.749238967895508
2009-06-12,7.846697807312012
2009-06-15,7.687981128692627
2009-06-16,7.6350789070129395
2009-06-17,7.657353401184082
2009-06-18,7.829995632171631
2009-06-19,7.736212730407715
2009-06-22,7.713682651519775
2009-06-23,7.64608907699585
2009-06-24,7.7108635902404785
2009-06-25,7.840412139892578
2009-06-26,7.812249660491943
2009-06-29,7.913634777069092
2009-06-30,7.854491710662842
2009-07-01,7.955879211425781
2009-07-02,7.727763652801514
2009-07-06,7.772820949554443
2009-07-07,7.617926597595215
2009-07-08,7.584132671356201
2009-07-09,7.586950778961182
2009-07-10,7.578499794006348
2009-07-13,7.7108635902404785
2009-07-14,7.77000617980957
2009-07-15,7.924901008605957
2009-07-16,7.927715301513672
2009-07-17,7.891105651855469
2009-07-20,7.950244903564453
2009-07-21,8.029099464416504
2009-07-22,7.986856937408447
2009-07-23,8.195258140563965
2009-07-24,8.32480525970459
2009-07-27,8.30509090423584
2009-07-28,8.169912338256836
2009-07-29,8.130485534667969
2009-07-30,8.254401206970215
2009-07-31,8.150199890136719
2009-08-03,8.231868743896484
2009-08-04,8.110770225524902
2009-08-05,8.05444622039795
2009-08-06,8.068528175354004
2009-08-07,8.144567489624023
2009-08-10,8.161463737487793
2009-08-11,8.167093276977539
2009-08-12,8.206524848937988
2009-08-13,8.178360939025879
2009-08-14,8.178360939025879
2009-08-17,8.065712928771973
2009-08-18,8.082611083984375
2009-08-19,8.141748428344727
2009-08-20,8.209338188171387
2009-08-21,8.369866371154785
2009-08-24,8.383943557739258
2009-08-25,8.330439567565918
2009-08-26,8.321989059448242
2009-08-27,8.321989059448242
2009-08-28,8.302278518676758
2009-08-31,8.231868743896484
2009-09-01,8.167093276977539
2009-09-02,8.110770225524902
2009-09-03,8.105135917663574
2009-09-04,8.144567489624023
2009-09-08,8.16427993774414
2009-09-09,8.153013229370117
2009-09-10,8.153013229370117
2009-09-11,8.150199890136719
2009-09-14,8.26848030090332
2009-09-15,8.330439567565918
2009-09-16,8.462799072265625
2009-09-17,8.406476020812988
2009-09-18,8.44488525390625
2009-09-21,8.40505599975586
2009-09-22,8.382290840148926
2009-09-23,8.353835105895996
2009-09-24,8.331077575683594
2009-09-25,8.308314323425293
2009-09-28,8.379446029663086
2009-09-29,8.39652156829834
2009-09-30,8.34530258178711
2009-10-01,8.203039169311523
2009-10-02,8.114830017089844
2009-10-05,8.203039169311523
2009-10-06,8.265633583068848
2009-10-07,8.271326065063477
2009-10-08,8.271326065063477
2009-10-09,8.322542190551758
2009-10-12,8.407896995544434
2009-10-13,8.348145484924316
2009-10-14,8.353835105895996
2009-10-15,8.419279098510742
2009-10-16,8.447731971740723
2009-10-19,8.567237854003906
2009-10-20,8.481877326965332
2009-10-21,8.493257522583008
2009-10-22,8.513175964355469
2009-10-23,8.373754501342773
2009-10-26,8.262785911560059
2009-10-27,8.242870330810547
2009-10-28,8.16035270690918
2009-10-29,8.231487274169922
2009-10-30,8.077841758728027
2009-11-02,8.063618659973145
2009-11-03,8.046545028686523
2009-11-04,8.100604057312012
2009-11-05,8.23717975616455
2009-11-06,8.228641510009766
2009-11-09,8.376598358154297
2009-11-10,8.416433334350586
2009-11-11,8.39652156829834
2009-11-12,8.27985954284668
2009-11-13,8.353835105895996
2009-11-16,8.470497131347656
2009-11-17,8.424970626831055
2009-11-18,8.387982368469238
2009-11-19,8.28554916381836
2009-11-20,8.322542190551758
2009-11-23,8.427813529968262
2009-11-24,8.44488525390625
2009-11-25,8.54162883758545
2009-11-27,8.39652156829834
2009-11-30,8.467646598815918
2009-12-01,8.626988410949707
2009-12-02,8.743646621704102
2009-12-03,8.772095680236816
2009-12-04,8.718037605285645
2009-12-07,8.794861793518066
2009-12-08,8.757869720458984
2009-12-09,8.789167404174805
2009-12-10,8.900136947631836
2009-12-11,9.053786277770996
2009-12-14,9.096465110778809
2009-12-15,9.039559364318848
2009-12-16,8.999723434448242
2009-12-17,8.948507308959961
2009-12-18,9.025955200195312
2009-12-21,9.051871299743652
2009-12-22,8.977007865905762
2009-12-23,8.997163772583008
2009-12-24,9.063383102416992
2009-12-28,9.069143295288086
2009-12-29,9.063383102416992
2009-12-30,9.060503959655762
2009-12-31,8.930946350097656
2010-01-04,8.94821834564209
2010-01-05,8.841693878173828
2010-01-06,8.893514633178711
2010-01-07,8.85321044921875
2010-01-08,8.844574928283691
2010-01-11,8.9367036819458
2010-01-12,8.899273872375488
2010-01-13,8.997163772583008
2010-01-14,8.95685863494873
2010-01-15,8.899273872375488
2010-01-19,9.002923965454102
2010-01-20,8.907909393310547
2010-01-21,8.778353691101074
2010-01-22,8.585451126098633
2010-01-25,8.643035888671875
2010-01-26,8.677586555480957
2010-01-27,8.620004653930664
2010-01-28,8.553784370422363
2010-01-29,8.501960754394531
2010-02-01,8.556662559509277
2010-02-02,8.625762939453125
2010-02-03,8.565299987792969
2010-02-04,8.340730667114258
2010-02-05,8.326335906982422
2010-02-08,8.231327056884766
2010-02-09,8.3148193359375
2010-02-10,8.277390480041504
2010-02-11,8.326335906982422
2010-02-12,8.294665336608887
2010-02-16,8.438619613647461
2010-02-17,8.404074668884277
2010-02-18,8.450138092041016
2010-02-19,8.568175315856934
2010-02-22,8.522116661071777
2010-02-23,8.464530944824219
2010-02-24,8.473172187805176
2010-02-25,8.455893516540527
2010-02-26,8.389677047729492
2010-03-01,8.510598182678223
2010-03-02,8.53650951385498
2010-03-03,8.522116661071777
2010-03-04,8.539387702941895
2010-03-05,8.625762939453125
2010-03-08,8.625762939453125
2010-03-09,8.61424446105957
2010-03-10,8.617122650146484
2010-03-11,8.645915985107422
2010-03-12,8.59121322631836
2010-03-15,8.622883796691895
2010-03-16,8.723648071289062
2010-03-17,8.752442359924316
2010-03-18,8.712137222290039
2010-03-19,8.702553749084473
2010-03-22,8.644452095031738
2010-03-23,8.679309844970703
2010-03-24,8.589264869689941
2010-03-25,8.534073829650879
2010-03-26,8.554409980773926
2010-03-29,8.658979415893555
2010-03-30,8.635741233825684
2010-03-31,8.61540699005127
2010-04-01,8.734498023986816
2010-04-05,8.786784172058105
2010-04-06,8.859403610229492
2010-04-07,8.772263526916504
2010-04-08,8.719976425170898
2010-04-09,8.783883094787598
2010-04-12,8.807120323181152
2010-04-13,8.760642051696777
2010-04-14,8.76935863494873
2010-04-15,8.76645278930664
2010-04-16,8.664785385131836
2010-04-19,8.673502922058105
2010-04-20,8.783883094787598
2010-04-21,8.792594909667969
2010-04-22,8.821643829345703
2010-04-23,8.891356468200684
2010-04-26,8.859403610229492
2010-04-27,8.708358764648438
2010-04-28,8.798404693603516
2010-04-29,8.807120323181152
2010-04-30,8.84197998046875
2010-05-03,8.955257415771484
2010-05-04,8.801304817199707
2010-05-05,8.740310668945312
2010-05-06,8.499216079711914
2010-05-07,8.452741622924805
2010-05-10,8.714167594909668
2010-05-11,8.731598854064941
2010-05-12,8.804214477539062
2010-05-13,8.76645278930664
2010-05-14,8.693835258483887
2010-05-17,8.702553749084473
2010-05-18,8.61830997467041
2010-05-19,8.531169891357422
2010-05-20,8.275555610656738
2010-05-21,8.313315391540527
2010-05-24,8.234890937805176
2010-05-25,8.191317558288574
2010-05-26,8.188411712646484
2010-05-27,8.345267295837402
2010-05-28,8.353984832763672
2010-06-01,8.1593656539917
2010-06-02,8.330740928649902
2010-06-03,8.417885780334473
2010-06-04,8.16808032989502
2010-06-07,8.217460632324219
2010-06-08,8.324933052062988
2010-06-09,8.278460502624512
2010-06-10,8.481790542602539
2010-06-11,8.487598419189453
2010-06-14,8.536977767944336
2010-06-15,8.702553749084473
2010-06-16,8.757740020751953
2010-06-17,8.821643829345703
2010-06-18,8.829569816589355
2010-06-21,8.767927169799805
2010-06-22,8.55070972442627
2010-06-23,8.47438907623291
2010-06-24,8.427417755126953
2010-06-25,8.465581893920898
2010-06-28,8.521352767944336
2010-06-29,8.348170280456543
2010-06-30,8.295331954956055
2010-07-01,8.257170677185059
2010-07-02,8.26597785949707
2010-07-06,8.362845420837402
2010-07-07,8.621156692504883
2010-07-08,8.688671112060547
2010-07-09,8.7473783493042
2010-07-12,8.77673053741455
2010-07-13,8.806084632873535
2010-07-14,8.8090181350708
2010-07-15,8.867728233337402
2010-07-16,8.715087890625
2010-07-19,8.850116729736328
2010-07-20,8.92937183380127
2010-07-21,8.791409492492676
2010-07-22,8.932305335998535
2010-07-23,8.946982383728027
2010-07-26,9.011561393737793
2010-07-27,9.14365005493164
2010-07-28,9.09961986541748
2010-07-29,8.958725929260254
2010-07-30,8.914694786071777
2010-08-02,9.09961986541748
2010-08-03,9.05559253692627
2010-08-04,9.093751907348633
2010-08-05,9.079075813293457
2010-08-06,9.096688270568848
2010-08-09,9.128973960876465
2010-08-10,9.181811332702637
2010-08-11,8.996881484985352
2010-08-12,8.979269981384277
2010-08-13,9.011561393737793
2010-08-16,9.011561393737793
2010-08-17,9.09961986541748
2010-08-18,9.04971694946289
2010-08-19,8.920563697814941
2010-08-20,8.944046020507812
2010-08-23,9.00275707244873
2010-08-24,9.017431259155273
2010-08-25,9.011561393737793
2010-08-26,8.970466613769531
2010-08-27,9.140715599060059
2010-08-30,9.00275707244873
2010-08-31,9.04384994506836
2010-09-01,9.240521430969238
2010-09-02,9.240521430969238
2010-09-03,9.281614303588867
2010-09-07,9.234648704528809
2010-09-08,9.190619468688965
2010-09-09,9.281614303588867
2010-09-10,9.228778839111328
2010-09-13,9.261065483093262
2010-09-14,9.2493257522583
2010-09-15,9.196490287780762
2010-09-16,9.164196968078613
2010-09-17,9.148482322692871
2010-09-20,9.27007007598877
2010-09-21,9.22261905670166
2010-09-22,9.287860870361328
2010-09-23,9.181102752685547
2010-09-24,9.329377174377441
2010-09-27,9.347168922424316
2010-09-28,9.353102684020996
2010-09-29,9.335309028625488
2010-09-30,9.30565357208252
2010-10-01,9.356064796447754
2010-10-04,9.338274002075195
2010-10-05,9.44206714630127
2010-10-06,9.397586822509766
2010-10-07,9.415373802185059
2010-10-08,9.445029258728027
2010-10-11,9.447999000549316
2010-10-12,9.409444808959961
2010-10-13,9.445029258728027
2010-10-14,9.430203437805176
2010-10-15,9.459858894348145
2010-10-18,9.459858894348145
2010-10-19,9.477649688720703
2010-10-20,9.554754257202148
2010-10-21,9.513236999511719
2010-10-22,9.45096206665039
2010-10-25,9.430203437805176
2010-10-26,9.406476974487305
2010-10-27,9.367927551269531
2010-10-28,9.391647338867188
2010-10-29,9.406476974487305
2010-11-01,9.314549446105957
2010-11-02,9.424271583557129
2010-11-03,9.406476974487305
2010-11-04,9.507308006286621
2010-11-05,9.504339218139648
2010-11-08,9.45096206665039
2010-11-09,9.418338775634766
2010-11-10,9.376825332641602
2010-11-11,9.370892524719238
2010-11-12,9.293791770935059
2010-11-15,9.326411247253418
2010-11-16,9.216690063476562
2010-11-17,9.21372127532959
2010-11-18,9.26710033416748
2010-11-19,9.23151683807373
2010-11-22,9.258203506469727
2010-11-23,9.157382011413574
2010-11-24,9.21372127532959
2010-11-26,9.151449203491211
2010-11-29,9.133658409118652
2010-11-30,9.121794700622559
2010-12-01,9.228549003601074
2010-12-02,9.255240440368652
2010-12-03,9.275997161865234
2010-12-06,9.249309539794922
2010-12-07,9.187034606933594
2010-12-08,9.154417037963867
2010-12-09,9.192963600158691
2010-12-10,9.228549003601074
2010-12-13,9.273032188415527
2010-12-14,9.296758651733398
2010-12-15,9.216690063476562
2010-12-16,9.299721717834473
2010-12-17,9.34803581237793
2010-12-20,9.3600435256958
2010-12-21,9.363043785095215
2010-12-22,9.405056953430176
2010-12-23,9.411055564880371
2010-12-27,9.417061805725098
2010-12-28,9.45007038116455
2010-12-29,9.417061805725098
2010-12-30,9.402054786682129
2010-12-31,9.405056953430176
2011-01-03,9.45007038116455
2011-01-04,9.495084762573242
2011-01-05,9.43506908416748
2011-01-06,9.444070816040039
2011-01-07,9.477079391479492
2011-01-10,9.42606258392334
2011-01-11,9.44106674194336
2011-01-12,9.48908519744873
2011-01-13,9.480079650878906
2011-01-14,9.525094985961914
2011-01-18,9.549103736877441
2011-01-19,9.525094985961914
2011-01-20,9.597119331359863
2011-01-21,9.588115692138672
2011-01-24,9.64213752746582
2011-01-25,9.627130508422852
2011-01-26,9.591117858886719
2011-01-27,9.627130508422852
2011-01-28,9.498085021972656
2011-01-31,9.51909065246582
2011-02-01,9.615123748779297
2011-02-02,9.564105033874512
2011-02-03,9.603119850158691
2011-02-04,9.54310131072998
2011-02-07,9.606121063232422
2011-02-08,9.603119850158691
2011-02-09,9.603119850158691
2011-02-10,9.621129989624023
2011-02-11,9.603119850158691
2011-02-14,9.534098625183105
2011-02-15,9.564105033874512
2011-02-16,9.54310131072998
2011-02-17,9.561108589172363
2011-02-18,9.576109886169434
2011-02-22,9.534098625183105
2011-02-23,9.513089179992676
2011-02-24,9.477079391479492
2011-02-25,9.531095504760742
2011-02-28,9.63613224029541
2011-03-01,9.540098190307617
2011-03-02,9.555108070373535
2011-03-03,9.663139343261719
2011-03-04,9.606121063232422
2011-03-07,9.64213752746582
2011-03-08,9.750166893005371
2011-03-09,9.849201202392578
2011-03-10,9.738163948059082
2011-03-11,9.759172439575195
2011-03-14,9.630128860473633
2011-03-15,9.447071075439453
2011-03-16,9.30002212524414
2011-03-17,9.312026023864746
2011-03-18,9.358391761779785
2011-03-21,9.467495918273926
2011-03-22,9.482648849487305
2011-03-23,9.476584434509277
2011-03-24,9.515983581542969
2011-03-25,9.51295280456543
2011-03-28,9.4796142578125
2011-03-29,9.573562622070312
2011-03-30,9.682663917541504
2011-03-31,9.658418655395508
2011-04-01,9.734184265136719
2011-04-04,9.728121757507324
2011-04-05,9.688725471496582
2011-04-06,9.758428573608398
2011-04-07,9.71903133392334
2011-04-08,9.691756248474121
2011-04-11,9.564471244812012
2011-04-12,9.540225982666016
2011-04-13,9.564471244812012
2011-04-14,9.622053146362305
2011-04-15,9.728121757507324
2011-04-18,9.643267631530762
2011-04-19,9.646297454833984
2011-04-20,9.770550727844238
2011-04-21,9.770550727844238
2011-04-25,9.782673835754395
2011-04-26,9.861464500427246
2011-04-27,9.940262794494629
2011-04-28,10.028146743774414
2011-04-29,10.049363136291504
2011-05-02,10.052390098571777
2011-05-03,10.116035461425781
2011-05-04,10.103912353515625
2011-05-05,10.031179428100586
2011-05-06,10.08875846862793
2011-05-09,10.109972953796387
2011-05-10,10.255439758300781
2011-05-11,10.222103118896484
2011-05-12,10.325142860412598
2011-05-13,10.276651382446289
2011-05-16,10.288779258728027
2011-05-17,10.364541053771973
2011-05-18,10.331202507019043
2011-05-19,10.355448722839355
2011-05-20,10.343327522277832
2011-05-23,10.222103118896484
2011-05-24,10.21300983428955
2011-05-25,10.19179630279541
2011-05-26,10.188769340515137
2011-05-27,10.188769340515137
2011-05-31,10.264530181884766
2011-06-01,10.158462524414062
2011-06-02,10.128153800964355
2011-06-03,10.058452606201172
2011-06-06,10.0129976272583
2011-06-07,10.02511978149414
2011-06-08,10.049363136291504
2011-06-09,10.058452606201172
2011-06-10,9.991782188415527
2011-06-13,10.037238121032715
2011-06-14,10.076639175415039
2011-06-15,9.952383041381836
2011-06-16,10.031179428100586
2011-06-17,10.099757194519043
2011-06-20,10.15792465209961
2011-06-21,10.164048194885254
2011-06-22,10.096694946289062
2011-06-23,10.010973930358887
2011-06-24,10.041590690612793
2011-06-27,10.115063667297363
2011-06-28,10.160984992980957
2011-06-29,10.228339195251465
2011-06-30,10.249765396118164
2011-07-01,10.372225761413574
2011-07-05,10.310994148254395
2011-07-06,10.332427024841309
2011-07-07,10.375286102294922
2011-07-08,10.335488319396973
2011-07-11,10.225276947021484
2011-07-12,10.271200180053711
2011-07-13,10.243643760681152
2011-07-14,10.197722434997559
2011-07-15,10.213031768798828
2011-07-18,10.115063667297363
2011-07-19,10.203845024108887
2011-07-20,10.265074729919434
2011-07-21,10.418150901794434
2011-07-22,10.35385513305664
2011-07-25,10.390595436096191
2011-07-26,10.35385513305664
2011-07-27,10.3232421875
2011-07-28,10.258949279785156
2011-07-29,10.15485954284668
2011-08-01,10.185476303100586
2011-08-02,10.010973930358887
2011-08-03,10.010973930358887
2011-08-04,9.683395385742188
2011-08-05,9.762995719909668
2011-08-08,9.24560546875
2011-08-09,9.548694610595703
2011-08-10,9.36806583404541
2011-08-11,9.762995719909668
2011-08-12,9.704829216003418
2011-08-15,10.035466194152832
2011-08-16,10.023221015930176
2011-08-17,10.096694946289062
2011-08-18,9.977298736572266
2011-08-19,9.916068077087402
2011-08-22,9.891575813293457
2011-08-23,10.06913948059082
2011-08-24,10.286503791809082
2011-08-25,10.118122100830078
2011-08-26,10.102812767028809
2011-08-29,10.301814079284668
2011-08-30,10.307930946350098
2011-08-31,10.375286102294922
2011-09-01,10.307930946350098
2011-09-02,10.19159984588623
2011-09-06,10.142618179321289
2011-09-07,10.255887985229492
2011-09-08,10.249765396118164
2011-09-09,10.041590690612793
2011-09-12,10.124247550964355
2011-09-13,10.19159984588623
2011-09-14,10.262012481689453
2011-09-15,10.390595436096191
2011-09-16,10.509045600891113
2011-09-19,10.450284004211426
2011-09-20,10.601825714111328
2011-09-21,10.406986236572266
2011-09-22,10.230700492858887
2011-09-23,10.332761764526367
2011-09-26,10.416265487670898
2011-09-27,10.453373908996582
2011-09-28,10.348224639892578
2011-09-29,10.515230178833008
2011-09-30,10.397708892822266
2011-10-03,10.150290489196777
2011-10-04,10.100807189941406
2011-10-05,10.106993675231934
2011-10-06,10.286368370056152
2011-10-07,10.329668998718262
2011-10-10,10.530699729919434
2011-10-11,10.434823036193848
2011-10-12,10.410078048706055
2011-10-13,10.410078048706055
2011-10-14,10.509045600891113
2011-10-17,10.465744972229004
2011-10-18,10.539977073669434
2011-10-19,10.549248695373535
2011-10-20,10.608013153076172
2011-10-21,10.78739070892334
2011-10-24,10.741002082824707
2011-10-25,10.62038803100586
2011-10-26,10.663679122924805
2011-10-27,10.917285919189453
2011-10-28,10.827592849731445
2011-10-31,10.77811336517334
2011-11-01,10.552342414855957
2011-11-02,10.737906455993652
2011-11-03,10.867803573608398
2011-11-04,10.818314552307129
2011-11-07,10.877080917358398
2011-11-08,10.948213577270508
2011-11-09,10.71007251739502
2011-11-10,10.781204223632812
2011-11-11,10.935839653015137
2011-11-14,10.80594253540039
2011-11-15,10.824503898620605
2011-11-16,10.694611549377441
2011-11-17,10.638936996459961
2011-11-18,10.713163375854492
2011-11-21,10.580177307128906
2011-11-22,10.450284004211426
2011-11-23,10.286368370056152
2011-11-25,10.338946342468262
2011-11-28,10.468838691711426
2011-11-29,10.583271980285645
2011-11-30,10.889448165893555
2011-12-01,10.85851764678955
2011-12-02,10.747182846069336
2011-12-05,10.830689430236816
2011-12-06,10.861612319946289
2011-12-07,10.846151351928711
2011-12-08,10.68842601776123
2011-12-09,10.824503898620605
2011-12-12,10.731718063354492
2011-12-13,10.771928787231445
2011-12-14,10.703886032104492
2011-12-15,10.833782196044922
2011-12-16,10.8018798828125
2011-12-19,10.72056770324707
2011-12-20,10.948867797851562
2011-12-21,11.111486434936523
2011-12-22,11.123998641967773
2011-12-23,11.195929527282715
2011-12-27,11.286623001098633
2011-12-28,11.245967864990234
2011-12-29,11.33353042602539
2011-12-30,11.25222110748291
2012-01-03,11.052070617675781
2012-01-04,10.989524841308594
2012-01-05,11.011418342590332
2012-01-06,10.95199203491211
2012-01-09,10.967633247375488
2012-01-10,10.983267784118652
2012-01-11,10.933231353759766
2012-01-12,10.91759204864502
2012-01-13,10.911337852478027
2012-01-17,10.901956558227539
2012-01-18,10.898828506469727
2012-01-19,10.808137893676758
2012-01-20,10.823776245117188
2012-01-23,10.867555618286133
2012-01-24,10.77999210357666
2012-01-25,10.958251953125
2012-01-26,10.995777130126953
2012-01-27,10.861300468444824
2012-01-30,10.792498588562012
2012-01-31,10.845662117004395
2012-02-01,10.883193969726562
2012-02-02,10.864426612854004
2012-02-03,10.892574310302734
2012-02-06,10.845662117004395
2012-02-07,10.923845291137695
2012-02-08,10.936356544494629
2012-02-09,10.905081748962402
2012-02-10,10.883193969726562
2012-02-13,10.870681762695312
2012-02-14,10.873810768127441
2012-02-15,10.851919174194336
2012-02-16,10.967633247375488
2012-02-17,10.961377143859863
2012-02-21,10.920722961425781
2012-02-22,10.933231353759766
2012-02-23,10.923845291137695
2012-02-24,10.9707612991333
2012-02-27,10.967633247375488
2012-02-28,10.91446590423584
2012-02-29,10.911337852478027
2012-03-01,10.939483642578125
2012-03-02,10.933231353759766
2012-03-05,10.958251953125
2012-03-06,10.91446590423584
2012-03-07,10.920722961425781
2012-03-08,10.955120086669922
2012-03-09,10.998902320861816
2012-03-12,11.123998641967773
2012-03-13,11.161527633666992
2012-03-14,10.995777130126953
2012-03-15,10.986396789550781
2012-03-16,10.977560997009277
2012-03-19,10.901805877685547
2012-03-20,10.91443157196045
2012-03-21,10.892337799072266
2012-03-22,10.91758918762207
2012-03-23,10.920745849609375
2012-03-26,10.996493339538574
2012-03-27,11.050149917602539
2012-03-28,10.958619117736816
2012-03-29,11.002805709838867
2012-03-30,11.059621810913086
2012-04-02,11.116430282592773
2012-04-03,11.110122680664062
2012-04-04,11.094339370727539
2012-04-05,11.012274742126465
2012-04-09,10.955459594726562
2012-04-10,10.81342887878418
2012-04-11,10.8386812210083
2012-04-12,10.873403549194336
2012-04-13,10.835521697998047
2012-04-16,10.936529159545898
2012-04-17,10.99333667755127
2012-04-18,10.974403381347656
2012-04-19,10.945993423461914
2012-04-20,11.053309440612793
2012-04-23,11.005960464477539
2012-04-24,11.08171558380127
2012-04-25,11.138525009155273
2012-04-26,11.201659202575684
2012-04-27,11.239531517028809
2012-04-30,11.25531005859375
2012-05-01,11.312122344970703
2012-05-02,11.245840072631836
2012-05-03,11.211121559143066
2012-05-04,11.226908683776855
2012-05-07,11.204812049865723
2012-05-08,11.223750114440918
2012-05-09,11.230058670043945
2012-05-10,11.334218978881836
2012-05-11,11.340532302856445
2012-05-14,11.327905654907227
2012-05-15,11.248998641967773
2012-05-16,11.264777183532715
2012-05-17,11.201659202575684
2012-05-18,11.179559707641602
2012-05-21,11.192184448242188
2012-05-22,11.271087646484375
2012-05-23,11.211121559143066
2012-05-24,11.25531005859375
2012-05-25,11.293188095092773
2012-05-29,11.327905654907227
2012-05-30,11.25847053527832
2012-05-31,11.318435668945312
2012-06-01,11.271087646484375
2012-06-04,11.308964729309082
2012-06-05,11.35000228881836
2012-06-06,11.50781536102295
2012-06-07,11.596190452575684
2012-06-08,11.621434211730957
2012-06-11,11.611969947814941
2012-06-12,11.624595642089844
2012-06-13,11.627753257751465
2012-06-14,11.706663131713867
2012-06-15,11.76463794708252
2012-06-18,11.809240341186523
2012-06-19,11.783754348754883
2012-06-20,11.669065475463867
2012-06-21,11.548011779785156
2012-06-22,11.551198959350586
2012-06-25,11.528898239135742
2012-06-26,11.544831275939941
2012-06-27,11.67543888092041
2012-06-28,11.716851234436035
2012-06-29,11.783754348754883
2012-07-02,11.857024192810059
2012-07-03,11.828352928161621
2012-07-05,11.758268356323242
2012-07-06,11.732783317565918
2012-07-09,11.694551467895508
2012-07-10,11.713664054870605
2012-07-11,11.77419662475586
2012-07-12,11.790124893188477
2012-07-13,11.895249366760254
2012-07-16,11.888877868652344
2012-07-17,11.91436767578125
2012-07-18,11.952590942382812
2012-07-19,11.97489070892334
2012-07-20,12.000375747680664
2012-07-23,11.920733451843262
2012-07-24,11.815614700317383
2012-07-25,11.809240341186523
2012-07-26,11.99400806427002
2012-07-27,12.134176254272461
2012-07-30,12.178773880004883
2012-07-31,12.080022811889648
2012-08-01,11.98763656616211
2012-08-02,11.920733451843262
2012-08-03,12.060905456542969
2012-08-06,12.032233238220215
2012-08-07,11.907994270324707
2012-08-08,11.92392349243164
2012-08-09,11.92392349243164
2012-08-10,11.958963394165039
2012-08-13,11.946220397949219
2012-08-14,11.933476448059082
2012-08-15,11.87613582611084
2012-08-16,11.847466468811035
2012-08-17,11.815614700317383
2012-08-20,11.837904930114746
2012-08-21,11.751895904541016
2012-08-22,11.732783317565918
2012-08-23,11.611725807189941
2012-08-24,11.665882110595703
2012-08-27,11.691367149353027
2012-08-28,11.669065475463867
2012-08-29,11.649954795837402
2012-08-30,11.592616081237793
2012-08-31,11.579869270324707
2012-09-04,11.62447452545166
2012-09-05,11.573498725891113
2012-09-06,11.704113006591797
2012-09-07,11.665882110595703
2012-09-10,11.6531400680542
2012-09-11,11.62447452545166
2012-09-12,11.557571411132812
2012-09-13,11.720040321350098
2012-09-14,11.640398979187012
2012-09-17,11.567131996154785
2012-09-18,11.532086372375488
2012-09-19,11.544831275939941
2012-09-20,11.592616081237793
2012-09-21,11.599370002746582
2012-09-24,11.70883560180664
2012-09-25,11.683075904846191
2012-09-26,11.70883560180664
2012-09-27,11.660539627075195
2012-09-28,11.715272903442383
2012-10-01,11.660539627075195
2012-10-02,11.721708297729492
2012-10-03,11.779657363891602
2012-10-04,11.847265243530273
2012-10-05,11.827947616577148
2012-10-08,11.847265243530273
2012-10-09,11.824731826782227
2012-10-10,11.805412292480469
2012-10-11,11.81828784942627
2012-10-12,11.75068473815918
2012-10-15,11.798975944519043
2012-10-16,11.844047546386719
2012-10-17,11.988919258117676
2012-10-18,12.043649673461914
2012-10-19,11.947063446044922
2012-10-22,11.914872169494629
2012-10-23,11.805412292480469
2012-10-24,11.718491554260254
2012-10-25,11.776440620422363
2012-10-26,11.776440620422363
2012-10-31,11.879463195800781
2012-11-01,11.753900527954102
2012-11-02,11.673417091369629
2012-11-05,11.483477592468262
2012-11-06,11.489916801452637
2012-11-07,11.248462677001953
2012-11-08,11.229144096374512
2012-11-09,11.161538124084473
2012-11-12,11.068175315856934
2012-11-13,11.110025405883789
2012-11-14,11.032763481140137
2012-11-15,10.968376159667969
2012-11-16,11.061742782592773
2012-11-19,11.071395874023438
2012-11-20,11.052080154418945
2012-11-21,11.003793716430664
2012-11-23,10.97481632232666
2012-11-26,11.113250732421875
2012-11-27,11.142223358154297
2012-11-28,11.187291145324707
2012-11-29,11.251678466796875
2012-11-30,11.37079906463623
2012-12-03,11.299972534179688
2012-12-04,11.242025375366211
2012-12-05,11.412651062011719
2012-12-06,11.406209945678711
2012-12-07,11.415868759155273
2012-12-10,11.419089317321777
2012-12-11,11.444844245910645
2012-12-12,11.425532341003418
2012-12-13,11.38045883178711
2012-12-14,11.335384368896484
2012-12-17,11.509233474731445
2012-12-18,11.589714050292969
2012-12-19,11.502790451049805
2012-12-20,11.5382080078125
2012-12-21,11.495885848999023
2012-12-24,11.447047233581543
2012-12-26,11.349372863769531
2012-12-27,11.329841613769531
2012-12-28,11.21589183807373
2012-12-31,11.36890983581543
2013-01-02,11.577274322509766
2013-01-03,11.577274322509766
2013-01-04,11.63587474822998
2013-01-07,11.52192497253418
2013-01-08,11.486113548278809
2013-01-09,11.463323593139648
2013-01-10,11.512161254882812
2013-01-11,11.525178909301758
2013-01-14,11.502396583557129
2013-01-15,11.534952163696289
2013-01-16,11.47960376739502
2013-01-17,11.525178909301758
2013-01-18,11.616344451904297
2013-01-22,11.71401309967041
2013-01-23,11.684714317321777
2013-01-24,11.73680591583252
2013-01-25,11.795403480529785
2013-01-28,11.78889274597168
2013-01-29,11.87028694152832
2013-01-30,11.880057334899902
2013-01-31,11.909356117248535
2013-02-01,11.941911697387695
2013-02-04,11.860519409179688
2013-02-05,11.893078804016113
2013-02-06,11.928892135620117
2013-02-07,11.945169448852539
2013-02-08,11.945169448852539
2013-02-11,11.974470138549805
2013-02-12,12.026559829711914
2013-02-13,12.026559829711914
2013-02-14,11.928892135620117
2013-02-15,11.954933166503906
2013-02-19,12.059117317199707
2013-02-20,12.036327362060547
2013-02-21,11.984238624572754
2013-02-22,12.10469913482666
2013-02-25,11.997262001037598
2013-02-26,12.033073425292969
2013-02-27,12.143768310546875
2013-02-28,12.186092376708984
2013-03-01,12.208879470825195
2013-03-04,12.332594871520996
2013-03-05,12.397706985473633
2013-03-06,12.391200065612793
2013-03-07,12.335854530334473
2013-03-08,12.361903190612793
2013-03-11,12.391200065612793
2013-03-12,12.358642578125
2013-03-13,12.413987159729004
2013-03-14,12.440035820007324
2013-03-15,12.521804809570312
2013-03-18,12.452839851379395
2013-03-19,12.485682487487793
2013-03-20,12.57763671875
2013-03-21,12.515236854553223
2013-03-22,12.534943580627441
2013-03-25,12.50866985321045
2013-03-26,12.62689208984375
2013-03-27,12.686005592346191
2013-03-28,12.840347290039062
2013-04-01,12.810794830322266
2013-04-02,12.85348892211914
2013-04-03,12.817366600036621
2013-04-04,12.938870429992676
2013-04-05,12.994697570800781
2013-04-08,13.093219757080078
2013-04-09,13.05380916595459
2013-04-10,13.158899307250977
2013-04-11,13.188455581665039
2013-04-12,13.244278907775879
2013-04-15,13.05380916595459
2013-04-16,13.211443901062012
2013-04-17,13.135907173156738
2013-04-18,13.178605079650879
2013-04-19,13.375639915466309
2013-04-22,13.359219551086426
2013-04-23,13.392062187194824
2013-04-24,13.434749603271484
2013-04-25,13.438039779663086
2013-04-26,13.45773696899414
2013-04-29,13.56939697265625
2013-04-30,13.605515480041504
2013-05-01,13.470876693725586
2013-05-02,13.45445442199707
2013-05-03,13.428181648254395
2013-05-06,13.240994453430176
2013-05-07,13.369072914123535
2013-05-08,13.250847816467285
2013-05-09,13.050527572631836
2013-05-10,13.080080032348633
2013-05-13,13.01111888885498
2013-05-14,13.099785804748535
2013-05-15,13.224578857421875
2013-05-16,13.116203308105469
2013-05-17,13.240994453430176
2013-05-20,13.175317764282227
2013-05-21,13.201587677001953
2013-05-22,12.978275299072266
2013-05-23,12.889617919921875
2013-05-24,12.751684188842773
2013-05-28,12.603909492492676
2013-05-29,12.416720390319824
2013-05-30,12.449559211730957
2013-05-31,12.374028205871582
2013-06-03,12.400300979614258
2013-06-04,12.357606887817383
2013-06-05,12.249238014221191
2013-06-06,12.393732070922852
2013-06-07,12.469264030456543
2013-06-10,12.46597671508789
2013-06-11,12.38387680053711
2013-06-12,12.262371063232422
2013-06-13,12.462693214416504
2013-06-14,12.479109764099121
2013-06-17,12.51852035522461
2013-06-18,12.603909492492676
2013-06-19,12.31491470336914
2013-06-20,11.966817855834961
2013-06-21,12.123078346252441
2013-06-24,12.113123893737793
2013-06-25,12.272382736206055
2013-06-26,12.428311347961426
2013-06-27,12.454855918884277
2013-06-28,12.48471450805664
2013-07-01,12.328783988952637
2013-07-02,12.325464248657227
2013-07-03,12.279017448425293
2013-07-05,12.242522239685059
2013-07-08,12.418363571166992
2013-07-09,12.50793743133545
2013-07-10,12.577613830566406
2013-07-11,12.779996871948242
2013-07-12,12.819808006286621
2013-07-15,13.028825759887695
2013-07-16,12.959155082702637
2013-07-17,12.952522277832031
2013-07-18,13.065322875976562
2013-07-19,13.068642616271973
2013-07-22,13.055366516113281
2013-07-23,13.088546752929688
2013-07-24,12.889480590820312
2013-07-25,13.008923530578613
2013-07-26,13.055366516113281
2013-07-29,13.078594207763672
2013-07-30,13.121720314025879
2013-07-31,13.02550983428955
2013-08-01,13.13499641418457
2013-08-02,13.118410110473633
2013-08-05,13.032147407531738
2013-08-06,12.965790748596191
2013-08-07,13.02550983428955
2013-08-08,13.075281143188477
2013-08-09,12.985697746276855
2013-08-12,12.916025161743164
2013-08-13,12.846353530883789
2013-08-14,12.763409614562988
2013-08-15,12.600838661193848
2013-08-16,12.454855918884277
2013-08-19,12.348691940307617
2013-08-20,12.464805603027344
2013-08-21,12.322145462036133
2013-08-22,12.391818046569824
2013-08-23,12.494668006896973
2013-08-26,12.401775360107422
2013-08-27,12.395135879516602
2013-08-28,12.438271522521973
2013-08-29,12.365279197692871
2013-08-30,12.375231742858887
2013-09-03,12.232568740844727
2013-09-04,12.232568740844727
2013-09-05,12.18280029296875
2013-09-06,12.26906681060791
2013-09-09,12.312189102172852
2013-09-10,12.408407211303711
2013-09-11,12.285648345947266
2013-09-12,12.252471923828125
2013-09-13,12.345367431640625
2013-09-16,12.378547668457031
2013-09-17,12.4515380859375
2013-09-18,12.823129653930664
2013-09-19,12.763409614562988
2013-09-20,12.570810317993164
2013-09-23,12.721537590026855
2013-09-24,12.714838027954102
2013-09-25,12.627748489379883
2013-09-26,12.611002922058105
2013-09-27,12.530611991882324
2013-09-30,12.517218589782715
2013-10-01,12.554061889648438
2013-10-02,12.567455291748047
2013-10-03,12.420077323913574
2013-10-04,12.44352912902832
2013-10-07,12.383235931396484
2013-10-08,12.470319747924805
2013-10-09,12.52056884765625
2013-10-10,12.708139419555664
2013-10-11,12.768433570861816
2013-10-14,12.698089599609375
2013-10-15,12.52056884765625
2013-10-16,12.634450912475586
2013-10-17,12.838774681091309
2013-10-18,12.87226676940918
2013-10-21,12.84547233581543
2013-10-22,13.009597778320312
2013-10-23,13.019649505615234
2013-10-24,12.992851257324219
2013-10-25,13.130181312561035
2013-10-28,13.103385925292969
2013-10-29,13.120134353637695
2013-10-30,13.036396980285645
2013-10-31,12.98949909210205
2013-11-01,13.08328914642334
2013-11-04,13.110082626342773
2013-11-05,13.01629638671875
2013-11-06,13.193825721740723
2013-11-07,13.069886207580566
2013-11-08,13.04643726348877
2013-11-11,13.043094635009766
2013-11-12,12.93255615234375
2013-11-13,12.996200561523438
2013-11-14,13.110082626342773
2013-11-15,13.187121391296387
2013-11-18,13.170373916625977
2013-11-19,13.073238372802734
2013-11-20,12.929204940795898
2013-11-21,12.959355354309082
2013-11-22,12.949304580688477
2013-11-25,12.899062156677246
2013-11-26,12.77177619934082
2013-11-27,12.744986534118652
2013-11-29,12.738287925720215
2013-12-02,12.684696197509766
2013-12-03,12.748332023620605
2013-12-04,12.80527400970459
2013-12-05,12.701438903808594
2013-12-06,12.875615119934082
2013-12-09,12.798579216003418
2013-12-10,12.671298027038574
2013-12-11,12.567455291748047
2013-12-12,12.584207534790039
2013-12-13,12.564109802246094
2013-12-16,12.63110065460205
2013-12-17,12.607649803161621
2013-12-18,12.775128364562988
2013-12-19,12.681349754333496
2013-12-20,12.806944847106934
2013-12-23,12.756162643432617
2013-12-24,12.806944847106934
2013-12-26,12.7493896484375
2013-12-27,12.80017375946045
2013-12-30,12.83064079284668
2013-12-31,12.854339599609375
2014-01-02,12.65798282623291
2014-01-03,12.617361068725586
2014-01-06,12.637672424316406
2014-01-07,12.7493896484375
2014-01-08,12.681679725646973
2014-01-09,12.756162643432617
2014-01-10,12.938973426818848
2014-01-13,12.806944847106934
2014-01-14,12.82386589050293
2014-01-15,12.80017375946045
2014-01-16,12.888191223144531
2014-01-17,12.884803771972656
2014-01-21,13.02699089050293
2014-01-22,13.040528297424316
2014-01-23,13.00329875946045
2014-01-24,12.857721328735352
2014-01-27,12.888191223144531
2014-01-28,12.935587882995605
2014-01-29,12.928812980651855
2014-01-30,13.12855339050293
2014-01-31,13.236886978149414
2014-02-03,13.131939888000488
2014-02-04,13.054076194763184
2014-02-05,12.996521949768066
2014-02-06,13.091312408447266
2014-02-07,13.162410736083984
2014-02-10,13.260586738586426
2014-02-11,13.385844230651855
2014-02-12,13.402771949768066
2014-02-13,13.548347473144531
2014-02-14,13.636360168457031
2014-02-18,13.683760643005371
2014-02-19,13.6058931350708
2014-02-20,13.710841178894043
2014-02-21,13.727770805358887
2014-02-24,13.693917274475098
2014-02-25,13.676986694335938
2014-02-26,13.632980346679688
2014-02-27,13.599125862121582
2014-02-28,13.693917274475098
2014-03-03,13.558504104614258
2014-03-04,13.656676292419434
2014-03-05,13.565271377563477
2014-03-06,13.497562408447266
2014-03-07,13.538185119628906
2014-03-10,13.504331588745117
2014-03-11,13.467089653015137
2014-03-12,13.636360168457031
2014-03-13,13.778552055358887
2014-03-14,13.842870712280273
2014-03-17,13.934273719787598
2014-03-18,13.91396427154541
2014-03-19,13.693917274475098
2014-03-20,13.724384307861328
2014-03-21,13.828496932983398
2014-03-24,13.866053581237793
2014-03-25,13.92408275604248
2014-03-26,13.866053581237793
2014-03-27,13.9786958694458
2014-03-28,13.999176025390625
2014-03-31,14.152790069580078
2014-04-01,14.05379581451416
2014-04-02,14.033310890197754
2014-04-03,14.077692985534668
2014-04-04,14.152790069580078
2014-04-07,14.12889575958252
2014-04-08,14.330301284790039
2014-04-09,14.299574851989746
2014-04-10,14.244952201843262
2014-04-11,14.231304168701172
2014-04-14,14.316649436950684
2014-04-15,14.514632225036621
2014-04-16,14.620455741882324
2014-04-17,14.439534187316895
2014-04-21,14.422464370727539
2014-04-22,14.442946434020996
2014-04-23,14.449773788452148
2014-04-24,14.548774719238281
2014-04-25,14.716034889221191
2014-04-28,14.787714958190918
2014-04-29,14.726278305053711
2014-04-30,14.750163078308105
2014-05-01,14.811617851257324
2014-05-02,14.507807731628418
2014-05-05,14.637521743774414
2014-05-06,14.565834999084473
2014-05-07,14.801379203796387
2014-05-08,14.640938758850098
2014-05-09,14.425883293151855
2014-05-12,14.292744636535645
2014-05-13,14.326883316040039
2014-05-14,14.398571968078613
2014-05-15,14.340540885925293
2014-05-16,14.384916305541992
2014-05-19,14.16303539276123
2014-05-20,14.16303539276123
2014-05-21,14.173271179199219
2014-05-22,14.289332389831543
2014-05-23,14.255197525024414
2014-05-27,14.36784839630127
2014-05-28,14.4531888961792
2014-05-29,14.494155883789062
2014-05-30,14.589734077453613
2014-06-02,14.586318969726562
2014-06-03,14.640938758850098
2014-06-04,14.634110450744629
2014-06-05,14.756997108459473
2014-06-06,14.705793380737305
2014-06-09,14.60679817199707
2014-06-10,14.572664260864258
2014-06-11,14.38832950592041
2014-06-12,14.432703971862793
2014-06-13,14.52487564086914
2014-06-16,14.623866081237793
2014-06-17,14.603388786315918
2014-06-18,14.93450927734375
2014-06-19,15.057394981384277
2014-06-20,14.965819358825684
2014-06-23,14.91417121887207
2014-06-24,14.958931922912598
2014-06-25,15.01401138305664
2014-06-26,15.0587739944458
2014-06-27,15.11729907989502
2014-06-30,15.237791061401367
2014-07-01,15.086325645446777
2014-07-02,14.793681144714355
2014-07-03,14.631867408752441
2014-07-07,14.700723648071289
2014-07-08,14.800564765930176
2014-07-09,14.759249687194824
2014-07-10,14.859092712402344
2014-07-11,14.745481491088867
2014-07-14,14.5767822265625
2014-07-15,14.652521133422852
2014-07-16,14.700723648071289
2014-07-17,14.56645393371582
2014-07-18,14.714494705200195
2014-07-21,14.700723648071289
2014-07-22,14.669736862182617
2014-07-23,14.683505058288574
2014-07-24,14.728266716003418
2014-07-25,14.611212730407715
2014-07-28,14.814336776733398
2014-07-29,14.67662239074707
2014-07-30,14.428739547729492
2014-07-31,14.201516151428223
2014-08-01,14.256601333618164
2014-08-04,14.18086051940918
2014-08-05,14.008716583251953
2014-08-06,13.829696655273438
2014-08-07,13.988059997558594
2014-08-08,14.266927719116211
2014-08-11,14.215291023254395
2014-08-12,14.204957962036133
2014-08-13,14.270368576049805
2014-08-14,14.394311904907227
2014-08-15,14.449398040771484
2014-08-18,14.411524772644043
2014-08-19,14.593995094299316
2014-08-20,14.624979019165039
2014-08-21,14.65941047668457
2014-08-22,14.614655494689941
2014-08-25,14.714494705200195
2014-08-26,14.538909912109375
2014-08-27,14.697281837463379
2014-08-28,14.80400562286377
2014-08-29,14.90040111541748
2014-09-02,14.76613998413086
2014-09-03,14.838433265686035
2014-09-04,14.831549644470215
2014-09-05,15.01745319366455
2014-09-08,14.927952766418457
2014-09-09,14.755806922912598
2014-09-10,14.69039249420166
2014-09-11,14.814336776733398
2014-09-12,14.54924488067627
2014-09-15,14.593995094299316
2014-09-16,14.7799072265625
2014-09-17,14.752359390258789
2014-09-18,14.645635604858398
2014-09-19,14.777642250061035
2014-09-22,14.66647720336914
2014-09-23,14.624797821044922
2014-09-24,14.57268238067627
2014-09-25,14.485840797424316
2014-09-26,14.506685256958008
2014-09-29,14.600475311279297
2014-09-30,14.621319770812988
2014-10-01,14.704693794250488
2014-10-02,14.683853149414062
2014-10-03,14.777642250061035
2014-10-06,14.777642250061035
2014-10-07,14.756797790527344
2014-10-08,15.090285301208496
2014-10-09,14.843643188476562
2014-10-10,14.913122177124023
2014-10-13,14.89923095703125
2014-10-14,15.034704208374023
2014-10-15,14.836695671081543
2014-10-16,14.85059642791748
2014-10-17,14.937438011169434
2014-10-20,15.145866394042969
2014-10-21,15.19797420501709
2014-10-22,15.291767120361328
2014-10-23,15.319561004638672
2014-10-24,15.468928337097168
2014-10-27,15.434200286865234
2014-10-28,15.54188346862793
2014-10-29,15.451562881469727
2014-10-30,15.791996002197266
2014-10-31,15.795470237731934
2014-11-03,15.89969253540039
2014-11-04,15.816312789916992
2014-11-05,16.174123764038086
2014-11-06,15.89969253540039
2014-11-07,16.066431045532227
2014-11-10,16.146326065063477
2014-11-11,16.0872745513916
2014-11-12,15.805892944335938
2014-11-13,15.677359580993652
2014-11-14,15.611358642578125
2014-11-17,15.816312789916992
2014-11-18,15.861479759216309
2014-11-19,15.847577095031738
2014-11-20,15.812840461730957
2014-11-21,15.875368118286133
2014-11-24,15.743369102478027
2014-11-25,15.743369102478027
2014-11-26,15.812840461730957
2014-11-28,15.979583740234375
2014-12-01,16.010854721069336
2014-12-02,16.118539810180664
2014-12-03,16.073381423950195
2014-12-04,16.059478759765625
2014-12-05,15.934426307678223
2014-12-08,16.062959671020508
2014-12-09,16.142854690551758
2014-12-10,15.941372871398926
2014-12-11,16.10116958618164
2014-12-12,15.948320388793945
2014-12-15,15.812840461730957
2014-12-16,15.798948287963867
2014-12-17,16.080322265625
2014-12-18,16.39644432067871
2014-12-19,16.423429489135742
2014-12-22,16.465486526489258
2014-12-23,16.507549285888672
2014-12-24,16.812458038330078
2014-12-26,17.01573371887207
2014-12-29,17.212005615234375
2014-12-30,16.85451889038086
2014-12-31,16.54960060119629
2015-01-02,16.626708984375
2015-01-05,16.423429489135742
2015-01-06,16.43394660949707
2015-01-07,16.59516716003418
2015-01-08,16.7108211517334
2015-01-09,16.60567855834961
2015-01-12,16.567121505737305
2015-01-13,16.612695693969727
2015-01-14,16.756389617919922
2015-01-15,16.889564514160156
2015-01-16,17.04027557373047
2015-01-20,17.082324981689453
2015-01-21,17.247055053710938
2015-01-22,17.173452377319336
2015-01-23,17.222524642944336
2015-01-26,17.212005615234375
2015-01-27,17.236539840698242
2015-01-28,17.089338302612305
2015-01-29,17.317148208618164
2015-01-30,16.935129165649414
2015-02-02,17.008724212646484
2015-02-03,17.071813583374023
2015-02-04,16.865036010742188
2015-02-05,17.019241333007812
2015-02-06,16.318288803100586
2015-02-09,16.174591064453125
2015-02-10,16.507549285888672
2015-02-11,16.150056838989258
2015-02-12,16.076457977294922
2015-02-13,15.831124305725098
2015-02-17,15.81710433959961
2015-02-18,16.192119598388672
2015-02-19,16.00986671447754
2015-02-20,16.01337242126465
2015-02-23,16.122020721435547
2015-02-24,16.241182327270508
2015-02-25,15.974818229675293
2015-02-26,15.869672775268555
2015-02-27,15.852150917053223
2015-03-02,15.547236442565918
2015-03-03,15.641861915588379
2015-03-04,15.554248809814453
2015-03-05,15.676902770996094
2015-03-06,15.207265853881836
2015-03-09,15.235310554504395
2015-03-10,15.207265853881836
2015-03-11,15.109132766723633
2015-03-12,15.396525382995605
2015-03-13,15.238811492919922
2015-03-16,15.501670837402344
2015-03-17,15.477137565612793
2015-03-18,15.894201278686523
2015-03-19,15.747004508972168
2015-03-20,15.888653755187988
2015-03-23,15.899252891540527
2015-03-24,15.722631454467773
2015-03-25,15.538951873779297
2015-03-26,15.408249855041504
2015-03-27,15.500089645385742
2015-03-30,15.690842628479004
2015-03-31,15.694381713867188
2015-04-01,15.708501815795898
2015-04-02,15.736760139465332
2015-04-06,15.955772399902344
2015-04-07,15.772086143493652
2015-04-08,15.726164817810059
2015-04-09,15.65906047821045
2015-04-10,15.775618553161621
2015-04-13,15.620194435119629
2015-04-14,15.697903633117676
2015-04-15,15.736760139465332
2015-04-16,15.634319305419922
2015-04-17,15.577807426452637
2015-04-20,15.810937881469727
2015-04-21,15.669647216796875
2015-04-22,15.701436042785645
2015-04-23,15.789748191833496
2015-04-24,15.94870662689209
2015-04-27,15.757962226867676
2015-04-28,15.870991706848145
2015-04-29,15.803881645202637
2015-04-30,15.620194435119629
2015-05-01,15.708501815795898
2015-05-04,15.8250732421875
2015-05-05,15.471834182739258
2015-05-06,15.38705825805664
2015-05-07,15.443572998046875
2015-05-08,15.553074836730957
2015-05-11,15.447104454040527
2015-05-12,15.429444313049316
2015-05-13,15.277554512023926
2015-05-14,15.45417594909668
2015-05-15,15.655519485473633
2015-05-18,15.715569496154785
2015-05-19,15.750893592834473
2015-05-20,15.775618553161621
2015-05-21,15.768553733825684
2015-05-22,15.74382495880127
2015-05-26,15.644917488098145
2015-05-27,15.708501815795898
2015-05-28,15.74382495880127
2015-05-29,15.719103813171387
2015-06-01,15.740291595458984
2015-06-02,15.531879425048828
2015-06-03,15.30228328704834
2015-06-04,15.281084060668945
2015-06-05,15.090337753295898
2015-06-08,15.002025604248047
2015-06-09,14.966703414916992
2015-06-10,15.040886878967285
2015-06-11,15.160979270935059
2015-06-12,15.026756286621094
2015-06-15,15.002025604248047
2015-06-16,15.072676658630371
2015-06-17,15.19984245300293
2015-06-18,15.401183128356934
2015-06-19,15.252551078796387
2015-06-22,15.231155395507812
2015-06-23,15.024415016174316
2015-06-24,14.906785011291504
2015-06-25,14.806985855102539
2015-06-26,14.896095275878906
2015-06-29,14.817675590515137
2015-06-30,14.77846622467041
2015-07-01,14.86757755279541
2015-07-02,15.052929878234863
2015-07-06,15.113533020019531
2015-07-07,15.487802505493164
2015-07-08,15.405818939208984
2015-07-09,15.234722137451172
2015-07-10,15.316706657409668
2015-07-13,15.323838233947754
2015-07-14,15.302451133728027
2015-07-15,15.377306938171387
2015-07-16,15.605433464050293
2015-07-17,15.452160835266113
2015-07-20,15.37374210357666
2015-07-21,15.234722137451172
2015-07-22,15.302451133728027
2015-07-23,15.074319839477539
2015-07-24,15.088574409484863
2015-07-27,15.281062126159668
2015-07-28,15.352351188659668
2015-07-29,15.409381866455078
2015-07-30,15.523447036743164
2015-07-31,15.680288314819336
2015-08-03,15.762269973754883
2015-08-04,15.509186744689941
2015-08-05,15.548401832580566
2015-08-06,15.630382537841797
2015-08-07,15.822861671447754
2015-08-10,15.758706092834473
2015-08-11,15.837133407592773
2015-08-12,16.118724822998047
2015-08-13,16.12228775024414
2015-08-14,16.24348258972168
2015-08-17,16.321901321411133
2015-08-18,16.282690048217773
2015-08-19,16.350418090820312
2015-08-20,16.254169464111328
2015-08-21,16.058124542236328
2015-08-24,15.455723762512207
2015-08-25,14.981645584106445
2015-08-26,15.248982429504395
2015-08-27,15.427203178405762
2015-08-28,15.38086986541748
2015-08-31,15.134922981262207
2015-09-01,14.72500228881836
2015-09-02,14.735686302185059
2015-09-03,14.80341625213623
2015-09-04,14.600245475769043
2015-09-08,14.910357475280762
2015-09-09,14.72500228881836
2015-09-10,14.700048446655273
2015-09-11,14.810546875
2015-09-14,14.84618854522705
2015-09-15,14.924613952636719
2015-09-16,15.074319839477539
2015-09-17,15.281062126159668
2015-09-18,15.195062637329102
2015-09-21,15.25623893737793
2015-09-22,15.065531730651855
2015-09-23,15.105118751525879
2015-09-24,15.227442741394043
2015-09-25,15.374969482421875
2015-09-28,15.299418449401855
2015-09-29,15.303009986877441
2015-09-30,15.5764741897583
2015-10-01,15.392965316772461
2015-10-02,15.598058700561523
2015-10-05,15.799554824829102
2015-10-06,15.691611289978027
2015-10-07,15.637643814086914
2015-10-08,15.831942558288574
2015-10-09,15.756378173828125
2015-10-12,15.896713256835938
2015-10-13,15.860730171203613
2015-10-14,15.857128143310547
2015-10-15,16.091007232666016
2015-10-16,16.11260223388672
2015-10-19,16.123394012451172
2015-10-20,16.177366256713867
2015-10-21,16.144987106323242
2015-10-22,16.332088470458984
2015-10-23,16.044231414794922
2015-10-26,15.98667049407959
2015-10-27,15.929096221923828
2015-10-28,15.759979248046875
2015-10-29,15.670022010803223
2015-10-30,15.741989135742188
2015-11-02,15.759979248046875
2015-11-03,15.806754112243652
2015-11-04,15.889511108398438
2015-11-05,15.752781867980957
2015-11-06,15.202261924743652
2015-11-09,15.241835594177246
2015-11-10,15.37857437133789
2015-11-11,15.511701583862305
2015-11-12,15.364181518554688
2015-11-13,15.306611061096191
2015-11-16,15.565671920776367
2015-11-17,15.285021781921387
2015-11-18,15.382169723510742
2015-11-19,15.547687530517578
2015-11-20,15.612456321716309
2015-11-23,15.468528747558594
2015-11-24,15.446939468383789
2015-11-25,15.353384971618652
2015-11-27,15.382169723510742
2015-11-30,15.407355308532715
2015-12-01,15.529691696166992
2015-12-02,15.184272766113281
2015-12-03,15.06912612915039
2015-12-04,15.281421661376953
2015-12-07,15.349788665771484
2015-12-08,15.328194618225098
2015-12-09,15.33179759979248
2015-12-10,15.07991886138916
2015-12-11,15.036746978759766
2015-12-14,15.112310409545898
2015-12-15,15.231050491333008
2015-12-16,15.616053581237793
2015-12-17,15.648436546325684
2015-12-18,15.453943252563477
2015-12-21,15.443038940429688
2015-12-22,15.57391357421875
2015-12-23,15.813844680786133
2015-12-24,15.802935600280762
2015-12-28,15.832021713256836
2015-12-29,15.919265747070312
2015-12-30,15.904728889465332
2015-12-31,15.733864784240723
2016-01-04,15.701143264770508
2016-01-05,15.813844680786133
2016-01-06,15.784762382507324
2016-01-07,15.679335594177246
2016-01-08,15.672062873840332
2016-01-11,15.755678176879883
2016-01-12,15.693876266479492
2016-01-13,15.686609268188477
2016-01-14,15.922904014587402
2016-01-15,15.781122207641602
2016-01-19,16.017423629760742
2016-01-20,15.657519340515137
2016-01-21,15.642983436584473
2016-01-22,15.922904014587402
2016-01-25,15.7883939743042
2016-01-26,15.897457122802734
2016-01-27,15.933816909790039
2016-01-28,16.188289642333984
2016-01-29,16.511831283569336
2016-02-01,16.668155670166016
2016-02-02,16.740863800048828
2016-02-03,16.948078155517578
2016-02-04,16.875368118286133
2016-02-05,16.92991065979004
2016-02-08,16.87173843383789
2016-02-09,16.92991065979004
2016-02-10,16.911725997924805
2016-02-11,16.613622665405273
2016-02-12,16.56272315979004
2016-02-16,16.668155670166016
2016-02-17,16.635438919067383
2016-02-18,16.9080867767334
2016-02-19,16.795394897460938
2016-02-22,16.9917049407959
2016-02-23,17.006244659423828
2016-02-24,17.086227416992188
2016-02-25,17.26072120666504
2016-02-26,16.784481048583984
2016-02-29,16.83174705505371
2016-03-01,16.748132705688477
2016-03-02,16.83538055419922
2016-03-03,16.937166213989258
2016-03-04,17.12621307373047
2016-03-07,17.220727920532227
2016-03-08,17.391592025756836
2016-03-09,17.47157096862793
2016-03-10,17.48611068725586
2016-03-11,17.504291534423828
2016-03-14,17.526103973388672
2016-03-15,17.558818817138672
2016-03-16,17.827842712402344
2016-03-17,17.925996780395508
2016-03-18,17.811717987060547
2016-03-21,17.79340171813965
2016-03-22,17.734800338745117
2016-03-23,17.866653442382812
2016-03-24,17.914270401000977
2016-03-28,17.84834098815918
2016-03-29,18.112058639526367
2016-03-30,18.068105697631836
2016-03-31,18.17431640625
2016-04-01,18.243913650512695
2016-04-04,18.16699981689453
2016-04-05,17.82636833190918
2016-04-06,17.804393768310547
2016-04-07,17.79706573486328
2016-04-08,17.892297744750977
2016-04-11,17.81537437438965
2016-04-12,17.939912796020508
2016-04-13,17.830028533935547
2016-04-14,17.80805206298828
2016-04-15,17.906949996948242
2016-04-18,17.976537704467773
2016-04-19,18.005836486816406
2016-04-20,17.555326461791992
2016-04-21,17.189058303833008
2016-04-22,17.3428897857666
2016-04-25,17.3758602142334
2016-04-26,17.401491165161133
2016-04-27,17.654218673706055
2016-04-28,17.628582000732422
2016-04-29,17.734800338745117
2016-05-02,17.877643585205078
2016-05-03,17.862995147705078
2016-05-04,18.07176399230957
2016-05-05,18.002178192138672
2016-05-06,17.88496971130371
2016-05-09,17.98752212524414
2016-05-10,18.005836486816406
2016-05-11,18.07176399230957
2016-05-12,18.1779842376709
2016-05-13,18.090078353881836
2016-05-16,18.112058639526367
2016-05-17,17.804393768310547
2016-05-18,17.471078872680664
2016-05-19,17.646896362304688
2016-05-20,17.68718147277832
2016-05-23,17.52968978881836
2016-05-24,17.705501556396484
2016-05-25,17.654218673706055
2016-05-26,17.855669021606445
2016-05-27,17.88496971130371
2016-05-31,18.002178192138672
2016-06-01,18.04979133605957
2016-06-02,18.05711555480957
2016-06-03,18.342815399169922
2016-06-06,18.31717300415039
2016-06-07,18.30251693725586
2016-06-08,18.412397384643555
2016-06-09,18.569896697998047
2016-06-10,18.522275924682617
2016-06-13,18.500307083129883
2016-06-14,18.599197387695312
2016-06-15,18.48198890686035
2016-06-16,18.599197387695312
2016-06-17,18.66640853881836
2016-06-20,18.596242904663086
2016-06-21,18.622087478637695
2016-06-22,18.53346824645996
2016-06-23,18.585168838500977
2016-06-24,18.61470603942871
2016-06-27,18.843650817871094
2016-06-28,18.913814544677734
2016-06-29,18.96550750732422
2016-06-30,19.375391006469727
2016-07-01,19.379087448120117
2016-07-05,19.523103713989258
2016-07-06,19.563716888427734
2016-07-07,19.20184326171875
2016-07-08,19.401243209838867
2016-07-11,19.386470794677734
2016-07-12,19.12059783935547
2016-07-13,19.27199363708496
2016-07-14,19.146448135375977
2016-07-15,19.20184326171875
2016-07-18,19.257230758666992
2016-07-19,19.223995208740234
2016-07-20,19.11321449279785
2016-07-21,19.22768783569336
2016-07-22,19.482481002807617
2016-07-25,19.44924545288086
2016-07-26,19.27938461303711
2016-07-27,19.057830810546875
2016-07-28,19.13167953491211
2016-07-29,19.24614715576172
2016-08-01,19.257230758666992
2016-08-02,19.13167953491211
2016-08-03,19.017202377319336
2016-08-04,19.00613021850586
2016-08-05,18.732877731323242
2016-08-08,18.725488662719727
2016-08-09,18.721790313720703
2016-08-10,18.725488662719727
2016-08-11,18.769798278808594
2016-08-12,18.7956485748291
2016-08-15,18.507619857788086
2016-08-16,18.289751052856445
2016-08-17,18.56300926208496
2016-08-18,18.791954040527344
2016-08-19,18.56300926208496
2016-08-22,18.61100959777832
2016-08-23,18.529775619506836
2016-08-24,18.522388458251953
2016-08-25,18.53346824645996
2016-08-26,18.149425506591797
2016-08-29,18.29714012145996
2016-08-30,18.10511589050293
2016-08-31,18.178966522216797
2016-09-01,18.086650848388672
2016-09-02,18.32667350769043
2016-09-06,18.526077270507812
2016-09-07,18.529775619506836
2016-09-08,18.59255027770996
2016-09-09,17.894634246826172
2016-09-12,18.212207794189453
2016-09-13,17.961103439331055
2016-09-14,18.031269073486328
2016-09-15,18.167898178100586
2016-09-16,18.345163345336914
2016-09-19,18.527647018432617
2016-09-20,18.494129180908203
2016-09-21,18.870271682739258
2016-09-22,18.985719680786133
2016-09-23,18.970821380615234
2016-09-26,18.922405242919922
2016-09-27,18.676618576049805
2016-09-28,18.650543212890625
2016-09-29,18.371231079101562
2016-09-30,18.244613647460938
2016-10-03,17.987646102905273
2016-10-04,17.61150550842285
2016-10-05,17.57426643371582
2016-10-06,17.570539474487305
2016-10-07,17.548192977905273
2016-10-10,17.693435668945312
2016-10-11,17.49233055114746
2016-10-12,17.663646697998047
2016-10-13,17.88336753845215
2016-10-14,17.782819747924805
2016-10-17,17.879642486572266
2016-10-18,18.032333374023438
2016-10-19,17.99136734008789
2016-10-20,17.980199813842773
2016-10-21,17.875919342041016
2016-10-24,17.94295310974121
2016-10-25,18.05467987060547
2016-10-26,18.099369049072266
2016-10-27,17.99136734008789
2016-10-28,18.047231674194336
2016-10-31,18.40847396850586
2016-11-01,18.073299407958984
2016-11-02,17.84612464904785
2016-11-03,17.91316032409668
2016-11-04,17.857297897338867
2016-11-07,18.170122146606445
2016-11-08,18.311647415161133
2016-11-09,17.637577056884766
2016-11-10,17.213024139404297
2016-11-11,17.142269134521484
2016-11-14,17.131092071533203
2016-11-15,17.40668487548828
2016-11-16,17.28750228881836
2016-11-17,17.29123306274414
2016-11-18,17.23908805847168
2016-11-21,17.421571731567383
2016-11-22,17.488609313964844
2016-11-23,17.31357765197754
2016-11-25,17.563091278076172
2016-11-28,17.901988983154297
2016-11-29,17.976476669311523
2016-11-30,17.410398483276367
2016-12-01,17.27260971069336
2016-12-02,17.429025650024414
2016-12-05,17.45136260986328
2016-12-06,17.417850494384766
2016-12-07,17.645017623901367
2016-12-08,17.67481231689453
2016-12-09,17.86102294921875
2016-12-12,18.047231674194336
2016-12-13,18.233440399169922
2016-12-14,17.857297897338867
2016-12-15,17.983922958374023
2016-12-16,18.203134536743164
2016-12-19,18.270824432373047
2016-12-20,18.29339027404785
2016-12-21,18.21817970275879
2016-12-22,18.282106399536133
2016-12-23,18.278345108032227
2016-12-27,18.29339027404785
2016-12-28,18.120410919189453
2016-12-29,18.364830017089844
2016-12-30,18.2633056640625
2017-01-03,18.21817970275879
2017-01-04,18.285865783691406
2017-01-05,18.304658889770508
2017-01-06,18.361068725585938
2017-01-09,18.120410919189453
2017-01-10,18.064010620117188
2017-01-11,18.25201988220215
2017-01-12,18.267059326171875
2017-01-13,18.24073600769043
2017-01-17,18.440034866333008
2017-01-18,18.417470932006836
2017-01-19,18.25578498840332
2017-01-20,18.289621353149414
2017-01-23,18.195621490478516
2017-01-24,18.19186019897461
2017-01-25,18.19186019897461
2017-01-26,18.199377059936523
2017-01-27,18.195621490478516
2017-01-30,18.210657119750977
2017-01-31,18.49267578125
2017-02-01,18.173057556152344
2017-02-02,18.364830017089844
2017-02-03,18.387388229370117
2017-02-06,18.349782943725586
2017-02-07,18.394906997680664
2017-02-08,18.575401306152344
2017-02-09,18.417470932006836
2017-02-10,18.534040451049805
2017-02-13,18.62428855895996
2017-02-14,18.488920211791992
2017-02-15,18.443798065185547
2017-02-16,18.62804412841797
2017-02-17,18.63932228088379
2017-02-21,18.834857940673828
2017-02-22,18.913822174072266
2017-02-23,19.109355926513672
2017-02-24,19.398883819580078
2017-02-27,19.289836883544922
2017-02-28,19.466567993164062
2017-03-01,19.293598175048828
2017-03-02,19.432723999023438
2017-03-03,19.372562408447266
2017-03-06,19.3349552154541
2017-03-07,19.32368278503418
2017-03-08,19.045425415039062
2017-03-09,19.004064559936523
2017-03-10,19.16199493408203
2017-03-13,19.218393325805664
2017-03-14,19.199594497680664
2017-03-15,19.507930755615234
2017-03-16,19.293598175048828
2017-03-17,19.409912109375
2017-03-20,19.28109359741211
2017-03-21,19.55388832092285
2017-03-22,19.648601531982422
2017-03-23,19.587987899780273
2017-03-24,19.659969329833984
2017-03-27,19.584203720092773
2017-03-28,19.569040298461914
2017-03-29,19.516002655029297
2017-03-30,19.36444854736328
2017-03-31,19.440223693847656
2017-04-03,19.43643569946289
2017-04-04,19.497051239013672
2017-04-05,19.606929779052734
2017-04-06,19.557674407958984
2017-04-07,19.47433090209961
2017-04-10,19.5084285736084
2017-04-11,19.500844955444336
2017-04-12,19.644819259643555
2017-04-13,19.580408096313477
2017-04-17,19.66754913330078
2017-04-18,19.713016510009766
2017-04-19,19.576618194580078
2017-04-20,19.500844955444336
2017-04-21,19.599348068237305
2017-04-24,19.701650619506836
2017-04-25,19.675125122070312
2017-04-26,19.6145076751709
2017-04-27,19.68270492553711
2017-04-28,19.587987899780273
2017-05-01,19.470535278320312
2017-05-02,19.49326515197754
2017-05-03,19.425073623657227
2017-05-04,19.49326515197754
2017-05-05,19.599348068237305
2017-05-08,19.591772079467773
2017-05-09,19.44780158996582
2017-05-10,19.47810935974121
2017-05-11,19.5046329498291
2017-05-12,19.599348068237305
2017-05-15,19.68270492553711
2017-05-16,19.53873062133789
2017-05-17,19.587987899780273
2017-05-18,19.656187057495117
2017-05-19,19.731964111328125
2017-05-22,19.902448654174805
2017-05-23,19.955495834350586
2017-05-24,20.06916046142578
2017-05-25,20.23207664489746
2017-05-26,20.23207664489746
2017-05-30,20.296489715576172
2017-05-31,20.398784637451172
2017-06-01,20.542755126953125
2017-06-02,20.56548309326172
2017-06-05,20.501081466674805
2017-06-06,20.45561981201172
2017-06-07,20.523815155029297
2017-06-08,20.353315353393555
2017-06-09,20.334375381469727
2017-06-12,20.296489715576172
2017-06-13,20.345741271972656
2017-06-14,20.45561981201172
2017-06-15,20.57306480407715
2017-06-16,20.66741180419922
2017-06-19,20.598657608032227
2017-06-20,20.61012077331543
2017-06-21,20.48789405822754
2017-06-22,20.392404556274414
2017-06-23,20.32365608215332
2017-06-26,20.461156845092773
2017-06-27,20.23198890686035
2017-06-28,20.037189483642578
2017-06-29,19.876768112182617
2017-06-30,19.846214294433594
2017-07-03,19.754549026489258
2017-07-05,19.659055709838867
2017-07-06,19.651418685913086
2017-07-07,19.666696548461914
2017-07-10,19.651418685913086
2017-07-11,19.639965057373047
2017-07-12,19.80801773071289
2017-07-13,19.739269256591797
2017-07-14,19.830936431884766
2017-07-17,19.922607421875
2017-07-18,19.979900360107422
2017-07-19,20.06392478942871
2017-07-20,20.20906639099121
2017-07-21,20.35421371459961
2017-07-24,20.163232803344727
2017-07-25,20.048654556274414
2017-07-26,20.239627838134766
2017-07-27,20.289278030395508
2017-07-28,20.25872039794922
2017-07-31,20.327470779418945
2017-08-01,20.44205665588379
2017-08-02,20.529903411865234
2017-08-03,20.633039474487305
2017-08-04,20.541364669799805
2017-08-07,20.60629653930664
2017-08-08,20.690322875976562
2017-08-09,20.5833797454834
2017-08-10,20.64830780029297
2017-08-11,20.526090621948242
2017-08-14,20.64449691772461
2017-08-15,20.759078979492188
2017-08-16,20.843109130859375
2017-08-17,20.694149017333984
2017-08-18,20.81637191772461
2017-08-21,20.892763137817383
2017-08-22,20.9385929107666
2017-08-23,21.007349014282227
2017-08-24,20.9920711517334
2017-08-25,21.06082534790039
2017-08-28,21.099016189575195
2017-08-29,21.053180694580078
2017-08-30,20.9920711517334
2017-08-31,20.995887756347656
2017-09-01,20.930952072143555
2017-09-05,20.98442840576172
2017-09-06,20.88893699645996
2017-09-07,21.04554557800293
2017-09-08,21.14484977722168
2017-09-11,21.324369430541992
2017-09-12,20.969154357910156
2017-09-13,20.86602783203125
2017-09-14,21.041723251342773
2017-09-15,21.071353912353516
2017-09-18,20.855838775634766
2017-09-19,20.813505172729492
2017-09-20,20.65955352783203
2017-09-21,20.655702590942383
2017-09-22,20.486360549926758
2017-09-25,20.674949645996094
2017-09-26,20.636457443237305
2017-09-27,20.35935401916504
2017-09-28,20.432479858398438
2017-09-29,20.417089462280273
2017-10-02,20.45172882080078
2017-10-03,20.393999099731445
2017-10-04,20.597970962524414
2017-10-05,20.5787353515625
2017-10-06,20.563337326049805
2017-10-09,20.59027671813965
2017-10-10,20.79041290283203
2017-10-11,20.878925323486328
2017-10-12,20.986690521240234
2017-10-13,20.840436935424805
2017-10-16,20.79425621032715
2017-10-17,20.917407989501953
2017-10-18,20.878925323486328
2017-10-19,21.098297119140625
2017-10-20,21.113698959350586
2017-10-23,21.125242233276367
2017-10-24,21.14448356628418
2017-10-25,21.05211639404297
2017-10-26,21.05596160888672
2017-10-27,21.186817169189453
2017-10-30,21.1906681060791
2017-10-31,21.213756561279297
2017-11-01,21.094451904296875
2017-11-02,21.171422958374023
2017-11-03,21.248395919799805
2017-11-06,21.167573928833008
2017-11-07,21.42158317565918
2017-11-08,21.43697738647461
2017-11-09,21.463916778564453
2017-11-10,21.363853454589844
2017-11-13,21.61786651611328
2017-11-14,21.88726806640625
2017-11-15,21.698692321777344
2017-11-16,21.629411697387695
2017-11-17,21.479318618774414
2017-11-20,21.413883209228516
2017-11-21,21.47161293029785
2017-11-22,21.47161293029785
2017-11-24,21.506256103515625
2017-11-27,21.598623275756836
2017-11-28,21.698692321777344
2017-11-29,21.710233688354492
2017-11-30,21.78335952758789
2017-12-01,21.710233688354492
2017-12-04,21.587078094482422
2017-12-05,21.313819885253906
2017-12-06,21.394643783569336
2017-12-07,21.433130264282227
2017-12-08,21.502405166625977
2017-12-11,21.63326072692871
2017-12-12,21.263784408569336
2017-12-13,21.321516036987305
2017-12-14,21.29458236694336
2017-12-15,21.372661590576172
2017-12-18,21.135704040527344
2017-12-19,20.751134872436523
2017-12-20,20.58798599243164
2017-12-21,20.343263626098633
2017-12-22,20.374340057373047
2017-12-26,20.2539119720459
2017-12-27,20.339372634887695
2017-12-28,20.4520263671875
2017-12-29,20.46367835998535
2018-01-02,20.273334503173828
2018-01-03,20.114070892333984
2018-01-04,19.947036743164062
2018-01-05,19.939271926879883
2018-01-08,20.125722885131836
2018-01-09,19.927614212036133
2018-01-10,19.710079193115234
2018-01-11,19.63627815246582
2018-01-12,19.523622512817383
2018-01-16,19.480897903442383
2018-01-17,19.601314544677734
2018-01-18,19.477012634277344
2018-01-19,19.418746948242188
2018-01-22,19.44593620300293
2018-01-23,19.63239288330078
2018-01-24,19.5119686126709
2018-01-25,19.814964294433594
2018-01-26,19.826622009277344
2018-01-29,19.57412338256836
2018-01-30,19.609085083007812
2018-01-31,19.826622009277344
2018-02-01,19.515851974487305
2018-02-02,19.376014709472656
2018-02-05,19.057479858398438
2018-02-06,18.773908615112305
2018-02-07,18.6845645904541
2018-02-08,18.47480010986328
2018-02-09,18.86325454711914
2018-02-12,19.00698471069336
2018-02-13,19.092439651489258
2018-02-14,18.878795623779297
2018-02-15,19.298324584960938
2018-02-16,19.46923828125
2018-02-20,19.216751098632812
2018-02-21,18.964248657226562
2018-02-22,19.061363220214844
2018-02-23,19.558584213256836
2018-02-26,19.500320434570312
2018-02-27,19.189556121826172
2018-02-28,19.057479858398438
2018-03-01,19.061363220214844
2018-03-02,19.0108642578125
2018-03-05,19.399320602416992
2018-03-06,19.139055252075195
2018-03-07,18.995325088500977
2018-03-08,19.13517189025879
2018-03-09,19.189556121826172
2018-03-12,19.271133422851562
2018-03-13,19.313859939575195
2018-03-14,19.5119686126709
2018-03-15,19.500320434570312
2018-03-16,19.671388626098633
2018-03-19,19.550033569335938
2018-03-20,19.459991455078125
2018-03-21,19.393449783325195
2018-03-22,19.479572296142578
2018-03-23,19.205537796020508
2018-03-26,19.40519142150879
2018-03-27,19.683135986328125
2018-03-28,19.67530059814453
2018-03-29,19.781003952026367
2018-04-02,19.628332138061523
2018-04-03,19.694875717163086
2018-04-04,19.737939834594727
2018-04-05,19.894527435302734
2018-04-06,19.737939834594727
2018-04-09,19.777090072631836
2018-04-10,19.624418258666992
2018-04-11,19.597013473510742
2018-04-12,19.33864402770996
2018-04-13,19.491313934326172
2018-04-16,19.757518768310547
2018-04-17,19.95716094970703
2018-04-18,19.882781982421875
2018-04-19,19.87103843688965
2018-04-20,19.690963745117188
2018-04-23,19.702713012695312
2018-04-24,19.8358097076416
2018-04-25,19.8397216796875
2018-04-26,20.039369583129883
2018-04-27,20.242935180664062
2018-04-30,20.184221267700195
2018-05-01,20.121580123901367
2018-05-02,20.102006912231445
2018-05-03,20.074607849121094
2018-05-04,20.164642333984375
2018-05-07,20.05894660949707
2018-05-08,19.5578670501709
2018-05-09,19.42085075378418
2018-05-10,19.694875717163086
2018-05-11,19.7222843170166
2018-05-14,19.64790153503418
2018-05-15,19.48348617553711
2018-05-16,19.330810546875
2018-05-17,19.174222946166992
2018-05-18,19.178138732910156
2018-05-21,19.276010513305664
2018-05-22,19.346471786499023
2018-05-23,19.52263069152832
2018-05-24,19.683135986328125
2018-05-25,19.769256591796875
2018-05-29,19.769256591796875
2018-05-30,19.929763793945312
2018-05-31,19.961082458496094
2018-06-01,19.65573501586914
2018-06-04,19.499143600463867
2018-06-05,19.397361755371094
2018-06-06,18.935420989990234
2018-06-07,19.068525314331055
2018-06-08,19.06069564819336
2018-06-11,19.021547317504883
2018-06-12,19.240774154663086
2018-06-13,19.189882278442383
2018-06-14,19.428678512573242
2018-06-15,19.566919326782227
2018-06-18,19.63011932373047
2018-06-19,19.82364845275879
2018-06-20,19.839448928833008
2018-06-21,19.906587600708008
2018-06-22,20.04483413696289
2018-06-25,20.37661361694336
2018-06-26,20.400304794311523
2018-06-27,20.499052047729492
2018-06-28,20.491153717041016
2018-06-29,20.522750854492188
2018-07-02,20.668893814086914
2018-07-03,20.72813606262207
2018-07-05,20.838726043701172
2018-07-06,21.00066566467285
2018-07-09,20.352914810180664
2018-07-10,20.54644775390625
2018-07-11,20.73208999633789
2018-07-12,20.747882843017578
2018-07-13,20.751834869384766
2018-07-16,20.73208999633789
2018-07-17,20.716293334960938
2018-07-18,20.60964584350586
2018-07-19,20.79923439025879
2018-07-20,20.653095245361328
2018-07-23,20.5069522857666
2018-07-24,20.578046798706055
2018-07-25,20.637292861938477
2018-07-26,20.858476638793945
2018-07-27,20.791332244873047
2018-07-30,20.664939880371094
2018-07-31,20.85057830810547
2018-08-01,20.716293334960938
2018-08-02,20.81898307800293
2018-08-03,21.052013397216797
2018-08-06,21.06781578063965
2018-08-07,21.036216735839844
2018-08-08,20.92562484741211
2018-08-09,21.020414352416992
2018-08-10,20.92957305908203
2018-08-13,20.95722198486328
2018-08-14,21.00066566467285
2018-08-15,21.19420051574707
2018-08-16,21.423290252685547
2018-08-17,21.53388023376465
2018-08-20,21.458831787109375
2018-08-21,21.304790496826172
2018-08-22,21.14681053161621
2018-08-23,21.13100814819336
2018-08-24,21.22184944152832
2018-08-27,21.091508865356445
2018-08-28,21.048065185546875
2018-08-29,21.202098846435547
2018-08-30,21.209999084472656
2018-08-31,21.119165420532227
2018-09-04,21.213953018188477
2018-09-05,21.51017951965332
2018-09-06,21.63262367248535
2018-09-07,21.367996215820312
2018-09-10,21.47463035583496
2018-09-11,21.41933822631836
2018-09-12,21.39958953857422
2018-09-13,21.561527252197266
2018-09-14,21.446985244750977
2018-09-17,21.518083572387695
2018-09-18,21.47858238220215
2018-09-19,21.01251220703125
2018-09-20,21.05596351623535
2018-09-21,21.145631790161133
2018-09-24,20.958332061767578
2018-09-25,20.671390533447266
2018-09-26,20.468141555786133
2018-09-27,20.67935562133789
2018-09-28,20.98223876953125
2018-10-01,20.910505294799805
2018-10-02,21.193456649780273
2018-10-03,20.93839454650879
2018-10-04,21.049983978271484
2018-10-05,21.372791290283203
2018-10-08,21.5521183013916
2018-10-09,21.639802932739258
2018-10-10,21.52024269104004
2018-10-11,21.125699996948242
2018-10-12,21.101791381835938
2018-10-15,21.201427459716797
2018-10-16,21.420610427856445
2018-10-17,21.38076400756836
2018-10-18,21.412639617919922
2018-10-19,21.747400283813477
2018-10-22,21.6079158782959
2018-10-23,21.488359451293945
2018-10-24,22.01042366027832
2018-10-25,21.667695999145508
2018-10-26,21.2691707611084
2018-10-29,21.56806182861328
2018-10-30,21.651758193969727
2018-10-31,21.396699905395508
2018-11-01,21.30105972290039
2018-11-02,21.18149757385254
2018-11-05,21.480392456054688
2018-11-06,21.623865127563477
2018-11-07,21.870941162109375
2018-11-08,21.83507537841797
2018-11-09,21.86695098876953
2018-11-12,21.855003356933594
2018-11-13,21.9466609954834
2018-11-14,21.71950912475586
2018-11-15,21.54016876220703
2018-11-16,21.870941162109375
2018-11-19,21.966588973999023
2018-11-20,21.874929428100586
2018-11-21,21.5521183013916
2018-11-23,21.564083099365234
2018-11-26,21.691606521606445
2018-11-27,21.855003356933594
2018-11-28,21.839061737060547
2018-11-29,21.831087112426758
2018-11-30,22.15389633178711
2018-12-03,22.37706756591797
2018-12-04,22.393007278442383
2018-12-06,22.41692352294922
2018-12-07,22.500608444213867
2018-12-10,22.54444122314453
2018-12-11,22.636110305786133
2018-12-12,22.492637634277344
2018-12-13,22.687915802001953
2018-12-14,22.644079208374023
2018-12-17,21.914779663085938
2018-12-18,21.7673282623291
2018-12-19,21.731460571289062
2018-12-20,21.71950912475586
2018-12-21,21.62666130065918
2018-12-24,20.722370147705078
2018-12-26,21.003707885742188
2018-12-27,21.1805477142334
2018-12-28,21.23279571533203
2018-12-31,21.268964767456055
2019-01-02,20.90322494506836
2019-01-03,20.899208068847656
2019-01-04,21.208683013916016
2019-01-07,21.063987731933594
2019-01-08,21.325233459472656
2019-01-09,21.196619033813477
2019-01-10,21.473941802978516
2019-01-11,21.3935546875
2019-01-14,20.911266326904297
2019-01-15,21.16848373413086
2019-01-16,21.244853973388672
2019-01-17,21.333271026611328
2019-01-18,21.35738754272461
2019-01-22,21.39757537841797
2019-01-23,21.61460304260254
2019-01-24,21.72714614868164
2019-01-25,21.429723739624023
2019-01-28,21.329252243041992
2019-01-29,21.389535903930664
2019-01-30,21.5543212890625
2019-01-31,22.00847816467285
2019-02-01,21.9240779876709
2019-02-04,21.960243225097656
2019-02-05,22.00445556640625
2019-02-06,21.99239730834961
2019-02-07,22.281768798828125
2019-02-08,22.37822914123535
2019-02-11,22.37019157409668
2019-02-12,22.422441482543945
2019-02-13,22.358137130737305
2019-02-14,22.32196617126465
2019-02-15,22.390287399291992
2019-02-19,22.52291488647461
2019-02-20,22.623390197753906
2019-02-21,22.788179397583008
2019-02-22,22.92884635925293
2019-02-25,22.780134201049805
2019-02-26,22.752004623413086
2019-02-27,22.780134201049805
2019-02-28,22.91276741027832
2019-03-01,22.961002349853516
2019-03-04,23.001184463500977
2019-03-05,22.973051071166992
2019-03-06,22.973051071166992
2019-03-07,23.049415588378906
2019-03-08,23.129796981811523
2019-03-11,23.294586181640625
2019-03-12,23.45534896850586
2019-03-13,23.479454040527344
2019-03-14,23.475439071655273
2019-03-15,23.560462951660156
2019-03-18,23.471389770507812
2019-03-19,23.20416259765625
2019-03-20,23.264892578125
2019-03-21,23.511878967285156
2019-03-22,23.681934356689453
2019-03-25,23.702173233032227
2019-03-26,23.872230529785156
2019-03-27,23.706228256225586
2019-03-28,23.426855087280273
2019-03-29,23.552370071411133
2019-04-01,23.390413284301758
2019-04-02,23.422800064086914
2019-04-03,23.386363983154297
2019-04-04,23.305383682250977
2019-04-05,23.524023056030273
2019-04-08,23.358022689819336
2019-04-09,23.414710998535156
2019-04-10,23.341827392578125
2019-04-11,23.459239959716797
2019-04-12,23.568565368652344
2019-04-15,23.564512252807617
2019-04-16,23.273000717163086
2019-04-17,23.18391990661621
2019-04-18,23.196069717407227
2019-04-22,23.17582130432129
2019-04-23,23.240604400634766
2019-04-24,23.390413284301758
2019-04-25,23.487585067749023
2019-04-26,23.524023056030273
2019-04-29,23.386363983154297
2019-04-30,23.771005630493164
2019-05-01,23.528074264526367
2019-05-02,23.47543716430664
2019-05-03,23.605003356933594
2019-05-06,23.47543716430664
2019-05-07,23.40256118774414
2019-05-08,23.082698822021484
2019-05-09,23.05435562133789
2019-05-10,23.46734619140625
2019-05-13,23.71837043762207
2019-05-14,23.560462951660156
2019-05-15,23.519975662231445
2019-05-16,23.677888870239258
2019-05-17,23.799352645874023
2019-05-20,23.831741333007812
2019-05-21,23.876277923583984
2019-05-22,24.054426193237305
2019-05-23,24.26092529296875
2019-05-24,24.224483489990234
2019-05-28,23.827695846557617
2019-05-29,23.511878967285156
2019-05-30,23.47543716430664
2019-05-31,23.584760665893555
2019-06-03,23.819597244262695
2019-06-04,23.839839935302734
2019-06-05,24.350000381469727
2019-06-06,24.499807357788086
2019-06-07,24.317607879638672
2019-06-10,24.151607513427734
2019-06-11,24.005842208862305
2019-06-12,24.317607879638672
2019-06-13,24.366193771362305
2019-06-14,24.62127685546875
2019-06-17,24.55244255065918
2019-06-18,24.45122528076172
2019-06-19,24.637470245361328
2019-06-20,24.795379638671875
2019-06-21,24.89128875732422
2019-06-24,24.89944076538086
2019-06-25,24.748441696166992
2019-06-26,24.20972442626953
2019-06-27,24.242368698120117
2019-06-28,24.336240768432617
2019-07-01,24.275020599365234
2019-07-02,24.60560417175293
2019-07-03,24.777008056640625
2019-07-05,24.7647647857666
2019-07-08,24.801498413085938
2019-07-09,24.834150314331055
2019-07-10,24.89128875732422
2019-07-11,24.89944076538086
2019-07-12,24.73619842529297
2019-07-15,24.834150314331055
2019-07-16,24.691307067871094
2019-07-17,24.785173416137695
2019-07-18,25.00147819519043
2019-07-19,24.63825035095215
2019-07-22,24.585193634033203
2019-07-23,24.430105209350586
2019-07-24,24.45051383972168
2019-07-25,24.38929557800293
2019-07-26,24.47907829284668
2019-07-29,24.60560417175293
2019-07-30,24.417865753173828
2019-07-31,24.3035888671875
2019-08-01,24.552547454833984
2019-08-02,24.548463821411133
2019-08-05,24.19747543334961
2019-08-06,24.499486923217773
2019-08-07,24.560701370239258
2019-08-08,24.813735961914062
2019-08-09,24.842309951782227
2019-08-12,24.7933292388916
2019-08-13,24.809659957885742
2019-08-14,24.60560417175293
2019-08-15,24.923933029174805
2019-08-16,25.050451278686523
2019-08-19,25.209619522094727
2019-08-20,25.168813705444336
2019-08-21,25.336137771606445
2019-08-22,25.36061668395996
2019-08-23,25.091266632080078
2019-08-26,25.381027221679688
2019-08-27,25.425926208496094
2019-08-28,25.35654640197754
2019-08-29,25.532033920288086
2019-08-30,25.540197372436523
2019-09-03,25.99321174621582
2019-09-04,26.0176944732666
2019-09-05,25.73609733581543
2019-09-06,25.63406753540039
2019-09-09,25.507553100585938
2019-09-10,25.540197372436523
2019-09-11,25.793231964111328
2019-09-12,25.850370407104492
2019-09-13,25.68712043762207
2019-09-16,25.707529067993164
2019-09-17,25.93199348449707
2019-09-18,26.042184829711914
2019-09-19,26.164621353149414
2019-09-20,26.268264770507812
2019-09-23,26.27237892150879
2019-09-24,26.58083724975586
2019-09-25,26.564382553100586
2019-09-26,26.704219818115234
2019-09-27,26.609622955322266
2019-09-30,26.62607192993164
2019-10-01,26.564382553100586
2019-10-02,26.2106876373291
2019-10-03,26.27237892150879
2019-10-04,26.638410568237305
2019-10-07,26.535598754882812
2019-10-08,26.28882598876953
2019-10-09,26.416324615478516
2019-10-10,26.387537002563477
2019-10-11,26.28882598876953
2019-10-14,26.120201110839844
2019-10-15,26.037952423095703
2019-10-16,26.09552764892578
2019-10-17,26.16133689880371
2019-10-18,26.247697830200195
2019-10-21,26.350522994995117
2019-10-22,26.461563110351562
2019-10-23,26.568498611450195
2019-10-24,26.658981323242188
2019-10-25,26.387537002563477
2019-10-28,26.025606155395508
2019-10-29,26.050289154052734
2019-10-30,26.28059959411621
2019-10-31,26.424549102783203
2019-11-01,26.358747482299805
2019-11-04,26.02149772644043
2019-11-05,25.75417137145996
2019-11-06,25.852874755859375
2019-11-07,25.50328826904297
2019-11-08,25.396352767944336
2019-11-11,25.240074157714844
2019-11-12,25.30176544189453
2019-11-13,25.676027297973633
2019-11-14,25.76650619506836
2019-11-15,25.8487606048584
2019-11-18,25.9022274017334
2019-11-19,25.836421966552734
2019-11-20,25.99271583557129
2019-11-21,25.9022274017334
2019-11-22,25.91045379638672
2019-11-25,25.824085235595703
2019-11-26,25.91045379638672
2019-11-27,25.95569610595703
2019-11-29,25.931018829345703
2019-12-02,25.762393951416016
2019-12-03,25.832305908203125
2019-12-04,26.029727935791016
2019-12-05,26.074968338012695
2019-12-06,25.9968204498291
2019-12-09,25.906341552734375
2019-12-10,25.9022274017334
2019-12-11,25.97214698791504
2019-12-12,25.861099243164062
2019-12-13,26.0626220703125
2019-12-16,26.387537002563477
2019-12-17,26.47390365600586
2019-12-18,26.58083724975586
2019-12-19,26.589061737060547
2019-12-20,26.771848678588867
2019-12-23,26.523160934448242
2019-12-24,26.560461044311523
2019-12-26,26.606056213378906
2019-12-27,26.684804916381836
2019-12-30,26.680662155151367
2019-12-31,26.784286499023438
2020-01-02,26.448549270629883
2020-01-03,26.50243377685547
2020-01-06,26.527297973632812
2020-01-07,26.489994049072266
2020-01-08,26.47756576538086
2020-01-09,26.622634887695312
2020-01-10,26.69309425354004
2020-01-13,26.854751586914062
2020-01-14,26.933502197265625
2020-01-15,27.31068992614746
2020-01-16,27.480628967285156
2020-01-17,27.67129135131836
2020-01-21,27.92413330078125
2020-01-22,28.01116943359375
2020-01-23,28.259862899780273
2020-01-24,28.334474563598633
2020-01-27,28.26401138305664
2020-01-28,28.380069732666016
2020-01-29,28.454679489135742
2020-01-30,28.71994972229004
2020-01-31,28.59145736694336
2020-02-03,28.682649612426758
2020-02-04,28.396648406982422
2020-02-05,28.51270866394043
2020-02-06,28.520986557006836
2020-02-07,28.4298038482666
2020-02-10,28.53757095336914
2020-02-11,28.641199111938477
2020-02-12,28.661922454833984
2020-02-13,28.9810733795166
2020-02-14,29.175886154174805
2020-02-18,29.420440673828125
2020-02-19,29.101280212402344
2020-02-20,29.20490074157715
2020-02-21,29.151018142700195
2020-02-24,28.811132431030273
2020-02-25,28.20598602294922
2020-02-26,27.919986724853516
2020-02-27,26.664085388183594
2020-02-28,25.772930145263672
2020-03-02,27.289960861206055
2020-03-03,26.954225540161133
2020-03-04,28.48369598388672
2020-03-05,28.044328689575195
2020-03-06,27.81636619567871
2020-03-09,26.303476333618164
2020-03-10,26.54802894592285
2020-03-11,25.2133731842041
2020-03-12,22.668407440185547
2020-03-13,23.903581619262695
2020-03-16,21.188684463500977
2020-03-17,23.899438858032227
2020-03-18,22.85907554626465
2020-03-19,21.528564453125
2020-03-20,19.82086753845215
2020-03-23,18.80943489074707
2020-03-24,20.83146095275879
2020-03-25,21.36313247680664
2020-03-26,23.184213638305664
2020-03-27,23.3098087310791
2020-03-30,24.17220115661621
2020-03-31,23.19676971435547
2020-04-01,21.802703857421875
2020-04-02,22.485084533691406
2020-04-03,21.681299209594727
2020-04-06,23.355859756469727
2020-04-07,23.062808990478516
2020-04-08,24.3187255859375
2020-04-09,25.465795516967773
2020-04-13,24.657817840576172
2020-04-14,25.382068634033203
2020-04-15,24.54478645324707
2020-04-16,24.548974990844727
2020-04-17,25.340198516845703
2020-04-20,24.381521224975586
2020-04-21,23.97962188720703
2020-04-22,24.678752899169922
2020-04-23,24.264299392700195
2020-04-24,24.415014266967773
2020-04-27,24.670379638671875
2020-04-28,24.762481689453125
2020-04-29,24.536413192749023
2020-04-30,23.971250534057617
2020-05-01,23.393529891967773
2020-05-04,23.56935691833496
2020-05-05,23.761932373046875
2020-05-06,22.953964233398438
2020-05-07,23.046058654785156
2020-05-08,23.5107479095459
2020-05-11,23.410280227661133
2020-05-12,23.20514678955078
2020-05-13,23.00838279724121
2020-05-14,23.25537872314453
2020-05-15,22.94559097290039
2020-05-18,23.887521743774414
2020-05-19,23.49400520324707
2020-05-20,23.6237735748291
2020-05-21,23.385156631469727
2020-05-22,23.644710540771484
2020-05-26,23.799612045288086
2020-05-27,24.08428382873535
2020-05-28,24.79597282409668
2020-05-29,24.988542556762695
2020-06-01,25.285781860351562
2020-06-02,25.449047088623047
2020-06-03,25.754655838012695
2020-06-04,25.294151306152344
2020-06-05,25.616504669189453
2020-06-08,26.303071975708008
2020-06-09,25.775585174560547
2020-06-10,25.624874114990234
2020-06-11,24.624324798583984
2020-06-12,24.561534881591797
2020-06-15,24.728988647460938
2020-06-16,24.84202003479004
2020-06-17,24.76666831970215
2020-06-18,24.762481689453125
2020-06-19,24.067537307739258
2020-06-22,24.302244186401367
2020-06-23,24.057409286499023
2020-06-24,23.83789825439453
2020-06-25,23.54240608215332
2020-06-26,23.293350219726562
2020-06-29,23.73236846923828
2020-06-30,23.821012496948242
2020-07-01,24.378231048583984
2020-07-02,24.441553115844727
2020-07-06,24.141830444335938
2020-07-07,24.044742584228516
2020-07-08,24.260032653808594
2020-07-09,23.93498992919922
2020-07-10,24.38667106628418
2020-07-13,24.412002563476562
2020-07-14,24.63995361328125
2020-07-15,24.542861938476562
2020-07-16,24.855241775512695
2020-07-17,25.41667938232422
2020-07-20,25.083189010620117
2020-07-21,25.197168350219727
2020-07-22,25.585533142089844
2020-07-23,25.615083694458008
2020-07-24,25.44622802734375
2020-07-27,25.1380672454834
2020-07-28,25.517990112304688
2020-07-29,25.636186599731445
2020-07-30,25.636186599731445
2020-07-31,25.678407669067383
2020-08-03,25.399795532226562
2020-08-04,25.678407669067383
2020-08-05,25.34913444519043
2020-08-06,25.496885299682617
2020-08-07,25.957008361816406
2020-08-10,25.94856834411621
2020-08-11,25.387136459350586
2020-08-12,25.754383087158203
2020-08-13,25.712169647216797
2020-08-14,25.488441467285156
2020-08-17,25.45467185974121
2020-08-18,25.340696334838867
2020-08-19,25.264713287353516
2020-08-20,25.040979385375977
2020-08-21,25.083189010620117
2020-08-24,25.302701950073242
2020-08-25,25.062082290649414
2020-08-26,24.783477783203125
2020-08-27,24.863679885864258
2020-08-28,24.935447692871094
2020-08-31,25.011436462402344
2020-09-01,24.724374771118164
2020-09-02,25.49266242980957
2020-09-03,25.205610275268555
2020-09-04,25.062082290649414
2020-09-08,24.922780990600586
2020-09-09,25.252046585083008
2020-09-10,24.817251205444336
2020-09-11,24.87635040283203
2020-09-14,25.218276977539062
2020-09-15,25.387136459350586
2020-09-16,25.353357315063477
2020-09-17,25.146512985229492
2020-09-18,24.703271865844727
2020-09-21,24.54957389831543
2020-09-22,24.702844619750977
2020-09-23,24.32391357421875
2020-09-24,24.596403121948242
2020-09-25,25.000885009765625
2020-09-28,25.06475067138672
2020-09-29,25.05622673034668
2020-09-30,25.281885147094727
2020-10-01,25.537342071533203
2020-10-02,25.83963966369629
2020-10-05,26.16321563720703
2020-10-06,26.384614944458008
2020-10-07,26.546411514282227
2020-10-08,27.03177833557129
2020-10-09,27.027515411376953
2020-10-12,27.19782829284668
2020-10-13,27.010486602783203
2020-10-14,26.97643280029297
2020-10-15,26.959402084350586
2020-10-16,27.24891471862793
2020-10-19,27.01900291442871
2020-10-20,27.180795669555664
2020-10-21,27.108415603637695
2020-10-22,27.491609573364258
2020-10-23,27.568241119384766
2020-10-26,27.559722900390625
2020-10-27,27.538440704345703
2020-10-28,26.738000869750977
2020-10-29,26.81037712097168
2020-10-30,26.559179306030273
2020-11-02,27.142475128173828
2020-11-03,27.534175872802734
2020-11-04,27.121187210083008
2020-11-05,27.36387062072754
2020-11-06,27.304269790649414
2020-11-09,27.810928344726562
2020-11-10,28.21114158630371
2020-11-11,28.317584991455078
2020-11-12,27.862016677856445
2020-11-13,28.138765335083008
2020-11-16,28.424030303955078
2020-11-17,27.866275787353516
2020-11-18,27.321298599243164
2020-11-19,27.048809051513672
2020-11-20,27.053064346313477
2020-11-23,27.05732536315918
2020-11-24,27.34684181213379
2020-11-25,27.41922378540039
2020-11-27,27.146738052368164
2020-11-30,26.75503158569336
2020-12-01,26.942367553710938
2020-12-02,27.121187210083008
2020-12-03,26.840181350708008
2020-12-04,26.571950912475586
2020-12-07,26.720970153808594
2020-12-08,26.64007568359375
2020-12-09,26.593242645263672
2020-12-10,26.456995010375977
2020-12-11,26.49957275390625
2020-12-14,26.363325119018555
2020-12-15,26.882761001586914
2020-12-16,26.571950912475586
2020-12-17,26.750770568847656
2020-12-18,26.52086067199707
2020-12-21,26.1997013092041
2020-12-22,26.148176193237305
2020-12-23,26.096651077270508
2020-12-24,26.28127670288086
2020-12-28,26.397205352783203
2020-12-29,26.39291000366211
2020-12-30,26.526012420654297
2020-12-31,26.921024322509766
2021-01-04,26.242631912231445
2021-01-05,26.238338470458984
2021-01-06,26.890972137451172
2021-01-07,26.538896560668945
2021-01-08,26.76216697692871
2021-01-11,26.51313018798828
2021-01-12,26.371442794799805
2021-01-13,26.886674880981445
2021-01-14,26.78363037109375
2021-01-15,27.045541763305664
2021-01-19,26.942493438720703
2021-01-20,27.101356506347656
2021-01-21,26.942493438720703
2021-01-22,26.981136322021484
2021-01-25,27.522132873535156
2021-01-26,27.247343063354492
2021-01-27,26.51313018798828
2021-01-28,26.830862045288086
2021-01-29,26.68488121032715
2021-02-01,26.813684463500977
2021-02-02,27.032657623291016
2021-02-03,26.946788787841797
2021-02-04,27.157180786132812
2021-02-05,27.303157806396484
2021-02-08,27.092771530151367
2021-02-09,27.13141441345215
2021-02-10,27.238754272460938
2021-02-11,27.084182739257812
2021-02-12,26.886674880981445
2021-02-16,26.586122512817383
2021-02-17,26.607593536376953
2021-02-18,26.766456604003906
2021-02-19,26.36714744567871
2021-02-22,25.851913452148438
2021-02-23,26.066591262817383
2021-02-24,25.761747360229492
2021-02-25,25.529891967773438
2021-02-26,25.057594299316406
2021-03-01,25.611473083496094
2021-03-02,25.534194946289062
2021-03-03,25.233638763427734
2021-03-04,25.212162017822266
2021-03-05,25.624351501464844
2021-03-08,25.985017776489258
2021-03-09,26.328508377075195
2021-03-10,26.508838653564453
2021-03-11,26.440143585205078
2021-03-12,26.796512603759766
2021-03-15,27.14000129699707
2021-03-16,27.174354553222656
2021-03-17,26.732105255126953
2021-03-18,26.63335418701172
2021-03-19,26.706348419189453
2021-03-22,26.667850494384766
2021-03-23,27.065813064575195
2021-03-24,27.074462890625
2021-03-25,27.36428451538086
2021-03-26,27.455123901367188
2021-03-29,27.749267578125
2021-03-30,27.498380661010742
2021-03-31,27.70168685913086
2021-04-01,27.675731658935547
2021-04-05,27.978530883789062
2021-04-06,28.125600814819336
2021-04-07,28.09099769592285
2021-04-08,28.069364547729492
2021-04-09,28.039091110229492
2021-04-12,28.065046310424805
2021-04-13,28.398122787475586
2021-04-14,28.52356719970703
2021-04-15,28.83934211730957
2021-04-16,29.072927474975586
2021-04-19,28.92585563659668
2021-04-20,29.293535232543945
2021-04-21,29.04697036743164
2021-04-22,28.83934211730957
2021-04-23,28.8004150390625
2021-04-26,28.636030197143555
2021-04-27,28.415422439575195
2021-04-28,28.37649154663086
2021-04-29,28.636030197143555
2021-04-30,28.860973358154297
2021-05-03,28.856643676757812
2021-05-04,28.748502731323242
2021-05-05,28.264026641845703
2021-05-06,28.480304718017578
2021-05-07,28.566822052001953
2021-05-10,28.856643676757812
2021-05-11,28.501941680908203
2021-05-12,27.83578109741211
2021-05-13,28.372169494628906
2021-05-14,28.51059341430664
2021-05-17,28.277002334594727
2021-05-18,28.272674560546875
2021-05-19,28.2250919342041
2021-05-20,28.471662521362305
2021-05-21,28.61873435974121
2021-05-24,28.566822052001953
2021-05-25,28.22076988220215
2021-05-26,28.2250919342041
2021-05-27,28.03476333618164
2021-05-28,28.186166763305664
2021-06-01,28.013137817382812
2021-06-02,28.16020965576172
2021-06-03,28.328908920288086
2021-06-04,28.285654067993164
2021-06-07,28.337560653686523
2021-06-08,28.095319747924805
2021-06-09,28.34621238708496
2021-06-10,28.532217025756836
2021-06-11,28.597105026245117
2021-06-14,28.657665252685547
2021-06-15,28.744176864624023
2021-06-16,28.311607360839844
2021-06-17,28.467329025268555
2021-06-18,27.72764015197754
2021-06-21,28.086841583251953
2021-06-22,27.91683578491211
2021-06-23,27.62040138244629
2021-06-24,27.59424591064453
2021-06-25,27.89067840576172
2021-06-28,28.069408416748047
2021-06-29,27.616043090820312
2021-06-30,27.563730239868164
2021-07-01,27.86452293395996
2021-07-02,27.908117294311523
2021-07-06,28.025815963745117
2021-07-07,28.208900451660156
2021-07-08,28.126079559326172
2021-07-09,28.160953521728516
2021-07-12,28.25249671936035
2021-07-13,28.03889274597168
2021-07-14,28.28301239013672
2021-07-15,28.601240158081055
2021-07-16,28.888954162597656
2021-07-19,28.431228637695312
2021-07-20,28.553287506103516
2021-07-21,28.23941993713379
2021-07-22,28.28301239013672
2021-07-23,28.64483070373535
2021-07-26,28.65355110168457
2021-07-27,29.146156311035156
2021-07-28,28.923828125
2021-07-29,29.002296447753906
2021-07-30,28.758174896240234
2021-08-02,28.980499267578125
2021-08-03,29.146156311035156
2021-08-04,29.102558135986328
2021-08-05,29.420785903930664
2021-08-06,29.403345108032227
2021-08-09,29.394630432128906
2021-08-10,29.42514419555664
2021-08-11,29.699777603149414
2021-08-12,29.730295181274414
2021-08-13,29.939538955688477
2021-08-16,30.122631072998047
2021-08-17,30.14006233215332
2021-08-18,29.98750114440918
2021-08-19,30.109554290771484
2021-08-20,30.484451293945312
2021-08-23,30.092117309570312
2021-08-24,29.89594841003418
2021-08-25,29.95261573791504
2021-08-26,29.878507614135742
2021-08-27,29.86979103088379
2021-08-30,29.913381576538086
2021-08-31,29.878507614135742
2021-09-01,30.270843505859375
2021-09-02,30.545482635498047
2021-09-03,30.29263687133789
2021-09-07,29.891586303710938
2021-09-08,30.427776336669922
2021-09-09,30.262117385864258
2021-09-10,29.83927345275879
2021-09-13,29.786964416503906
2021-09-14,29.686704635620117
2021-09-15,29.647462844848633
2021-09-16,29.398990631103516
2021-09-17,28.945621490478516
2021-09-20,28.892480850219727
2021-09-21,28.813411712646484
2021-09-22,28.79585075378418
2021-09-23,28.64211654663086
2021-09-24,28.611370086669922
2021-09-27,28.27316665649414
2021-09-28,27.917388916015625
2021-09-29,28.28194808959961
2021-09-30,28.057939529418945
2021-10-01,28.057939529418945
2021-10-04,28.444467544555664
2021-10-05,28.37418556213379
2021-10-06,28.813411712646484
2021-10-07,28.659685134887695
2021-10-08,28.448854446411133
2021-10-11,28.062332153320312
2021-10-12,28.251203536987305
2021-10-13,28.58062171936035
2021-10-14,28.932008743286133
2021-10-15,28.848556518554688
2021-10-18,28.571842193603516
2021-10-19,28.932008743286133
2021-10-20,29.38880157470703
2021-10-21,29.38880157470703
2021-10-22,29.538145065307617
2021-10-25,29.410764694213867
2021-10-26,29.568893432617188
2021-10-27,29.371238708496094
2021-10-28,29.564496994018555
2021-10-29,29.38880157470703
2021-11-01,29.494220733642578
2021-11-02,29.520566940307617
2021-11-03,29.410764694213867
2021-11-04,29.248249053955078
2021-11-05,29.52496910095215
2021-11-08,29.085735321044922
2021-11-09,29.235078811645508
2021-11-10,29.472257614135742
2021-11-11,29.29218101501465
2021-11-12,29.27460479736328
2021-11-15,29.66112518310547
2021-11-16,29.520566940307617
2021-11-17,29.546932220458984
2021-11-18,29.39319610595703
2021-11-19,29.560104370117188
2021-11-22,29.740188598632812
2021-11-23,29.770933151245117
2021-11-24,29.78850746154785
2021-11-26,29.322919845581055
2021-11-29,29.75775909423828
2021-11-30,28.888086318969727
2021-12-01,28.940797805786133
2021-12-02,29.309743881225586
2021-12-03,29.60403060913086
2021-12-06,30.056438446044922
2021-12-07,30.280441284179688
2021-12-08,30.249692916870117
2021-12-09,30.210163116455078
2021-12-10,30.372678756713867
2021-12-13,30.746023178100586
2021-12-14,30.56155014038086
2021-12-15,31.062259674072266
2021-12-16,31.220396041870117
2021-12-17,30.750415802001953
2021-12-20,30.779630661010742
2021-12-21,30.735370635986328
2021-12-22,30.86817169189453
2021-12-23,30.863739013671875
2021-12-27,31.014259338378906
2021-12-28,31.29314422607422
2021-12-29,31.461355209350586
2021-12-30,31.576467514038086
2021-12-31,31.687131881713867
2022-01-03,31.372825622558594
2022-01-04,31.275432586669922
2022-01-05,31.257734298706055
2022-01-06,30.934566497802734
2022-01-07,31.169189453125
2022-01-10,30.965559005737305
2022-01-11,30.686670303344727
2022-01-12,30.784061431884766
2022-01-13,30.934566497802734
2022-01-14,30.722084045410156
2022-01-18,30.354652404785156
2022-01-19,30.491893768310547
2022-01-20,30.531728744506836
2022-01-21,30.47417640686035
2022-01-24,30.182018280029297
2022-01-25,29.708345413208008
2022-01-26,29.46487045288086
2022-01-27,29.726049423217773
2022-01-28,30.084627151489258
2022-01-31,30.65567970275879
2022-02-01,30.2484130859375
2022-02-02,30.695526123046875
2022-02-03,30.558292388916016
2022-02-04,30.3148193359375
2022-02-07,30.270545959472656
2022-02-08,30.292686462402344
2022-02-09,30.425487518310547
2022-02-10,29.655223846435547
2022-02-11,29.672927856445312
2022-02-14,29.420595169067383
2022-02-15,29.283367156982422
2022-02-16,29.34977149963379
2022-02-17,29.36747932434082
2022-02-18,29.31435775756836
2022-02-22,29.283367156982422
2022-02-23,28.787565231323242
2022-02-24,29.017757415771484
2022-02-25,29.91640281677246
2022-02-28,30.071338653564453
2022-03-01,29.81015968322754
2022-03-02,30.17316246032715
2022-03-03,30.70438003540039
2022-03-04,31.381675720214844
2022-03-07,31.788951873779297
2022-03-08,31.297561645507812
2022-03-09,31.076229095458984
2022-03-10,31.284286499023438
2022-03-11,31.17804527282715
2022-03-14,31.142629623413086
2022-03-15,31.541044235229492
2022-03-16,31.483495712280273
2022-03-17,31.61629867553711
2022-03-18,31.34626579284668
2022-03-21,31.55571937561035
2022-03-22,31.60028076171875
2022-03-23,31.644847869873047
2022-03-24,31.97015380859375
2022-03-25,32.433624267578125
2022-03-28,32.64306640625
2022-03-29,32.946102142333984
2022-03-30,33.21794128417969
2022-03-31,33.18230056762695
2022-04-01,33.64575958251953
2022-04-04,33.38728332519531
2022-04-05,33.59674835205078
2022-04-06,34.26519775390625
2022-04-07,34.1805305480957
2022-04-08,34.29640197753906
2022-04-11,33.82847595214844
2022-04-12,33.957706451416016
2022-04-13,33.8908576965332
2022-04-14,33.90869140625
2022-04-18,33.72597122192383
2022-04-19,33.944339752197266
2022-04-20,34.22064208984375
2022-04-21,33.65467071533203
2022-04-22,33.08871841430664
2022-04-25,32.8614387512207
2022-04-26,32.53165817260742
2022-04-27,32.37568664550781
2022-04-28,32.73665237426758
2022-04-29,31.756250381469727
2022-05-02,31.43094825744629
2022-05-03,31.551265716552734
2022-05-04,32.255367279052734
2022-05-05,31.92559242248535
2022-05-06,32.17961120605469
2022-05-09,31.938961029052734
2022-05-10,31.551265716552734
2022-05-11,31.778532028198242
2022-05-12,31.45766830444336
2022-05-13,31.832014083862305
2022-05-16,31.930038452148438
2022-05-17,32.25982666015625
2022-05-18,31.947879791259766
2022-05-19,31.881040573120117
2022-05-20,31.97015380859375
2022-05-23,32.35341262817383
2022-05-24,32.99958801269531
2022-05-25,32.9773063659668
2022-05-26,33.07088851928711
2022-05-27,33.58782958984375
2022-05-31,33.124359130859375
2022-06-01,33.07088851928711
2022-06-02,33.293697357177734
2022-06-03,33.13328170776367
2022-06-06,33.28034591674805
2022-06-07,33.48086929321289
2022-06-08,32.825782775878906
2022-06-09,32.03700256347656
2022-06-10,31.791894912719727
2022-06-13,30.330204010009766
2022-06-14,29.563705444335938
2022-06-15,29.75533103942871
2022-06-16,29.180458068847656
2022-06-17,28.90862274169922
2022-06-21,29.458894729614258
2022-06-22,29.768848419189453
2022-06-23,30.4696044921875
2022-06-24,30.99966812133789
2022-06-27,31.2512264251709
2022-06-28,31.134424209594727
2022-06-29,31.156888961791992
2022-06-30,31.502782821655273
2022-07-01,32.27541732788086
2022-07-05,31.17486000061035
2022-07-06,31.498292922973633
2022-07-07,31.466840744018555
2022-07-08,31.363536834716797
2022-07-11,31.561180114746094
2022-07-12,31.408447265625
2022-07-13,31.278173446655273
2022-07-14,31.278173446655273
2022-07-15,31.336578369140625
2022-07-18,30.900846481323242
2022-07-19,31.09849739074707
2022-07-20,30.68522071838379
2022-07-21,30.766082763671875
2022-07-22,31.188337326049805
2022-07-25,31.579151153564453
2022-07-26,31.767810821533203
2022-07-27,31.794767379760742
2022-07-28,32.93574905395508
2022-07-29,33.218753814697266
2022-08-01,33.254676818847656
2022-08-02,33.18730163574219
2022-08-03,33.3939323425293
2022-08-04,33.46581268310547
2022-08-05,33.34452438354492
2022-08-08,33.3939323425293
2022-08-09,33.76677703857422
2022-08-10,33.91501235961914
2022-08-11,33.910526275634766
2022-08-12,34.46303939819336
2022-08-15,34.75053405761719
2022-08-16,34.849365234375
2022-08-17,34.79096603393555
2022-08-18,34.92123031616211
2022-08-19,34.90327072143555
2022-08-22,34.42710494995117
2022-08-23,34.22047424316406
2022-08-24,34.328277587890625
2022-08-25,34.539405822753906
2022-08-26,34.009342193603516
2022-08-29,34.112667083740234
2022-08-30,33.614051818847656
2022-08-31,33.3939323425293
2022-09-01,33.87458801269531
2022-09-02,33.51072692871094
2022-09-06,33.59608459472656
2022-09-07,34.647212982177734
2022-09-08,34.620269775390625
2022-09-09,34.759521484375
2022-09-12,35.09193420410156
2022-09-13,34.15758514404297
2022-09-14,34.43609619140625
2022-09-15,33.57810974121094
2022-09-16,33.452335357666016
2022-09-19,33.90050506591797
2022-09-20,33.40755844116211
2022-09-21,32.95078659057617
2022-09-22,32.83320236206055
2022-09-23,32.453311920166016
2022-09-26,31.670934677124023
2022-09-27,31.13727378845215
2022-09-28,31.471935272216797
2022-09-29,30.210159301757812
2022-09-30,29.626768112182617
2022-10-03,30.495079040527344
2022-10-04,31.141796112060547
2022-10-05,30.449857711791992
2022-10-06,29.445863723754883
2022-10-07,28.835330963134766
2022-10-10,28.88507843017578
2022-10-11,28.78106117248535
2022-10-12,27.822298049926758
2022-10-13,28.51875877380371
2022-10-14,28.10721206665039
2022-10-17,28.69513511657715
2022-10-18,29.21973991394043
2022-10-19,28.83985137939453
2022-10-20,28.111738204956055
2022-10-21,28.631820678710938
2022-10-24,28.871511459350586
2022-10-25,29.45038604736328
2022-10-26,29.43682098388672
2022-10-27,29.671985626220703
2022-10-28,30.486040115356445
2022-10-31,30.201120376586914
2022-11-01,30.318702697753906
2022-11-02,30.02474594116211
2022-11-03,30.15589714050293
2022-11-04,30.34131622314453
2022-11-07,29.762439727783203
2022-11-08,29.970476150512695
2022-11-09,29.735301971435547
2022-11-10,31.13727378845215
2022-11-11,30.789043426513672
2022-11-14,30.42272186279297
2022-11-15,30.757381439208984
2022-11-16,31.033252716064453
2022-11-17,30.490556716918945
2022-11-18,31.13727378845215
2022-11-21,31.277467727661133
2022-11-22,31.544296264648438
2022-11-23,31.897062301635742
2022-11-25,32.08246994018555
2022-11-28,31.752330780029297
2022-11-29,31.51715850830078
2022-11-30,32.304073333740234
2022-12-01,32.276939392089844
2022-12-02,32.1231689453125
2022-12-05,31.942272186279297
2022-12-06,32.14125442504883
2022-12-07,31.992021560668945
2022-12-08,32.20005416870117
2022-12-09,32.03273391723633
2022-12-12,32.765357971191406
2022-12-13,32.864864349365234
2022-12-14,32.82415771484375
2022-12-15,32.426177978515625
2022-12-16,31.874433517456055
2022-12-19,31.7476863861084
2022-12-20,31.756803512573242
2022-12-21,32.199073791503906
2022-12-22,32.003013610839844
2022-12-23,32.331302642822266
2022-12-27,32.53191375732422
2022-12-28,32.221866607666016
2022-12-29,32.45440673828125
2022-12-30,32.14435577392578
2023-01-03,32.14435577392578
2023-01-04,32.43616485595703
2023-01-05,31.734010696411133
2023-01-06,32.3723258972168
2023-01-09,32.591190338134766
2023-01-10,32.60030746459961
2023-01-11,32.86476135253906
2023-01-12,32.6413459777832
2023-01-13,32.522796630859375
2023-01-17,32.477195739746094
2023-01-18,31.697532653808594
2023-01-19,31.37836265563965
2023-01-20,31.565309524536133
2023-01-23,31.574426651000977
2023-01-24,31.734010696411133
2023-01-25,31.305416107177734
2023-01-26,31.4102840423584
2023-01-27,31.4102840423584
2023-01-30,31.268938064575195
2023-01-31,31.501466751098633
2023-02-01,31.556188583374023
2023-02-02,31.624574661254883
2023-02-03,30.963457107543945
2023-02-06,31.22789764404297
2023-02-07,31.214221954345703
2023-02-08,30.68988037109375
2023-02-09,30.270408630371094
2023-02-10,30.87226104736328
2023-02-13,31.059200286865234
2023-02-14,30.926973342895508
2023-02-15,31.127588272094727
2023-02-16,30.890501022338867
2023-02-17,31.223342895507812
2023-02-21,30.639728546142578
2023-02-22,30.52118492126465
2023-02-23,30.361597061157227
2023-02-24,30.370718002319336
2023-02-27,30.165542602539062
2023-02-28,29.636642456054688
2023-03-01,29.148778915405273
2023-03-02,29.700475692749023
2023-03-03,30.206579208374023
2023-03-06,30.352479934692383
2023-03-07,29.855497360229492
2023-03-08,30.08347511291504
2023-03-09,29.841819763183594
2023-03-10,29.372190475463867
2023-03-13,29.82358169555664
2023-03-14,30.215696334838867
2023-03-15,30.626049041748047
2023-03-16,30.831220626831055
2023-03-17,30.534862518310547
2023-03-20,30.773698806762695
2023-03-21,30.153635025024414
2023-03-22,29.561126708984375
2023-03-23,29.25798225402832
2023-03-24,30.172008514404297
2023-03-27,30.20875358581543
2023-03-28,30.291423797607422
2023-03-29,30.732370376586914
2023-03-30,30.865562438964844
2023-03-31,31.090627670288086
2023-04-03,30.879337310791016
2023-04-04,31.035505294799805
2023-04-05,31.83928871154785
2023-04-06,32.064361572265625
2023-04-10,32.000057220458984
2023-04-11,32.02761459350586
2023-04-12,31.995460510253906
2023-04-13,32.000057220458984
2023-04-14,31.641799926757812
2023-04-17,31.816329956054688
2023-04-18,31.650978088378906
2023-04-19,31.894412994384766
2023-04-20,31.88522720336914
2023-04-21,31.977087020874023
2023-04-24,32.137847900390625
2023-04-25,32.10570526123047
2023-04-26,31.352434158325195
2023-04-27,31.729061126708984
2023-04-28,31.683135986328125
2023-05-01,31.73825454711914
2023-05-02,31.352434158325195
2023-05-03,31.265161514282227
2023-05-04,31.50400733947754
2023-05-05,31.70610237121582
2023-05-08,31.609638214111328
2023-05-09,31.56831169128418
2023-05-10,31.857666015625
2023-05-11,31.531566619873047
2023-05-12,31.70610237121582
2023-05-15,31.306503295898438
2023-05-16,30.612939834594727
2023-05-17,30.502714157104492
2023-05-18,30.410852432250977
2023-05-19,30.36491584777832
2023-05-22,30.374101638793945
2023-05-23,30.268461227416992
2023-05-24,30.070959091186523
2023-05-25,29.666767120361328
2023-05-26,29.666767120361328
2023-05-30,29.55193519592285
2023-05-31,29.82293701171875
2023-06-01,29.602460861206055
2023-06-02,29.910200119018555
2023-06-05,30.052583694458008
2023-06-06,30.029619216918945
2023-06-07,30.539453506469727
2023-06-08,30.672657012939453
2023-06-09,30.49352264404297
2023-06-12,30.43840789794922
2023-06-13,30.43381118774414
2023-06-14,30.415441513061523
2023-06-15,30.746143341064453
2023-06-16,30.9114933013916
2023-06-20,30.548969268798828
2023-06-21,30.794355392456055
2023-06-22,30.558225631713867
2023-06-23,30.10910987854004
2023-06-26,30.405433654785156
2023-06-27,30.414695739746094
2023-06-28,29.965576171875
2023-06-29,29.965576171875
2023-06-30,30.29894256591797
2023-07-03,30.525814056396484
2023-07-05,30.873065948486328
2023-07-06,30.498031616210938
2023-07-07,30.275787353515625
2023-07-10,30.146154403686523
2023-07-11,30.52118492126465
2023-07-12,30.96566390991211
2023-07-13,31.072154998779297
2023-07-14,30.951778411865234
2023-07-17,30.59526824951172
2023-07-18,30.3591365814209
2023-07-19,30.669342041015625
2023-07-20,31.229578018188477
2023-07-21,31.69721794128418
2023-07-24,31.613868713378906
2023-07-25,31.669429779052734
2023-07-26,31.669429779052734
2023-07-27,31.109195709228516
2023-07-28,31.039745330810547
2023-07-31,31.053640365600586
2023-08-01,30.673974990844727
2023-08-02,30.673974990844727
2023-08-03,29.97484016418457
2023-08-04,29.627586364746094
2023-08-07,29.622955322265625
2023-08-08,29.761856079101562
2023-08-09,29.826675415039062
2023-08-10,29.734079360961914
2023-08-11,29.896127700805664
2023-08-14,29.659996032714844
2023-08-15,29.1784725189209
2023-08-16,29.30811309814453
2023-08-17,29.2432918548584
2023-08-18,29.396085739135742
2023-08-21,29.21088218688965
2023-08-22,29.29422378540039
2023-08-23,29.40997314453125
2023-08-24,29.238666534423828
2023-08-25,29.460906982421875
2023-08-28,29.45627212524414
2023-08-29,29.56739616394043
2023-08-30,29.43312644958496
2023-08-31,29.150693893432617
2023-09-01,29.002534866333008
2023-09-05,28.558048248291016
2023-09-06,28.62287139892578
2023-09-07,28.997900009155273
2023-09-08,29.25255584716797
2023-09-11,29.372936248779297
2023-09-12,29.40997314453125
2023-09-13,29.761856079101562
2023-09-14,30.19708251953125
2023-09-15,30.06744384765625
2023-09-18,30.04503631591797
2023-09-19,29.881669998168945
2023-09-20,29.90967559814453
2023-09-21,29.596948623657227
2023-09-22,29.540939331054688
2023-09-25,29.498931884765625
2023-09-26,28.616762161254883
2023-09-27,28.06599235534668
2023-09-28,27.459211349487305
2023-09-29,27.50588607788086
2023-10-02,26.22697639465332
2023-10-03,26.530366897583008
2023-10-04,26.50235939025879
2023-10-05,26.34833335876465
2023-10-06,26.72174072265625
2023-10-09,26.9877872467041
2023-10-10,27.356523513793945
2023-10-11,27.799943923950195
2023-10-12,27.370525360107422
2023-10-13,27.6785888671875
2023-10-16,27.963306427001953
2023-10-17,27.88862419128418
2023-10-18,27.64591407775879
2023-10-19,27.370525360107422
2023-10-20,27.085803985595703
2023-10-23,26.857097625732422
2023-10-24,27.54789161682129
2023-10-25,27.701923370361328
2023-10-26,27.93996810913086
2023-10-27,27.41253662109375
2023-10-30,27.622575759887695
2023-10-31,27.86062240600586
2023-11-01,28.178014755249023
2023-11-02,28.705448150634766
2023-11-03,28.87347984313965
2023-11-06,28.798799514770508
2023-11-07,28.58875846862793
2023-11-08,28.37871551513672
2023-11-09,28.00531578063965
2023-11-10,28.15467643737793
2023-11-13,27.81861114501953
2023-11-14,28.929489135742188
2023-11-15,28.840805053710938
2023-11-16,28.994836807250977
2023-11-17,29.07418441772461
2023-11-20,28.985496520996094
2023-11-21,29.04617691040039
2023-11-22,29.186203002929688
2023-11-24,29.260887145996094
2023-11-27,29.30756187438965
2023-11-28,29.40091323852539
2023-11-29,29.16753578186035
2023-11-30,29.29355812072754
2023-12-01,29.652957916259766
2023-12-04,29.536272048950195
2023-12-05,29.326231002807617
2023-12-06,29.718307495117188
2023-12-07,29.652957916259766
2023-12-08,29.596948623657227
2023-12-11,29.78831672668457
2023-12-12,29.66696548461914
2023-12-13,30.78717803955078
2023-12-14,30.385761260986328
2023-12-15,29.858333587646484
2023-12-18,29.790956497192383
2023-12-19,29.9605712890625
2023-12-20,29.352785110473633
2023-12-21,29.404613494873047
2023-12-22,29.503551483154297
2023-12-26,29.682592391967773
2023-12-27,29.663747787475586
2023-12-28,29.875762939453125
2023-12-29,29.83807373046875
2024-01-02,30.27153205871582
2024-01-03,30.384607315063477
2024-01-04,30.290380477905273
2024-01-05,30.403451919555664
2024-01-08,30.624895095825195
2024-01-09,30.375186920166016
2024-01-10,30.3704776763916
2024-01-11,29.663747787475586
2024-01-12,29.833362579345703
2024-01-16,29.508264541625977
2024-01-17,29.079517364501953
2024-01-18,28.768556594848633
2024-01-19,28.730863571166992
2024-01-22,28.584806442260742
2024-01-23,28.636632919311523
2024-01-24,28.245580673217773
2024-01-25,28.754419326782227
2024-01-26,28.839231491088867
2024-01-29,29.022979736328125
2024-01-30,29.01355743408203
2024-01-31,28.952308654785156
2024-02-01,29.503551483154297
2024-02-02,28.97115135192871
2024-02-05,28.368078231811523
2024-02-06,28.471731185913086
2024-02-07,28.490577697753906
2024-02-08,28.287982940673828
2024-02-09,28.39634895324707
2024-02-12,28.726152420043945
2024-02-13,28.250289916992188
2024-02-14,28.4057674407959
2024-02-15,28.88163185119629
2024-02-16,28.84865379333496
2024-02-20,28.82980728149414
2024-02-21,29.211437225341797
2024-02-22,28.985286712646484
2024-02-23,29.192590713500977
2024-02-26,28.617788314819336
2024-02-27,29.15961265563965
2024-02-28,29.24913215637207
2024-02-29,29.25855255126953
2024-03-01,29.079517364501953
2024-03-04,29.569515228271484
2024-03-05,29.48470687866211
2024-03-06,29.76740074157715
2024-03-07,29.9605712890625
2024-03-08,30.035953521728516
2024-03-11,30.186725616455078
2024-03-12,29.89461326599121
2024-03-13,30.09720802307129
2024-03-14,29.856918334960938
2024-03-15,29.899322509765625
2024-03-18,30.037084579467773
2024-03-19,30.303110122680664
2024-03-20,30.341114044189453
2024-03-21,30.293611526489258
2024-03-22,30.336366653442383
2024-03-25,30.478878021240234
2024-03-26,30.13209342956543
2024-03-27,30.972919464111328
2024-03-28,31.186695098876953
2024-04-01,30.99667739868164
2024-04-02,31.048931121826172
2024-04-03,30.9254150390625
2024-04-04,30.863664627075195
2024-04-05,30.953922271728516
2024-04-08,31.15818977355957
2024-04-09,31.329204559326172
2024-04-10,30.792407989501953
2024-04-11,30.73065185546875
2024-04-12,30.497879028320312
2024-04-15,30.217605590820312
2024-04-16,29.818565368652344
2024-04-17,30.440872192382812
2024-04-18,30.61189079284668
2024-04-19,31.082183837890625
2024-04-22,31.367212295532227
2024-04-23,31.514467239379883
2024-04-24,31.704490661621094
2024-04-25,31.789997100830078
2024-04-26,31.443220138549805
2024-04-29,31.870758056640625
2024-04-30,31.704490661621094
2024-05-01,32.07027816772461
2024-05-02,32.241294860839844
2024-05-03,32.49781799316406
2024-05-06,32.66407775878906
2024-05-07,33.03462600708008
2024-05-08,33.38139724731445
2024-05-09,33.88969802856445
2024-05-10,33.856441497802734
2024-05-13,33.856441497802734
2024-05-14,33.94670867919922
2024-05-15,34.45500564575195
2024-05-16,34.33624267578125
2024-05-17,34.36474609375
2024-05-20,34.3077392578125
2024-05-21,34.616519927978516
2024-05-22,34.207977294921875
2024-05-23,33.628421783447266
2024-05-24,33.965702056884766
2024-05-28,33.93245315551758
2024-05-29,33.49541091918945
2024-05-30,33.94670867919922
2024-05-31,34.54525375366211
2024-06-03,34.15097427368164
2024-06-04,34.13671875
2024-06-05,33.94194793701172
2024-06-06,33.59041976928711
2024-06-07,33.22463607788086
2024-06-10,33.65217971801758
2024-06-11,33.44791030883789
2024-06-12,33.22938919067383
2024-06-13,33.30539321899414
2024-06-14,33.22463607788086
2024-06-17,32.858856201171875
2024-06-18,32.873104095458984
2024-06-20,33.15813446044922
2024-06-21,32.96335983276367
2024-06-24,33.39674758911133
2024-06-25,33.080692291259766
2024-06-26,32.94181442260742
2024-06-27,32.99927520751953
2024-06-28,32.63054656982422
2024-07-01,32.40546798706055
2024-07-02,32.57307815551758
2024-07-03,32.7694206237793
2024-07-05,32.82688522338867
2024-07-08,32.86040496826172
2024-07-09,32.956180572509766
2024-07-10,33.26744842529297
2024-07-11,33.875614166259766
2024-07-12,34.124637603759766
2024-07-15,33.296180725097656
2024-07-16,33.554771423339844
2024-07-17,33.57392501831055
2024-07-18,33.545196533203125
2024-07-19,33.58350372314453
2024-07-22,33.86603927612305
2024-07-23,33.65534210205078
2024-07-24,34.03364562988281
2024-07-25,33.75111389160156
2024-07-26,34.0815315246582
2024-07-29,34.234771728515625
2024-07-30,34.41196060180664
2024-07-31,34.85731506347656
2024-08-01,35.48463821411133
2024-08-02,35.5421028137207
2024-08-05,34.60350799560547
2024-08-06,34.895626068115234
2024-08-07,35.09196090698242
2024-08-08,35.130271911621094
2024-08-09,35.24999237060547
2024-08-12,35.3122444152832
2024-08-13,35.518157958984375
2024-08-14,35.49421310424805
2024-08-15,35.48942947387695
2024-08-16,35.647457122802734
2024-08-19,35.882102966308594
2024-08-20,35.80548095703125
2024-08-21,36.05929183959961
2024-08-22,36.01619338989258
2024-08-23,36.11675262451172
2024-08-26,36.35140609741211
2024-08-27,36.06407928466797
2024-08-28,36.06407928466797
2024-08-29,36.26041793823242
2024-08-30,36.53337478637695
2024-09-03,36.4807014465332
2024-09-04,36.791969299316406
2024-09-05,36.700984954833984
2024-09-06,36.35140609741211
2024-09-09,36.72013854980469
2024-09-10,36.89253234863281
2024-09-11,37.00746154785156
2024-09-12,37.088871002197266
2024-09-13,37.610843658447266
2024-09-16,37.89816665649414
2024-09-17,37.86943817138672
2024-09-18,37.58211135864258
2024-09-19,37.3618278503418
2024-09-20,38.34830856323242
2024-09-23,38.72870635986328
2024-09-24,38.45389938354492
2024-09-25,38.65638732910156
2024-09-26,38.39122009277344
2024-09-27,38.772098541259766
2024-09-30,38.94566345214844
2024-10-01,39.259037017822266
2024-10-02,39.278324127197266
2024-10-03,39.26385498046875
2024-10-04,39.2011833190918
2024-10-07,38.29962158203125
2024-10-08,38.318904876708984
2024-10-09,37.99106216430664
2024-10-10,37.87534713745117
2024-10-11,38.20801544189453
2024-10-14,38.69013595581055
2024-10-15,38.86369323730469
2024-10-16,39.63508987426758
2024-10-17,39.28314208984375
2024-10-18,39.509735107421875
2024-10-21,39.35546112060547
2024-10-22,39.21564483642578
2024-10-23,39.59170150756836
2024-10-24,39.33617401123047
2024-10-25,38.7528076171875
2024-10-28,39.05654525756836
2024-10-29,38.22248077392578
2024-10-30,38.1308708190918
2024-10-31,38.526222229003906
2024-11-01,37.66804122924805
2024-11-04,37.21967315673828
2024-11-05,37.7789306640625
2024-11-06,37.3884162902832
2024-11-07,37.455909729003906
2024-11-08,38.17426300048828
2024-11-11,38.28033447265625
2024-11-12,37.84160614013672
2024-11-13,37.77410125732422
2024-11-14,37.64393615722656
2024-11-15,38.20801544189453
2024-11-18,38.54067611694336
2024-11-19,38.78656005859375
2024-11-20,38.805843353271484
2024-11-21,39.480812072753906
2024-11-22,39.268680572509766
2024-11-25,39.34099578857422
2024-11-26,39.96775817871094
2024-11-27,39.96775817871094
2024-11-29,39.98221206665039
2024-12-02,39.12404251098633
2024-12-03,38.78656005859375
2024-12-04,38.78173828125
2024-12-05,38.90226745605469
2024-12-06,38.42015075683594
2024-12-09,37.93803024291992
2024-12-10,37.66321563720703
2024-12-11,37.426979064941406
2024-12-12,37.407691955566406
2024-12-13,37.431800842285156
2024-12-16,37.13288879394531
2024-12-17,36.978607177734375
2024-12-18,36.10597229003906
2024-12-19,36.269893646240234
2024-12-20,36.84843444824219
2024-12-23,36.973854064941406
2024-12-24,37.17802810668945
2024-12-26,37.09052658081055
2024-12-27,36.983577728271484
2024-12-30,36.82801818847656
2024-12-31,36.79399490356445
2025-01-02,37.07593536376953
2025-01-03,37.46969223022461
2025-01-06,37.051631927490234
2025-01-07,36.95927047729492
2025-01-08,36.949546813964844
2025-01-10,36.74052429199219
2025-01-13,36.312740325927734
2025-01-14,36.78913116455078
2025-01-15,37.32872009277344
2025-01-16,38.271785736083984
2025-01-17,38.32524871826172
2025-01-21,38.9134521484375
2025-01-22,38.07246780395508
2025-01-23,38.25233840942383
2025-01-24,38.64122772216797
2025-01-27,37.74677658081055
2025-01-28,37.22663497924805
2025-01-29,37.30440902709961
2025-01-30,38.08219528198242
2025-01-31,37.85858154296875
2025-02-03,38.0627555847168
2025-02-04,37.72732925415039
2025-02-05,38.10649871826172
2025-02-06,38.0627555847168
2025-02-07,37.98497772216797
2025-02-10,38.398170471191406
2025-02-11,38.592613220214844
2025-02-12,38.52456283569336
2025-02-13,38.612056732177734
2025-02-14,38.45164108276367
2025-02-18,38.81136703491211
2025-02-19,39.01553726196289
2025-02-20,39.01067352294922
2025-02-21,39.0203971862793
2025-02-24,38.825950622558594
2025-02-25,38.63150405883789
2025-02-26,38.791927337646484
2025-02-27,37.93149948120117
2025-02-28,38.50997543334961
2025-03-03,38.56344985961914
2025-03-04,37.93635940551758
2025-03-05,37.66899871826172
2025-03-06,36.8863525390625
2025-03-07,37.57177734375
2025-03-10,37.98497772216797
2025-03-11,37.63011169433594
2025-03-12,37.51344299316406
2025-03-13,37.605804443359375
2025-03-14,38.33983612060547
2025-03-17,38.5002555847168
2025-03-18,38.23289108276367
2025-03-19,38.37386703491211
2025-03-20,38.529422760009766
2025-03-21,38.28150177001953
2025-03-24,38.269264221191406
2025-03-25,37.65730667114258
2025-03-26,37.906986236572266
2025-03-27,37.897193908691406
2025-03-28,38.17625045776367
2025-03-31,38.60216522216797
2025-04-01,38.70008087158203
2025-04-02,38.8812141418457
2025-04-03,38.636436462402344
2025-04-04,36.487247467041016
2025-04-07,35.929141998291016
2025-04-08,35.78227233886719
2025-04-09,37.192222595214844
2025-04-10,36.91316604614258
2025-04-11,37.36357116699219
2025-04-14,38.034271240234375
2025-04-15,38.02937698364258
2025-04-16,37.686683654785156
2025-04-17,38.07343673706055
2025-04-21,37.172637939453125
2025-04-22,38.18603515625
2025-04-23,38.34759521484375
2025-04-24,38.406341552734375
2025-04-25,38.288848876953125
2025-04-28,38.52383804321289
2025-04-29,38.822471618652344
2025-04-30,38.62664794921875
2025-05-01,38.7392463684082
2025-05-02,39.04277420043945
2025-05-05,38.944862365722656
2025-05-06,39.419734954833984
2025-05-07,39.5323371887207
2025-05-08,39.2141227722168
2025-05-09,39.28266143798828
2025-05-12,39.04766845703125
2025-05-13,38.99381637573242
2025-05-14,38.822471618652344
2025-05-15,39.64983367919922
2025-05-16,40.23241424560547
2025-05-19,40.40376281738281
2025-05-20,40.52125549316406
2025-05-21,39.782020568847656
2025-05-22,39.2141227722168
2025-05-23,39.684104919433594
2025-05-27,39.98273849487305
2025-05-28,39.42463302612305
2025-05-29,39.698787689208984
2025-05-30,40.105133056640625
2025-06-02,40.23241424560547
2025-06-03,40.34012222290039
2025-06-04,39.63514709472656
2025-06-05,39.57150650024414
2025-06-06,39.74774932861328
2025-06-09,39.4931755065918
2025-06-10,39.5861930847168
2025-06-11,39.61067199707031
2025-06-12,40.09044647216797
2025-06-13,39.860347747802734
2025-06-16,39.664520263671875
2025-06-17,39.33651351928711
2025-06-18,39.43932342529297
2025-06-20,39.547027587890625
2025-06-23,40.04836654663086
2025-06-24,40.22090530395508
2025-06-25,39.68357849121094
2025-06-26,40.01386260986328
2025-06-27,40.09273910522461
2025-06-30,40.25541687011719
2025-07-01,40.3934440612793
2025-07-02,40.04344177246094
2025-07-03,40.34414291381836
2025-07-07,40.42795181274414
2025-07-08,39.99907302856445
2025-07-09,40.37372589111328
2025-07-10,40.704010009765625
2025-07-11,40.64485549926758
2025-07-14,40.807533264160156
2025-07-15,40.4180908203125
2025-07-16,40.437808990478516
2025-07-17,40.60541915893555
2025-07-18,41.285709381103516
2025-07-21,41.41880798339844
2025-07-22,41.92656326293945
2025-07-23,41.61106872558594
2025-07-24,41.55683898925781
2025-07-25,41.665287017822266
2025-07-28,41.22162628173828
2025-07-29,41.69486999511719
2025-07-30,42.005435943603516
2025-07-31,42.232200622558594
2025-08-01,42.29628372192383
2025-08-04,43.04558563232422
2025-08-05,42.58713150024414
2025-08-06,42.207550048828125
2025-08-07,42.66600799560547
2025-08-08,42.48360824584961
2025-08-11,42.35051345825195
2025-08-12,42.53290557861328
2025-08-13,42.62657165527344
2025-08-14,42.33079528808594
2025-08-15,42.207550048828125
2025-08-18,42.02515411376953
2025-08-19,42.4343147277832
2025-08-20,42.47867965698242
2025-08-21,42.18783187866211
2025-08-22,42.41459655761719
2025-08-25,41.93642044067383
2025-08-26,42.03008270263672
2025-08-27,42.03994369506836
2025-08-28,41.719512939453125
2025-08-29,41.56669616699219
2025-09-02,41.42866516113281
2025-09-03,41.32514572143555
2025-09-04,41.275848388671875
2025-09-05,41.14767837524414
2025-09-08,40.728660583496094
2025-09-09,41.00965118408203
2025-09-10,41.7145881652832
2025-09-11,41.93642044067383
2025-09-12,42.14839172363281
2025-09-15,42.24698257446289
2025-09-16,41.477962493896484
2025-09-17,41.581485748291016
2025-09-18,41.61106872558594
2025-09-19,41.877262115478516
2025-09-22,42.28322219848633
2025-09-23,42.5015869140625
2025-09-24,42.804317474365234
2025-09-25,42.39240264892578
2025-09-26,43.08223342895508
2025-09-29,43.20630645751953
2025-09-30,43.2807502746582
2025-10-01,43.697628021240234
2025-10-02,43.618221282958984
2025-10-03,44.12443161010742
2025-10-06,44.55122756958008
2025-10-07,44.75470733642578
2025-10-08,45.06240463256836
2025-10-09,44.94825744628906
2025-10-10,44.76462936401367
2025-10-13,45.1070671081543
2025-10-14,45.50905227661133
2025-10-15,46.10459518432617
2025-10-16,45.60334777832031
2025-10-17,45.44453811645508
2025-10-20,45.429649353027344
2025-10-21,44.968109130859375
2025-10-22,44.863887786865234
2025-10-23,44.82915115356445
2025-10-24,45.35520553588867
2025-10-27,45.479278564453125
2025-10-28,44.72989273071289
2025-10-29,44.715003967285156
2025-10-30,44.52641677856445
2025-10-31,44.218719482421875
2025-11-03,44.24353790283203
2025-11-04,44.0847282409668
2025-11-05,44.09465026855469
2025-11-06,43.901100158691406
2025-11-07,44.51152801513672
2025-11-10,44.49664306640625
2025-11-11,44.521453857421875
2025-11-12,44.62567138671875
2025-11-13,44.010284423828125
2025-11-14,44.04998779296875
2025-11-17,44.4470100402832
2025-11-18,44.27827453613281
2025-11-19,43.906063079833984
2025-11-20,43.682735443115234
2025-11-21,43.74725341796875
2025-11-24,44.24353790283203
2025-11-25,44.074798583984375
2025-11-26,44.6604118347168
2025-11-28,44.978031158447266
